Unnamed: 0,Unemployed total ;  Persons ;  Australia ;.2,Unemployed total ;  Persons ;  > New South Wales ;.2,Unemployed total ;  Persons ;  > Victoria ;.2,Unemployed total ;  Persons ;  > Queensland ;.2,Unemployed total ;  Persons ;  > South Australia ;.2,Unemployed total ;  Persons ;  > Western Australia ;.2,Unemployed total ;  Persons ;  > Tasmania ;.2,Unemployed total ;  Persons ;  > Northern Territory ;.1,Unemployed total ;  Persons ;  > Australian Capital Territory ;.1,Unemployed total ;  > Males ;  Australia ;.2,Unemployed total ;  > Males ;  > New South Wales ;.2,Unemployed total ;  > Males ;  > Victoria ;.2,Unemployed total ;  > Males ;  > Queensland ;.2,Unemployed total ;  > Males ;  > South Australia ;.2,Unemployed total ;  > Males ;  > Western Australia ;.2,Unemployed total ;  > Males ;  > Tasmania ;.2,Unemployed total ;  > Males ;  > Northern Territory ;.1,Unemployed total ;  > Males ;  > Australian Capital Territory ;.1,Unemployed total ;  > Females ;  Australia ;.2,Unemployed total ;  > Females ;  > New South Wales ;.2,Unemployed total ;  > Females ;  > Victoria ;.2,Unemployed total ;  > Females ;  > Queensland ;.2,Unemployed total ;  > Females ;  > South Australia ;.2,Unemployed total ;  > Females ;  > Western Australia ;.2,Unemployed total ;  > Females ;  > Tasmania ;.2,Unemployed total ;  > Females ;  > Northern Territory ;.1,Unemployed total ;  > Females ;  > Australian Capital Territory ;.1,> Unemployed looked for full-time work ;  Persons ;  Australia ;.2,> Unemployed looked for full-time work ;  Persons ;  > New South Wales ;,> Unemployed looked for full-time work ;  Persons ;  > Victoria ;,> Unemployed looked for full-time work ;  Persons ;  > Queensland ;,> Unemployed looked for full-time work ;  Persons ;  > South Australia ;,> Unemployed looked for full-time work ;  Persons ;  > Western Australia ;,> Unemployed looked for full-time work ;  Persons ;  > Tasmania ;,> Unemployed looked for full-time work ;  Persons ;  > Northern Territory ;,> Unemployed looked for full-time work ;  Persons ;  > Australian Capital Territory ;,> Unemployed looked for full-time work ;  > Males ;  Australia ;.2,> Unemployed looked for full-time work ;  > Males ;  > New South Wales ;,> Unemployed looked for full-time work ;  > Males ;  > Victoria ;,> Unemployed looked for full-time work ;  > Males ;  > Queensland ;,> Unemployed looked for full-time work ;  > Males ;  > South Australia ;,> Unemployed looked for full-time work ;  > Males ;  > Western Australia ;,> Unemployed looked for full-time work ;  > Males ;  > Tasmania ;,> Unemployed looked for full-time work ;  > Males ;  > Northern Territory ;,> Unemployed looked for full-time work ;  > Males ;  > Australian Capital Territory ;,> Unemployed looked for full-time work ;  > Females ;  Australia ;.2,> Unemployed looked for full-time work ;  > Females ;  > New South Wales ;,> Unemployed looked for full-time work ;  > Females ;  > Victoria ;,> Unemployed looked for full-time work ;  > Females ;  > Queensland ;,> Unemployed looked for full-time work ;  > Females ;  > South Australia ;,> Unemployed looked for full-time work ;  > Females ;  > Western Australia ;,> Unemployed looked for full-time work ;  > Females ;  > Tasmania ;,> Unemployed looked for full-time work ;  > Females ;  > Northern Territory ;,> Unemployed looked for full-time work ;  > Females ;  > Australian Capital Territory ;,> Unemployed looked for only part-time work ;  Persons ;  Australia ;.2,> Unemployed looked for only part-time work ;  Persons ;  > New South Wales ;,> Unemployed looked for only part-time work ;  Persons ;  > Victoria ;,> Unemployed looked for only part-time work ;  Persons ;  > Queensland ;,> Unemployed looked for only part-time work ;  Persons ;  > South Australia ;,> Unemployed looked for only part-time work ;  Persons ;  > Western Australia ;,> Unemployed looked for only part-time work ;  Persons ;  > Tasmania ;,> Unemployed looked for only part-time work ;  Persons ;  > Northern Territory ;,> Unemployed looked for only part-time work ;  Persons ;  > Australian Capital Territory ;,> Unemployed looked for only part-time work ;  > Males ;  Australia ;.2,> Unemployed looked for only part-time work ;  > Males ;  > New South Wales ;,> Unemployed looked for only part-time work ;  > Males ;  > Victoria ;,> Unemployed looked for only part-time work ;  > Males ;  > Queensland ;,> Unemployed looked for only part-time work ;  > Males ;  > South Australia ;,> Unemployed looked for only part-time work ;  > Males ;  > Western Australia ;,> Unemployed looked for only part-time work ;  > Males ;  > Tasmania ;,> Unemployed looked for only part-time work ;  > Males ;  > Northern Territory ;,> Unemployed looked for only part-time work ;  > Males ;  > Australian Capital Territory ;,> Unemployed looked for only part-time work ;  > Females ;  Australia ;.2,> Unemployed looked for only part-time work ;  > Females ;  > New South Wales ;,> Unemployed looked for only part-time work ;  > Females ;  > Victoria ;,> Unemployed looked for only part-time work ;  > Females ;  > Queensland ;,> Unemployed looked for only part-time work ;  > Females ;  > South Australia ;,> Unemployed looked for only part-time work ;  > Females ;  > Western Australia ;,> Unemployed looked for only part-time work ;  > Females ;  > Tasmania ;,> Unemployed looked for only part-time work ;  > Females ;  > Northern Territory ;,> Unemployed looked for only part-time work ;  > Females ;  > Australian Capital Territory ;,Unemployment rate ;  Persons ;  Australia ;.2,Unemployment rate ;  Persons ;  > New South Wales ;.2,Unemployment rate ;  Persons ;  > Victoria ;.2,Unemployment rate ;  Persons ;  > Queensland ;.2,Unemployment rate ;  Persons ;  > South Australia ;.2,Unemployment rate ;  Persons ;  > Western Australia ;.2,Unemployment rate ;  Persons ;  > Tasmania ;.2,Unemployment rate ;  Persons ;  > Northern Territory ;.1,Unemployment rate ;  Persons ;  > Australian Capital Territory ;.1,Unemployment rate ;  > Males ;  Australia ;.2,Unemployment rate ;  > Males ;  > New South Wales ;.2,Unemployment rate ;  > Males ;  > Victoria ;.2,Unemployment rate ;  > Males ;  > Queensland ;.2,Unemployment rate ;  > Males ;  > South Australia ;.2,Unemployment rate ;  > Males ;  > Western Australia ;.2,Unemployment rate ;  > Males ;  > Tasmania ;.2,Unemployment rate ;  > Males ;  > Northern Territory ;.1,Unemployment rate ;  > Males ;  > Australian Capital Territory ;.1,Unemployment rate ;  > Females ;  Australia ;.2,Unemployment rate ;  > Females ;  > New South Wales ;.2,Unemployment rate ;  > Females ;  > Victoria ;.2,Unemployment rate ;  > Females ;  > Queensland ;.2,Unemployment rate ;  > Females ;  > South Australia ;.2,Unemployment rate ;  > Females ;  > Western Australia ;.2,Unemployment rate ;  > Females ;  > Tasmania ;.2,Unemployment rate ;  > Females ;  > Northern Territory ;.1,Unemployment rate ;  > Females ;  > Australian Capital Territory ;.1,> Unemployment rate looked for full-time work ;  Persons ;  Australia ;.2,> Unemployment rate looked for full-time work ;  Persons ;  > New South Wales ;,> Unemployment rate looked for full-time work ;  Persons ;  > Victoria ;,> Unemployment rate looked for full-time work ;  Persons ;  > Queensland ;,> Unemployment rate looked for full-time work ;  Persons ;  > South Australia ;,> Unemployment rate looked for full-time work ;  Persons ;  > Western Australia ;,> Unemployment rate looked for full-time work ;  Persons ;  > Tasmania ;,> Unemployment rate looked for full-time work ;  Persons ;  > Northern Territory ;,> Unemployment rate looked for full-time work ;  Persons ;  > Australian Capital Territory ;,> Unemployment rate looked for full-time work ;  > Males ;  Australia ;.2,> Unemployment rate looked for full-time work ;  > Males ;  > New South Wales ;,> Unemployment rate looked for full-time work ;  > Males ;  > Victoria ;,> Unemployment rate looked for full-time work ;  > Males ;  > Queensland ;,> Unemployment rate looked for full-time work ;  > Males ;  > South Australia ;,> Unemployment rate looked for full-time work ;  > Males ;  > Western Australia ;,> Unemployment rate looked for full-time work ;  > Males ;  > Tasmania ;,> Unemployment rate looked for full-time work ;  > Males ;  > Northern Territory ;,> Unemployment rate looked for full-time work ;  > Males ;  > Australian Capital Territory ;,> Unemployment rate looked for full-time work ;  > Females ;  Australia ;.2,> Unemployment rate looked for full-time work ;  > Females ;  > New South Wales ;
Unit,000,000,000,000,000,000,000,000,000,000,000,000,000,000,000,000,000,000,000,000,000,000,000,000,000,000,000,000,000,000,000,000,000,000,000,000,000,000,000,000,000,000,000,000,000,000,000,000,000,000,000,000,000,000,000,000,000,000,000,000,000,000,000,000,000,000,000,000,000,000,000,000,000,000,000,000,000,000,000,000,000,Percent,Percent,Percent,Percent,Percent,Percent,Percent,Percent,Percent,Percent,Percent,Percent,Percent,Percent,Percent,Percent,Percent,Percent,Percent,Percent,Percent,Percent,Percent,Percent,Percent,Percent,Percent,Percent,Percent,Percent,Percent,Percent,Percent,Percent,Percent,Percent,Percent,Percent,Percent,Percent,Percent,Percent,Percent,Percent,Percent,Percent,Percent
Series Type,Original,Original,Original,Original,Original,Original,Original,Original,Original,Original,Original,Original,Original,Original,Original,Original,Original,Original,Original,Original,Original,Original,Original,Original,Original,Original,Original,Original,Original,Original,Original,Original,Original,Original,Original,Original,Original,Original,Original,Original,Original,Original,Original,Original,Original,Original,Original,Original,Original,Original,Original,Original,Original,Original,Original,Original,Original,Original,Original,Original,Original,Original,Original,Original,Original,Original,Original,Original,Original,Original,Original,Original,Original,Original,Original,Original,Original,Original,Original,Original,Original,Original,Original,Original,Original,Original,Original,Original,Original,Original,Original,Original,Original,Original,Original,Original,Original,Original,Original,Original,Original,Original,Original,Original,Original,Original,Original,Original,Original,Original,Original,Original,Original,Original,Original,Original,Original,Original,Original,Original,Original,Original,Original,Original,Original,Original,Original,Original
Data Type,STOCK,STOCK,STOCK,STOCK,STOCK,STOCK,STOCK,STOCK,STOCK,STOCK,STOCK,STOCK,STOCK,STOCK,STOCK,STOCK,STOCK,STOCK,STOCK,STOCK,STOCK,STOCK,STOCK,STOCK,STOCK,STOCK,STOCK,STOCK,STOCK,STOCK,STOCK,STOCK,STOCK,STOCK,STOCK,STOCK,STOCK,STOCK,STOCK,STOCK,STOCK,STOCK,STOCK,STOCK,STOCK,STOCK,STOCK,STOCK,STOCK,STOCK,STOCK,STOCK,STOCK,STOCK,STOCK,STOCK,STOCK,STOCK,STOCK,STOCK,STOCK,STOCK,STOCK,STOCK,STOCK,STOCK,STOCK,STOCK,STOCK,STOCK,STOCK,STOCK,STOCK,STOCK,STOCK,STOCK,STOCK,STOCK,STOCK,STOCK,STOCK,PERCENT,PERCENT,PERCENT,PERCENT,PERCENT,PERCENT,PERCENT,PERCENT,PERCENT,PERCENT,PERCENT,PERCENT,PERCENT,PERCENT,PERCENT,PERCENT,PERCENT,PERCENT,PERCENT,PERCENT,PERCENT,PERCENT,PERCENT,PERCENT,PERCENT,PERCENT,PERCENT,PERCENT,PERCENT,PERCENT,PERCENT,PERCENT,PERCENT,PERCENT,PERCENT,PERCENT,PERCENT,PERCENT,PERCENT,PERCENT,PERCENT,PERCENT,PERCENT,PERCENT,PERCENT,PERCENT,PERCENT
Frequency,Month,Month,Month,Month,Month,Month,Month,Month,Month,Month,Month,Month,Month,Month,Month,Month,Month,Month,Month,Month,Month,Month,Month,Month,Month,Month,Month,Month,Month,Month,Month,Month,Month,Month,Month,Month,Month,Month,Month,Month,Month,Month,Month,Month,Month,Month,Month,Month,Month,Month,Month,Month,Month,Month,Month,Month,Month,Month,Month,Month,Month,Month,Month,Month,Month,Month,Month,Month,Month,Month,Month,Month,Month,Month,Month,Month,Month,Month,Month,Month,Month,Month,Month,Month,Month,Month,Month,Month,Month,Month,Month,Month,Month,Month,Month,Month,Month,Month,Month,Month,Month,Month,Month,Month,Month,Month,Month,Month,Month,Month,Month,Month,Month,Month,Month,Month,Month,Month,Month,Month,Month,Month,Month,Month,Month,Month,Month,Month
Collection Month,1,1,1,1,1,1,1,1,1,1,1,1,1,1,1,1,1,1,1,1,1,1,1,1,1,1,1,1,1,1,1,1,1,1,1,1,1,1,1,1,1,1,1,1,1,1,1,1,1,1,1,1,1,1,1,1,1,1,1,1,1,1,1,1,1,1,1,1,1,1,1,1,1,1,1,1,1,1,1,1,1,1,1,1,1,1,1,1,1,1,1,1,1,1,1,1,1,1,1,1,1,1,1,1,1,1,1,1,1,1,1,1,1,1,1,1,1,1,1,1,1,1,1,1,1,1,1,1
Series Start,1978-02-01 00:00:00,1978-02-01 00:00:00,1978-02-01 00:00:00,1978-02-01 00:00:00,1978-02-01 00:00:00,1978-02-01 00:00:00,1978-02-01 00:00:00,1978-02-01 00:00:00,1978-02-01 00:00:00,1978-02-01 00:00:00,1978-02-01 00:00:00,1978-02-01 00:00:00,1978-02-01 00:00:00,1978-02-01 00:00:00,1978-02-01 00:00:00,1978-02-01 00:00:00,1978-02-01 00:00:00,1978-02-01 00:00:00,1978-02-01 00:00:00,1978-02-01 00:00:00,1978-02-01 00:00:00,1978-02-01 00:00:00,1978-02-01 00:00:00,1978-02-01 00:00:00,1978-02-01 00:00:00,1978-02-01 00:00:00,1978-02-01 00:00:00,1978-02-01 00:00:00,1978-02-01 00:00:00,1978-02-01 00:00:00,1978-02-01 00:00:00,1978-02-01 00:00:00,1978-02-01 00:00:00,1978-02-01 00:00:00,1978-02-01 00:00:00,1978-02-01 00:00:00,1978-02-01 00:00:00,1978-02-01 00:00:00,1978-02-01 00:00:00,1978-02-01 00:00:00,1978-02-01 00:00:00,1978-02-01 00:00:00,1978-02-01 00:00:00,1978-02-01 00:00:00,1978-02-01 00:00:00,1978-02-01 00:00:00,1978-02-01 00:00:00,1978-02-01 00:00:00,1978-02-01 00:00:00,1978-02-01 00:00:00,1978-02-01 00:00:00,1978-02-01 00:00:00,1978-02-01 00:00:00,1978-02-01 00:00:00,1978-02-01 00:00:00,1978-02-01 00:00:00,1978-02-01 00:00:00,1978-02-01 00:00:00,1978-02-01 00:00:00,1978-02-01 00:00:00,1978-02-01 00:00:00,1978-02-01 00:00:00,1978-02-01 00:00:00,1978-02-01 00:00:00,1978-02-01 00:00:00,1978-02-01 00:00:00,1978-02-01 00:00:00,1978-02-01 00:00:00,1978-02-01 00:00:00,1978-02-01 00:00:00,1978-02-01 00:00:00,1978-02-01 00:00:00,1978-02-01 00:00:00,1978-02-01 00:00:00,1978-02-01 00:00:00,1978-02-01 00:00:00,1978-02-01 00:00:00,1978-02-01 00:00:00,1978-02-01 00:00:00,1978-02-01 00:00:00,1978-02-01 00:00:00,1978-02-01 00:00:00,1978-02-01 00:00:00,1978-02-01 00:00:00,1978-02-01 00:00:00,1978-02-01 00:00:00,1978-02-01 00:00:00,1978-02-01 00:00:00,1978-02-01 00:00:00,1978-02-01 00:00:00,1978-02-01 00:00:00,1978-02-01 00:00:00,1978-02-01 00:00:00,1978-02-01 00:00:00,1978-02-01 00:00:00,1978-02-01 00:00:00,1978-02-01 00:00:00,1978-02-01 00:00:00,1978-02-01 00:00:00,1978-02-01 00:00:00,1978-02-01 00:00:00,1978-02-01 00:00:00,1978-02-01 00:00:00,1978-02-01 00:00:00,1978-02-01 00:00:00,1978-02-01 00:00:00,1978-02-01 00:00:00,1978-02-01 00:00:00,1978-02-01 00:00:00,1978-02-01 00:00:00,1978-02-01 00:00:00,1978-02-01 00:00:00,1978-02-01 00:00:00,1978-02-01 00:00:00,1978-02-01 00:00:00,1978-02-01 00:00:00,1978-02-01 00:00:00,1978-02-01 00:00:00,1978-02-01 00:00:00,1978-02-01 00:00:00,1978-02-01 00:00:00,1978-02-01 00:00:00,1978-02-01 00:00:00,1978-02-01 00:00:00,1978-02-01 00:00:00,1978-02-01 00:00:00,1978-02-01 00:00:00,1978-02-01 00:00:00
Series End,2025-08-01 00:00:00,2025-08-01 00:00:00,2025-08-01 00:00:00,2025-08-01 00:00:00,2025-08-01 00:00:00,2025-08-01 00:00:00,2025-08-01 00:00:00,2025-08-01 00:00:00,2025-08-01 00:00:00,2025-08-01 00:00:00,2025-08-01 00:00:00,2025-08-01 00:00:00,2025-08-01 00:00:00,2025-08-01 00:00:00,2025-08-01 00:00:00,2025-08-01 00:00:00,2025-08-01 00:00:00,2025-08-01 00:00:00,2025-08-01 00:00:00,2025-08-01 00:00:00,2025-08-01 00:00:00,2025-08-01 00:00:00,2025-08-01 00:00:00,2025-08-01 00:00:00,2025-08-01 00:00:00,2025-08-01 00:00:00,2025-08-01 00:00:00,2025-08-01 00:00:00,2025-08-01 00:00:00,2025-08-01 00:00:00,2025-08-01 00:00:00,2025-08-01 00:00:00,2025-08-01 00:00:00,2025-08-01 00:00:00,2025-08-01 00:00:00,2025-08-01 00:00:00,2025-08-01 00:00:00,2025-08-01 00:00:00,2025-08-01 00:00:00,2025-08-01 00:00:00,2025-08-01 00:00:00,2025-08-01 00:00:00,2025-08-01 00:00:00,2025-08-01 00:00:00,2025-08-01 00:00:00,2025-08-01 00:00:00,2025-08-01 00:00:00,2025-08-01 00:00:00,2025-08-01 00:00:00,2025-08-01 00:00:00,2025-08-01 00:00:00,2025-08-01 00:00:00,2025-08-01 00:00:00,2025-08-01 00:00:00,2025-08-01 00:00:00,2025-08-01 00:00:00,2025-08-01 00:00:00,2025-08-01 00:00:00,2025-08-01 00:00:00,2025-08-01 00:00:00,2025-08-01 00:00:00,2025-08-01 00:00:00,2025-08-01 00:00:00,2025-08-01 00:00:00,2025-08-01 00:00:00,2025-08-01 00:00:00,2025-08-01 00:00:00,2025-08-01 00:00:00,2025-08-01 00:00:00,2025-08-01 00:00:00,2025-08-01 00:00:00,2025-08-01 00:00:00,2025-08-01 00:00:00,2025-08-01 00:00:00,2025-08-01 00:00:00,2025-08-01 00:00:00,2025-08-01 00:00:00,2025-08-01 00:00:00,2025-08-01 00:00:00,2025-08-01 00:00:00,2025-08-01 00:00:00,2025-08-01 00:00:00,2025-08-01 00:00:00,2025-08-01 00:00:00,2025-08-01 00:00:00,2025-08-01 00:00:00,2025-08-01 00:00:00,2025-08-01 00:00:00,2025-08-01 00:00:00,2025-08-01 00:00:00,2025-08-01 00:00:00,2025-08-01 00:00:00,2025-08-01 00:00:00,2025-08-01 00:00:00,2025-08-01 00:00:00,2025-08-01 00:00:00,2025-08-01 00:00:00,2025-08-01 00:00:00,2025-08-01 00:00:00,2025-08-01 00:00:00,2025-08-01 00:00:00,2025-08-01 00:00:00,2025-08-01 00:00:00,2025-08-01 00:00:00,2025-08-01 00:00:00,2025-08-01 00:00:00,2025-08-01 00:00:00,2025-08-01 00:00:00,2025-08-01 00:00:00,2025-08-01 00:00:00,2025-08-01 00:00:00,2025-08-01 00:00:00,2025-08-01 00:00:00,2025-08-01 00:00:00,2025-08-01 00:00:00,2025-08-01 00:00:00,2025-08-01 00:00:00,2025-08-01 00:00:00,2025-08-01 00:00:00,2025-08-01 00:00:00,2025-08-01 00:00:00,2025-08-01 00:00:00,2025-08-01 00:00:00,2025-08-01 00:00:00,2025-08-01 00:00:00,2025-08-01 00:00:00,2025-08-01 00:00:00,2025-08-01 00:00:00
No. Obs,571,571,571,571,571,571,571,571,571,571,571,571,571,571,571,571,571,571,571,571,571,571,571,571,571,571,571,571,571,571,571,571,571,571,571,571,571,571,571,571,571,571,571,571,571,571,571,571,571,571,571,571,571,571,571,571,571,571,571,571,571,571,571,571,571,571,571,571,571,571,571,571,571,571,571,571,571,571,571,571,571,571,571,571,571,571,571,571,571,571,571,571,571,571,571,571,571,571,571,571,571,571,571,571,571,571,571,571,571,571,571,571,571,571,571,571,571,571,571,571,571,571,571,571,571,571,571,571
Series ID,A84423088J,A84423602L,A84423686J,A84423616A,A84423700T,A84423658X,A84423630W,A84423672V,A84423644K,A84423074V,A84423490F,A84423574R,A84423504J,A84423588C,A84423546F,A84423518W,A84423560A,A84423532T,A84423102T,A84423714F,A84423798A,A84423728V,A84423812K,A84423770X,A84423742R,A84423784L,A84423756C,A84423086C,A84423611R,A84423695K,A84423625C,A84423709L,A84423667A,A84423639T,A84423681W,A84423653L,A84423072R,A84423499A,A84423583T,A84423513K,A84423597F,A84423555J,A84423527X,A84423569W,A84423541V,A84423100L,A84423723J,A84423807T,A84423737W,A84423821L,A84423779V,A84423751T,A84423793R,A84423765F,A84423087F,A84423612T,A84423696L,A84423626F,A84423710W,A84423668C,A84423640A,A84423682X,A84423654R,A84423073T,A84423500X,A84423584V,A84423514L,A84423598J,A84423556K,A84423528A,A84423570F,A84423542W,A84423101R,A84423724K,A84423808V,A84423738X,A84423822R,A84423780C,A84423752V,A84423794T,A84423766J,A84423092X,A84423606W,A84423690X,A84423620T,A84423704A,A84423662R,A84423634F,A84423676C,A84423648V,A84423078C,A84423494R,A84423578X,A84423508T,A84423592V,A84423550W,A84423522L,A84423564K,A84423536A,A84423106A,A84423718R,A84423802F,A84423732K,A84423816V,A84423774J,A84423746X,A84423788W,A84423760V,A84423094C,A84423613V,A84423697R,A84423627J,A84423711X,A84423669F,A84423641C,A84423683A,A84423655T,A84423080R,A84423501A,A84423585W,A84423515R,A84423599K,A84423557L,A84423529C,A84423571J,A84423543X,A84423108F,A84423725L
1978-02-01 00:00:00,482.8168132,174.1026173,114.6719207,79.4430561,45.5511015,42.9644024,13.3124504,4.6906347,8.0806301,256.4224198,93.9197622,59.3131536,45.0171125,22.8059747,21.0521256,7.2203266,2.6732322,4.4207324,226.3943934,80.1828551,55.3587671,34.4259436,22.7451268,21.9122768,6.0921238,2.0174025,3.6598977,401.0256138,146.8314021,94.8530734,66.6939165,37.8267682,33.8816508,11.476128,4.0616157,5.4010591,237.0554411,86.9399968,54.0180364,42.0070197,21.3210406,20.1267394,6.8863111,2.6732322,3.0830649,163.9701727,59.8914053,40.835037,24.6868968,16.5057276,13.7549114,4.5898169,1.3883835,2.3179942,81.7911994,27.2712152,19.8188473,12.7491396,7.7243333,9.0827516,1.8363224,0.629019,2.679571,19.3669787,6.9797654,5.2951172,3.0100928,1.4849341,0.9253862,0.3340155,0,1.3376675,62.4242207,20.2914498,14.5237301,9.7390468,6.2393992,8.1573654,1.5023069,0.629019,1.3419035,7.4641503,7.6086511,6.5763729,8.4414535,7.5845947,7.5927464,7.3911539,10.2089976,7.8482521,6.1880828,6.4182649,5.3347592,7.3450167,6.0014699,5.7535803,6.0430013,8.7658177,7.3812344,9.7387918,9.7203226,8.7610846,10.4889,10.312094,10.958053,10.0478977,13.0576312,8.4976785,7.2901202,7.5245983,6.356689,8.3478821,7.5100728,7.1596479,7.422322,10.4399228,6.1338906,6.0232655,6.2807984,5.1126581,7.1754762,5.9089238,5.7672816,5.9898472,9.6515006,5.4096962,10.4754308,10.560378
1978-03-01 00:00:00,424.8499786,150.9339708,104.4395277,74.5868235,39.5341549,34.654746,11.579321,3.2024922,5.9189425,219.8097414,77.4677265,49.9442944,40.6769286,21.6473249,17.7221909,6.805025,2.1080829,3.4381682,205.0402372,73.4662443,54.4952333,33.9098949,17.88683,16.9325551,4.774296,1.0944093,2.4807743,349.8380238,123.1231495,85.4086118,63.5162692,32.8045667,28.0138873,9.8685627,2.8687172,4.2342594,202.295506,72.2952508,44.6970491,38.0788766,19.7609554,16.3421383,6.501619,1.8806829,2.7389339,147.5425178,50.8278987,40.7115627,25.4373926,13.0436113,11.671749,3.3669437,0.9880343,1.4953255,75.0119548,27.8108213,19.0309159,11.0705543,6.7295882,6.6408587,1.7107583,0.333775,1.6846831,17.5142354,5.1724757,5.2472453,2.598052,1.8863695,1.3800526,0.303406,0.2274,0.6992343,57.4977194,22.6383456,13.7836706,8.4725023,4.8432187,5.2608061,1.4073523,0.106375,0.9854488,6.5711212,6.6752057,5.943664,7.8602934,6.5497659,6.1296789,6.4612018,6.5395138,5.854958,5.3345949,5.3639315,4.507625,6.5946366,5.7106671,4.8985375,5.8057042,6.4467475,5.6694717,8.7438963,8.9935248,8.3947106,10.2111173,7.9664062,8.317619,7.7004311,6.7259416,6.133048,6.3980447,6.4077773,5.6933012,7.9389264,6.5283292,6.0184941,6.443825,7.0094656,5.0305102,5.1769607,5.2795087,4.2519859,6.4921653,5.5086456,4.7688647,5.7301626,6.3502989,4.8886071,9.4561673,9.2061416
1978-04-01 00:00:00,403.3767611,149.2397781,96.8527432,66.3058477,37.2526984,34.1535703,10.2704854,2.4799762,6.8216618,211.9126452,79.9857012,43.2222416,39.5685925,20.310235,17.4509112,6.259846,1.7715481,3.3435696,191.4641159,69.2540769,53.6305016,26.7372552,16.9424634,16.7026591,4.0106394,0.7084281,3.4780922,334.8404497,125.2440417,76.7860141,58.4073361,30.6693888,27.6715967,8.9643256,2.1507063,4.9470404,197.2298473,73.8136125,39.2440943,38.4852457,18.9819738,16.2606612,6.015726,1.6687703,2.7597635,137.6106024,51.4304292,37.5419198,19.9220904,11.687415,11.4109355,2.9485996,0.481936,2.1872769,68.5363114,23.9957364,20.0667291,7.8985116,6.5833096,6.4819736,1.3061598,0.3292699,1.8746214,14.6827979,6.1720887,3.9781473,1.0833468,1.3282612,1.19025,0.24412,0.1027778,0.5838061,53.8535135,17.8236477,16.0885818,6.8151648,5.2550484,5.2917236,1.0620398,0.2264921,1.2908153,6.2465521,6.5909807,5.4979632,7.0347847,6.2199469,6.0357861,5.778443,5.3904446,6.7800058,5.1547306,5.5562305,3.8865477,6.4338631,5.3879404,4.835121,5.3549135,5.8149061,5.6556621,8.1593592,8.3971275,8.2570359,8.1631134,7.6329165,8.1503664,6.592236,4.5583699,8.3818707,6.1290708,6.5054269,5.1236516,7.2993668,6.1458731,5.9404346,5.8401518,5.8055809,5.9091718,5.0559721,5.4048783,3.7287066,6.5404675,5.3253472,4.7538949,5.3133352,6.2081744,4.9506103,8.8086364,9.1915715
1978-05-01 00:00:00,398.4080771,139.4209035,100.2656771,66.668604,39.9384198,33.2661579,10.6189944,2.6185669,5.6107535,210.6596809,73.5629314,45.8550544,39.7349436,23.3071128,16.5440317,6.3148011,1.701646,3.6391599,187.7483962,65.8579721,54.4106227,26.9336604,16.631307,16.7221262,4.3041933,0.9169209,1.9715936,334.1609257,118.5019958,79.0861173,58.2037651,35.5425153,27.3085346,9.4030264,2.2812308,3.8337404,196.4236462,68.3376138,42.3541469,37.7616604,21.9719627,15.4107691,6.2447435,1.701646,2.6411038,137.7372795,50.164382,36.7319704,20.4421047,13.5705526,11.8977655,3.1582829,0.5795848,1.1926366,64.2471514,20.9189077,21.1795598,8.4648389,4.3959045,5.9576233,1.215968,0.3373361,1.7770131,14.2360347,5.2253176,3.5009075,1.9732832,1.3351501,1.1332626,0.0700576,0,0.9980561,50.0111167,15.6935901,17.6786523,6.4915557,3.0607544,4.8243607,1.1459104,0.3373361,0.778957,6.1896587,6.1945852,5.7070603,7.1021456,6.6857276,5.8794179,6.0077134,5.4361343,5.4845868,5.1389683,5.127185,4.1562078,6.4699715,6.1541108,4.6064797,5.4221581,5.2716878,6.0201356,8.0323171,8.0715488,8.3250119,8.2983433,7.6065678,8.0916107,7.1387784,5.7701765,4.7110298,6.1295463,6.1691565,5.2672671,7.325724,7.1441533,5.887719,6.2443058,6.0793028,4.4917588,5.0511857,5.0297435,4.0430138,6.4492096,6.1159658,4.5319326,5.5251983,6.0902211,4.6651131,8.81249,8.922737
1978-06-01 00:00:00,393.4903275,138.9755099,94.6519877,66.5512924,40.6304784,33.7997143,10.9667683,1.690601,6.2239755,216.7385614,79.5559187,45.7325265,40.7959134,24.1175404,16.8620748,6.2191531,1.0157056,2.4397289,176.7517661,59.4195912,48.9194612,25.755379,16.512938,16.9376395,4.7476152,0.6748954,3.7842466,331.1521423,119.5344856,76.7969559,58.1550751,33.6518972,28.2659708,9.5843725,1.4567158,3.7066694,205.5089635,74.9473941,43.2386992,39.650231,22.3262908,16.1427612,6.2191531,1.0157056,1.9687285,125.6431788,44.5870915,33.5582567,18.5048441,11.3256064,12.1232096,3.3652194,0.4410102,1.7379409,62.3381852,19.4410243,17.8550318,8.3962173,6.9785812,5.5337435,1.3823958,0.2338852,2.5173061,11.2295979,4.6085246,2.4938273,1.1456824,1.7912496,0.7193136,0,0,0.4710004,51.1085873,14.8324997,15.3612045,7.2505349,5.1873316,4.8144299,1.3823958,0.2338852,2.0463057,6.1245226,6.1705937,5.4141246,7.1251765,6.7370666,5.9712003,6.2711375,3.7704732,6.1326458,5.2859342,5.5187111,4.1534856,6.6560467,6.3447949,4.7018008,5.325359,3.3129187,4.1665863,7.603718,7.329819,7.5588888,8.0206088,7.4057949,8.1660461,8.1724217,4.7598356,8.8139758,6.1056192,6.2449017,5.1823398,7.3467918,6.7549158,6.0520096,6.4845327,3.8178369,4.3632549,5.292191,5.50222,4.162315,6.7584525,6.2221704,4.7433531,5.5319846,3.5469688,3.5517808,8.1561151,8.0776194
1978-07-01 00:00:00,380.5317353,131.654652,90.0633837,62.3917664,39.5827258,37.1146963,11.3754104,2.0912894,6.2578113,212.3703964,73.1069813,43.4517279,38.4750854,24.5737416,21.4725031,6.8548261,1.1555441,3.2799869,168.1613389,58.5476707,46.6116558,23.916681,15.0089842,15.6421932,4.5205843,0.9357453,2.9778244,327.1449488,116.0188289,73.4201167,55.2531093,35.0731224,31.6928488,10.1018019,2.0912894,3.4938314,203.545987,71.1802967,41.233826,37.5244085,23.4235411,19.9230737,6.685388,1.1555441,2.4199089,123.5989618,44.8385322,32.1862907,17.7287008,11.6495813,11.7697751,3.4164139,0.9357453,1.0739225,53.3867865,15.6358231,16.643267,7.1386571,4.5096034,5.4218475,1.2736085,0,2.7639799,8.8244094,1.9266846,2.2179019,0.9506769,1.1502005,1.5494294,0.1694381,0,0.860078,44.5623771,13.7091385,14.4253651,6.1879802,3.3594029,3.8724181,1.1041704,0,1.9039019,5.9304118,5.8543097,5.1609905,6.6865985,6.603857,6.5990958,6.4264898,4.4244762,6.0452672,5.2022621,5.1192647,3.9563991,6.2976182,6.510529,6.0021658,5.8159091,3.5955809,5.4858541,7.2037898,7.133224,7.2063362,7.4243089,6.7625758,7.6424537,7.6432514,6.185325,6.8101961,6.0359872,6.0597435,4.9646332,6.9802412,7.0909742,6.8506357,6.7512856,5.1015946,4.0143331,5.256181,5.2569809,3.9812575,6.4063258,6.5333725,5.8863322,5.8746501,3.8514352,4.3008623,7.9875213,7.998762
1978-08-01 00:00:00,398.2900137,133.7989626,100.7608097,63.023641,44.1505114,37.7190667,10.9045517,1.7086916,6.223779,222.2031376,73.0799122,51.7042704,37.8727834,28.2678706,21.2194318,6.2191281,0.9753462,2.8643949,176.0868761,60.7190504,49.0565393,25.1508576,15.8826408,16.4996349,4.6854236,0.7333454,3.3593841,334.3577565,110.4233688,81.7139164,55.0311138,39.7534757,32.6192775,9.6119209,1.6042472,3.6004362,207.902587,67.4674367,47.6272036,36.0964868,27.3235751,20.1532533,6.0222453,0.9753462,2.23704,126.4551695,42.9559321,34.0867128,18.934627,12.4299006,12.4660242,3.5896756,0.628901,1.3633962,63.9322572,23.3755938,19.0468933,7.9925272,4.3970357,5.0997892,1.2926308,0.1044444,2.6233428,14.3005506,5.6124755,4.0770668,1.7762966,0.9442955,1.0661785,0.1968828,0,0.6273549,49.6317066,17.7631183,14.9698265,6.2162306,3.4527402,4.0336107,1.095748,0.1044444,1.9959879,6.2197328,5.9809798,5.7927412,6.6722801,7.3896295,6.7725625,6.1696758,3.5488721,6.0256197,5.4553479,5.1508941,4.714247,6.1810112,7.4847283,5.9552028,5.2887193,2.9292612,4.7764465,7.5556693,7.4202068,7.6332868,7.5794103,7.2262186,8.2242468,7.9209899,4.9380889,7.7549091,6.2151824,5.8307646,5.6020365,6.9075146,8.0889331,7.0634869,6.4087336,3.8103649,4.2250806,5.3995732,5.0416766,4.6245582,6.1553475,7.6508385,5.9560146,5.3224515,3.1255168,3.9944673,8.2686046,7.731289
1978-09-01 00:00:00,387.3267831,134.3166972,88.7252559,62.4893187,47.0602421,35.3634633,11.083731,2.5868351,5.7012398,219.2948211,75.1769863,46.5112513,37.4153883,29.2363729,20.1672806,6.8811617,1.6214165,2.2849635,168.031962,59.1397109,42.2140046,25.0739304,17.8238692,15.1961827,4.2025693,0.9654186,3.4162763,326.8975925,112.3353586,72.738408,52.9276787,42.6311432,30.7789747,10.0072448,2.4812795,2.997505,205.66474,70.4663093,42.9886948,35.0880285,28.0894074,19.0597108,6.7423617,1.6214165,1.608811,121.2328525,41.8690493,29.7497132,17.8396502,14.5417358,11.7192639,3.2648831,0.859863,1.388694,60.4291906,21.9813386,15.9868479,9.56164,4.4290989,4.5844886,1.0764862,0.1055556,2.7037348,13.6300811,4.710677,3.5225565,2.3273598,1.1469655,1.1075698,0.1388,0,0.6761525,46.7991095,17.2706616,12.4642914,7.2342802,3.2821334,3.4769188,0.9376862,0.1055556,2.0275823,6.0409937,5.9743106,5.1338227,6.5875213,7.8460417,6.3381558,6.2871181,5.1204127,5.5895846,5.3753096,5.2836313,4.2601473,6.0893772,7.701931,5.6142246,5.8373036,4.7559463,3.8186138,7.205575,7.1648925,6.6324826,7.5034723,8.0944732,7.6467216,7.194927,5.8767923,8.103113,6.0269508,5.8808832,4.953715,6.5813915,8.5527827,6.6136444,6.7190199,5.5264507,3.589052,5.3199441,5.225349,4.1691926,5.9802285,7.841074,5.5977959,5.9438367,4.9629316,2.9406685,7.7812585,7.4549044
1978-10-01 00:00:00,370.3716232,125.8256837,88.3953504,53.3224582,45.6025797,35.5970478,10.7325711,2.9895158,7.9064165,209.1663856,71.8213431,45.5597475,31.7841958,28.2768673,20.2662749,6.2973396,1.7060628,3.4545546,161.2052376,54.0043406,42.8356029,21.5382624,17.3257124,15.3307729,4.4352315,1.283453,4.4518619,307.9630716,101.9816206,73.7590435,45.5594288,40.8751206,29.4793966,9.528602,2.804761,3.9750985,195.042028,65.1449229,43.1089214,29.8116904,27.5409613,18.9682751,6.238191,1.7060628,2.5230031,112.9210436,36.8366977,30.6501221,15.7477384,13.3341593,10.5111215,3.290411,1.0986982,1.4520954,62.4085516,23.8440631,14.6363069,7.7630294,4.7274591,6.1176512,1.2039691,0.1847548,3.931318,14.1243576,6.6764202,2.4508261,1.9725054,0.735906,1.2979998,0.0591486,0,0.9315515,48.284194,17.1676429,12.1854808,5.790524,3.9915531,4.8196514,1.1448205,0.1847548,2.9997665,5.7724211,5.5881005,5.1281565,5.6263267,7.6052605,6.3330537,6.0641856,5.9166759,7.6106858,5.1223718,5.0384806,4.1720636,5.1381886,7.4794089,5.6613125,5.3384639,4.9873639,5.8437506,6.9102648,6.5363509,6.7809376,6.5437258,7.8200134,7.5112155,7.514635,7.8646603,9.9437699,5.6973664,5.3467308,5.0554508,5.6491441,8.3013289,6.3754212,6.3972947,6.3318299,4.7052148,5.0484479,4.8245231,4.2056433,5.0554686,7.7249109,5.5840646,5.5008022,5.1373957,4.5394175,7.3232503,6.6124999
1978-11-01 00:00:00,372.7822643,132.3357944,83.2542342,57.7963128,43.9187957,35.4432956,10.4317448,3.123709,6.4783778,207.5462261,74.4751074,45.0121746,32.475723,25.9489795,19.4921569,5.9428828,1.5197359,2.679466,165.2360382,57.860687,38.2420596,25.3205898,17.9698162,15.9511387,4.488862,1.6039731,3.7989118,311.3026344,109.6077392,68.8281375,49.0260745,38.5064108,29.8528289,9.0626811,2.7499498,3.6688126,192.0392637,67.7848476,41.3447835,30.8051401,24.3338235,18.5597485,5.8200117,1.3509026,2.0400062,119.2633707,41.8228916,27.483354,18.2209344,14.1725873,11.2930804,3.2426694,1.3990472,1.6288064,61.4796299,22.7280552,14.4260967,8.7702383,5.4123849,5.5904667,1.3690637,0.3737592,2.8095652,15.5069624,6.6902598,3.6673911,1.6705829,1.615156,0.9324084,0.1228711,0.1688333,0.6394598,45.9726675,16.0377954,10.7587056,7.0996554,3.7972289,4.6580583,1.2461926,0.2049259,2.1701054,5.8187408,5.8911502,4.8246414,6.1075252,7.3391861,6.3669554,5.8670242,6.0216887,6.2565898,5.098135,5.2234489,4.1389582,5.2626258,6.945077,5.475776,5.0479117,4.441221,4.5366492,7.0748019,7.0513242,5.9932987,7.6912718,7.9942668,7.9475519,7.4722873,9.0848731,8.5402959,5.7750144,5.7691159,4.7266813,6.1094761,7.7996913,6.4682777,6.0571352,6.5738767,4.300469,4.9822834,5.0195805,4.0396001,5.220683,6.8884047,5.4967612,5.1625829,4.3023972,3.6791557,7.7642111,7.6111274
1978-12-01 00:00:00,444.6140912,143.2099329,113.724635,72.46748,46.5312293,42.7061312,12.903563,2.7964364,10.2746834,242.9163832,79.624198,59.3413196,39.8619733,27.8399558,22.1395866,7.3450499,1.3841432,5.3801568,201.697708,63.5857349,54.3833154,32.6055067,18.6912735,20.5665446,5.5585131,1.4122932,4.8945266,376.3655133,120.5121391,93.6110909,63.4196949,41.895363,35.7177536,11.1495747,2.5779364,7.4819607,220.9667888,73.4709884,50.6508594,36.8483983,26.1463748,21.1279832,7.0590135,1.3841432,4.279028,155.3987245,47.0411507,42.9602315,26.5712966,15.7489882,14.5897704,4.0905612,1.1937932,3.2029327,68.2485779,22.6977938,20.1135441,9.0477851,4.6358663,6.9883776,1.7539883,0.2185,2.7927227,21.9495944,6.1532096,8.6904602,3.013575,1.693581,1.0116034,0.2860364,0,1.1011288,46.2989835,16.5445842,11.4230839,6.0342101,2.9422853,5.9767742,1.4679519,0.2185,1.6915939,6.767364,6.2595661,6.4025392,7.4185366,7.5784294,7.4318793,7.0830644,5.3852552,9.6658537,5.8128696,5.4523009,5.3221904,6.2568003,7.2698647,6.0189346,6.1231475,4.0542066,8.7330963,8.4355864,7.6842691,8.224153,9.5970541,8.0898647,9.9450398,8.9337293,7.9401486,10.9516234,6.774818,6.1729216,6.2298432,7.6398885,8.2416965,7.4902692,7.2284746,6.0198526,8.4931582,5.5904791,5.311952,4.8426136,6.0857989,7.2159737,6.0253131,6.1343603,4.3297431,7.3812342,9.6954274,8.2652359
1979-01-01 00:00:00,449.9030488,148.6445635,105.5930907,77.8167137,45.8896369,45.1447268,13.7334733,2.6690754,10.4117685,251.4086818,83.4024786,55.986803,42.0594245,28.5021349,25.3910038,8.2355369,1.4398889,6.3914112,198.494367,65.2420849,49.6062877,35.7572892,17.387502,19.753723,5.4979364,1.2291865,4.0203573,394.2565631,127.3276231,94.977123,68.8500298,40.6732802,38.9021297,12.6817568,2.3490754,8.4955451,236.3898293,77.2170791,53.4727173,40.1608424,26.9099491,23.6289473,7.8768637,1.4398889,5.6835415,157.8667338,50.110544,41.5044057,28.6891874,13.7633311,15.2731824,4.8048931,0.9091865,2.8120036,55.6464857,21.3169404,10.6159677,8.9666839,5.2163567,6.2425971,1.0517165,0.32,1.9162234,15.0188525,6.1853995,2.5140857,1.8985821,1.5921858,1.7620565,0.3586732,0,0.7078697,40.6276332,15.1315409,8.101882,7.0681018,3.6241709,4.4805406,0.6930433,0.32,1.2083537,7.0064912,6.6080717,6.0927193,8.223452,7.6464136,8.0278781,7.6613702,5.611678,10.0989561,6.0792437,5.735432,5.1125156,6.7071044,7.4992751,6.938198,6.8919873,4.4311846,10.4487493,8.6841591,8.2036911,7.7751608,11.2024989,7.9005122,10.0584262,9.1997617,8.1573636,9.5886435,7.1217391,6.5317121,6.3193729,8.3629838,8.0917459,8.1791321,8.111449,5.9112098,9.8786565,6.0035216,5.5858537,5.1270802,6.6994954,7.4698702,6.7711816,6.7969529,4.7450715,9.9188409,9.8763025,8.837722
1979-02-01 00:00:00,458.0850562,150.2999678,110.5339912,76.8084666,49.663477,47.2103364,12.3782177,3.1235877,8.0670118,243.2240516,80.4930454,56.4465653,40.241539,27.8227081,25.0640676,7.0986011,1.5590948,4.4984303,214.8610046,69.8069224,54.0874259,36.5669276,21.8407689,22.1462688,5.2796166,1.5644929,3.5685815,384.9383577,126.0629563,89.2862644,66.7963569,43.3465185,39.8175755,11.0864007,2.8281312,5.7141542,230.6059274,75.7086571,53.2845715,39.0155989,26.5836247,23.8426674,6.7766103,1.5590948,3.8351027,154.3324303,50.3542992,36.0016929,27.780758,16.7628938,15.9749081,4.3097904,1.2690364,1.8790515,73.1466985,24.2370115,21.2477268,10.0121097,6.3169585,7.3927609,1.291817,0.2954565,2.3528576,12.6181242,4.7843883,3.1619938,1.2259401,1.2390834,1.2214002,0.3219908,0,0.6633276,60.5285743,19.4526232,18.085733,8.7861696,5.0778751,6.1713607,0.9698262,0.2954565,1.68953,7.0379573,6.6167999,6.2563373,8.0383268,8.1653344,8.1812607,6.8279511,6.5247656,8.0213265,5.8593892,5.521053,5.1136871,6.4408784,7.2764542,6.8073949,5.9085767,4.6349203,7.480629,9.1129109,8.5804158,8.158974,11.0559395,9.6701698,10.6031136,8.6343284,10.9906294,8.8254414,6.9555287,6.4635477,5.9494087,8.1839236,8.6095523,8.2434128,7.1000328,7.0017901,6.808057,5.8322641,5.4413059,5.0904999,6.5567319,7.3208803,6.7428536,5.8510371,5.0499092,6.6818467,9.7659611,9.0079473
1979-03-01 00:00:00,428.382213,145.1510868,98.7827092,72.9957131,48.2080217,41.4839747,11.8661566,1.6151851,8.2793658,224.1812965,78.3039374,48.5889962,37.2848151,26.1277758,20.6677294,6.4251148,1.166797,5.6161308,204.2009165,66.8471494,50.193713,35.710898,22.0802459,20.8162453,5.4410418,0.4483881,2.663235,356.0560663,120.9819662,80.4542022,62.0259637,40.9460726,34.6653241,9.9543713,1.3746301,5.6535361,207.4216003,73.160617,44.1402375,34.8030281,23.8542574,19.9726297,6.1623627,1.0375029,4.290965,148.634466,47.8213492,36.3139647,27.2229356,17.0918152,14.6926944,3.7920086,0.3371272,1.3625711,72.3261467,24.1691206,18.328507,10.9697494,7.2619491,6.8186506,1.9117853,0.240555,2.6258297,16.7596962,5.1433204,4.4487587,2.481787,2.2735184,0.6950997,0.2627521,0.1292941,1.3251658,55.5664505,19.0258002,13.8797483,8.4879624,4.9884307,6.1235509,1.6490332,0.1112609,1.3006639,6.56569,6.383718,5.593713,7.5770526,7.9109971,7.2020963,6.3599541,3.2924216,8.2433789,5.4105294,5.3893818,4.4155097,5.9494349,6.8893226,5.595857,5.3247848,3.4683345,9.2845432,8.5757946,8.1437441,7.5417677,10.606662,9.5947022,10.0727616,8.255031,2.9085433,6.6668347,6.4688212,6.2617322,5.3824694,7.5388283,8.1931721,7.2957855,6.3705147,3.3404955,6.8696838,5.2823392,5.3161024,4.2361249,5.8169199,6.6879526,5.6861049,5.3374238,3.4126683,7.6075695,9.4222248,8.6028681
1979-04-01 00:00:00,420.5706013,147.5453047,100.8138622,68.6390538,41.2696149,42.2351622,9.7028985,2.6075452,7.7571598,219.0635054,80.4696035,47.8106448,34.8253715,23.3551028,21.4525989,5.751171,1.8202235,3.5787894,201.5070959,67.0757012,53.0032174,33.8136823,17.9145121,20.7825633,3.9517275,0.7873217,4.1783704,349.6629608,124.3213952,78.8571943,57.8979858,37.0332739,35.4286054,8.7867298,2.2678943,5.0698821,203.8478397,74.5489035,44.1124551,32.4936399,22.2414262,20.2660994,5.6340035,1.7144816,2.8368305,145.8151211,49.7724917,34.7447392,25.4043459,14.7918477,15.162506,3.1527263,0.5534127,2.2330516,70.9076405,23.2239095,21.9566679,10.741068,4.236341,6.8065568,0.9161687,0.3396509,2.6872777,15.2156657,5.9207,3.6981897,2.3317316,1.1136766,1.1864995,0.1171675,0.1057419,0.7419589,55.6919748,17.3032095,18.2584782,8.4093364,3.1226644,5.6200573,0.7990012,0.233909,1.9453188,6.4621405,6.4887098,5.7146345,7.1207651,6.9454326,7.3366184,5.2591335,5.046384,7.7384209,5.2920387,5.517562,4.3481745,5.5436786,6.2632563,5.8384512,4.8002164,5.2902994,6.0901224,8.5069585,8.2255998,7.9754673,10.0717374,8.0948631,9.9801168,6.1091413,4.5602862,10.0736248,6.3828005,6.4636521,5.3090471,7.0702097,7.5540804,7.3914353,5.6710262,5.0494654,6.2467,5.1976623,5.4177789,4.2461676,5.4305782,6.2650741,5.7805175,4.918379,5.1815334,5.1161895,9.3693925,9.0927341
1979-05-01 00:00:00,400.0632778,141.8144505,91.0698708,61.8425971,44.3545934,39.1721566,10.9213375,3.0301059,7.858166,211.6543643,78.6065562,46.4535005,31.4939586,23.1358187,20.5364807,6.1692517,1.1327123,4.1260856,188.4089135,63.2078943,44.6163703,30.3486385,21.2187747,18.6356759,4.7520858,1.8973936,3.7320804,337.9079754,122.9680984,73.6083855,51.5300357,38.4873874,33.5895391,9.7287131,2.672321,5.3234952,198.5293616,74.5380489,42.4558633,29.4360578,21.9204813,19.6172953,6.0277156,1.1327123,3.4011871,139.3786138,48.4300495,31.1525222,22.0939779,16.5669061,13.9722438,3.7009975,1.5396087,1.9223081,62.1553024,18.8463521,17.4614853,10.3125614,5.867206,5.5826175,1.1926244,0.3577849,2.5346708,13.1250027,4.0685073,3.9976372,2.0579008,1.2153374,0.9191854,0.1415361,0,0.7248985,49.0302997,14.7778448,13.4638481,8.2546606,4.6518686,4.6634321,1.0510883,0.3577849,1.8097723,6.1779402,6.2918258,5.2007679,6.4275062,7.4090427,6.8106207,5.9504881,5.9374384,7.8504863,5.1199348,5.4256303,4.224594,5.0028346,6.1569205,5.5976654,5.1814606,3.2420161,6.9509748,8.0456554,7.850478,6.8483765,9.1237577,9.5200329,8.9471149,7.3706738,11.788439,9.1611747,6.1947701,6.4180731,4.9852536,6.3145812,7.8434353,7.0674898,6.2877231,5.9816224,6.5861825,5.0773395,5.4423061,4.104572,4.9107036,6.163055,5.6311144,5.2890994,3.4210896,6.1176088,9.0234668,8.8640975
1979-06-01 00:00:00,393.0114144,134.5018652,94.8753915,63.9450344,44.6919925,37.8122073,7.8554258,2.2993674,7.0301303,207.2969959,73.8320411,46.1776492,33.5285502,23.8908905,21.3723541,4.2170291,0.9498678,3.3286139,185.7144185,60.6698241,48.6977423,30.4164842,20.801102,16.4398532,3.6383967,1.3494996,3.7015164,326.8001995,113.6610359,75.7338607,52.7757364,38.8475437,32.0022783,7.0994128,1.7647549,4.9155768,194.1416554,70.290568,42.5859536,31.6327672,22.3934506,19.910293,3.9936679,0.7560678,2.5788873,132.6585441,43.3704679,33.1479071,21.1429692,16.4540931,12.0919853,3.1057449,1.0086871,2.3366895,66.2112149,20.8408293,19.1415308,11.169298,5.8444488,5.809929,0.756013,0.5346125,2.1145535,13.1553405,3.5414731,3.5916956,1.895783,1.4974399,1.4620611,0.2233612,0.1938,0.7497266,53.0558744,17.2993562,15.5498352,9.273515,4.3470089,4.3478679,0.5326518,0.3408125,1.3648269,6.0568166,5.9525163,5.4147316,6.5879936,7.4484671,6.6093975,4.3448893,4.4088797,6.9398864,5.0128224,5.0905534,4.1883048,5.3324602,6.3529966,5.8675342,3.5935773,2.6371501,5.5488223,7.8912887,7.4974476,7.4961847,8.8971784,9.2879089,7.9094791,5.7344672,8.3641264,8.9597735,5.97683,5.9291105,5.1106904,6.4047699,7.878639,6.8045516,4.6468947,3.8704731,5.9115102,4.9538924,5.1162143,4.0826245,5.2888429,6.2946959,5.7691325,3.5334956,2.2220353,4.6076607,8.5651764,7.9854111
1979-07-01 00:00:00,387.09792,134.1590302,92.6498665,58.8434903,39.6173458,42.3939006,10.9334747,2.1434515,6.3573604,203.6017799,73.0395043,45.2081817,30.1542961,21.8430102,23.1670462,5.6088148,1.3757851,3.2051415,183.4961401,61.1195259,47.4416848,28.6891942,17.7743356,19.2268544,5.3246599,0.7676664,3.1522189,323.2152028,111.2468796,74.5278684,49.8235087,35.4080941,35.9287169,9.6396755,1.8251252,4.8153344,189.9967377,68.5656865,41.5522727,27.9052152,21.3079248,21.4351788,5.4869952,1.1829851,2.5604794,133.2184651,42.6811931,32.9755957,21.9182935,14.1001693,14.4935381,4.1526803,0.6421401,2.254855,63.8827172,22.9121506,18.1219981,9.0199816,4.2092517,6.4651837,1.2937992,0.3183263,1.542026,13.6050422,4.4738178,3.655909,2.2490809,0.5350854,1.7318674,0.1218196,0.1928,0.6446621,50.277675,18.4383328,14.4660891,6.7709007,3.6741663,4.7333163,1.1719796,0.1255263,0.8973639,5.9635919,5.9052451,5.3062998,6.0997902,6.5996741,7.4441924,5.9099117,4.0455172,6.3148047,4.9281884,5.0320424,4.1150239,4.8205951,5.794054,6.3992753,4.6966007,3.7684511,5.2722238,7.7764201,7.4502036,7.3277793,8.4591462,7.9597617,9.2675842,8.1193994,4.6594703,7.9040753,5.9098182,5.7721874,5.0391192,6.0893196,7.2107805,7.6816901,6.194368,3.9234538,5.7508535,4.8455946,4.9749999,3.9844788,4.6943741,5.98668,6.238657,4.777241,3.4904999,4.4712696,8.6052741,7.7731237
1979-08-01 00:00:00,377.4968015,118.0420125,95.700959,55.2646586,45.1762389,41.9492683,12.4476573,2.4922902,6.4237167,197.547901,61.5780798,49.4155492,29.1646475,23.8419786,22.1411136,6.1933704,1.5222134,3.6909485,179.9489005,56.4639327,46.2854098,26.1000111,21.3342603,19.8081547,6.2542869,0.9700768,2.7327682,315.8252824,99.420224,77.5593239,45.6704337,39.7624447,35.5015874,10.8658838,2.3797796,4.6656053,184.0071271,56.7426401,46.0598586,26.7455603,23.0966195,20.5736027,6.0844148,1.5222134,3.1822177,131.8181553,42.6775839,31.4994653,18.9248734,16.6658252,14.9279847,4.781469,0.8575662,1.4833876,61.6715191,18.6217885,18.1416351,9.5942249,5.4137942,6.4476809,1.5817735,0.1125106,1.7581114,13.5407739,4.8354397,3.3556906,2.4190872,0.7453591,1.5675109,0.1089556,0,0.5087308,48.1307452,13.7863488,14.7859445,7.1751377,4.6684351,4.88017,1.4728179,0.1125106,1.2493806,5.8472077,5.2565485,5.4878103,5.7466566,7.6057897,7.3321979,6.7161024,4.8353818,6.3067265,4.7964202,4.2595096,4.5018822,4.6742397,6.3994363,6.0952401,5.244068,4.2112764,6.0193078,7.6987918,7.058371,7.1625046,7.7278532,9.6357234,9.483415,9.3017023,6.3005703,6.741497,5.8174258,5.2306678,5.2858663,5.5811549,8.1556633,7.554638,6.9451255,5.2951958,5.5694939,4.7182113,4.1640601,4.4251689,4.4956822,6.561193,5.9748428,5.3251175,4.5134725,5.5691603,8.621096,7.9320204
1979-09-01 00:00:00,400.4312018,125.9671841,109.3543944,57.325928,45.9500057,40.454341,11.7584979,3.8982242,5.7226265,202.8435919,65.7921903,50.9745127,30.4159326,23.9154249,21.2629968,6.0021552,1.9712192,2.5091602,197.5876099,60.1749938,58.3798817,26.9099954,22.0345808,19.1913442,5.7563427,1.927005,3.2134663,326.0417376,104.6833229,84.9457327,46.485601,38.8568196,33.5912023,10.4164116,2.8812756,4.1813719,185.799468,61.4539902,45.3907332,27.2299796,22.1159192,19.7338074,5.8536101,1.846827,2.1746013,140.2422696,43.2293327,39.5549995,19.2556214,16.7409004,13.8573949,4.5628015,1.0344486,2.0067706,74.3894642,21.2838612,24.4086617,10.840327,7.0931861,6.8631387,1.3420863,1.0169486,1.5412546,17.0441239,4.3382001,5.5837795,3.185953,1.7995057,1.5291894,0.1485451,0.1243922,0.3345589,57.3453403,16.9456611,18.8248822,7.654374,5.2936804,5.3339493,1.1935412,0.8925564,1.2066957,6.1057906,5.5048958,6.155574,5.8929766,7.6371919,6.9397391,6.4309997,7.5345943,5.6395168,4.8761104,4.5070191,4.5822863,4.8416142,6.3231005,5.7968896,5.0741985,5.506327,4.1528129,8.2387433,7.2630919,8.7910283,7.8098442,9.8616114,8.8792334,8.917214,12.090244,7.8276107,5.9154741,5.4169982,5.6842255,5.6088436,7.8635779,7.0221084,6.703396,6.5537199,4.9706346,4.7208232,4.4526936,4.3187274,4.5573107,6.2213208,5.688724,5.1126598,5.5327937,3.8274196,8.8990025,7.8265267
1979-10-01 00:00:00,391.3802576,125.3794718,104.0135903,55.543069,43.9551481,42.8599046,10.963247,3.29155,5.3742768,197.3300712,65.2007142,49.4504745,28.5134334,22.0543248,22.2517737,5.6504309,1.7484188,2.4605009,194.0501864,60.1787576,54.5631158,27.0296356,21.9008233,20.6081309,5.3128161,1.5431312,2.9137759,314.3075368,100.6477005,80.5968675,44.0942168,39.8321525,34.0993697,8.9113893,2.5098282,3.6160123,179.4268455,58.9079666,44.576571,25.545235,20.9851786,20.41975,5.2671149,1.6162759,2.1087535,134.8806913,41.7397339,36.0202965,18.5489818,18.8469739,13.6796197,3.6442744,0.8935523,1.5072588,77.0727208,24.7317713,23.4167228,11.4488522,4.1229956,8.7605349,2.0518577,0.7817218,1.7582645,17.9032257,6.2927476,4.8739035,2.9681984,1.0691462,1.8320237,0.383316,0.1321429,0.3517474,59.1694951,18.4390237,18.5428193,8.4806538,3.0538494,6.9285112,1.6685417,0.6495789,1.4065171,5.970323,5.4761786,5.876121,5.6542457,7.3736619,7.3898981,5.9344859,6.3763197,5.320809,4.7613199,4.4893756,4.4659536,4.5084337,5.9106613,6.0938692,4.7419455,5.1095327,4.0516728,8.0485751,7.1880168,8.2318492,7.7254359,9.8217768,9.5927857,8.1013435,8.8671893,7.2343679,5.7242035,5.2239913,5.4158101,5.29956,8.1513333,7.2009869,5.7339199,5.7292399,4.3789586,4.5755218,4.2869944,4.2623879,4.248239,5.9678041,5.9209965,4.6018519,4.9370557,3.7314841,8.5944065,7.5542253
1979-11-01 00:00:00,363.5518534,119.017798,95.9358998,53.7131806,38.5952398,38.0767063,10.2507878,2.1502166,5.8120245,184.9616305,62.4367709,45.3481734,27.5504352,19.3404739,19.9890943,5.2898412,1.5585309,3.4483107,178.5902229,56.5810271,50.5877264,26.1627454,19.2547659,18.087612,4.9609466,0.5916857,2.3637138,298.8535351,97.2746706,75.0881788,45.6241645,33.7383704,31.8351849,8.8769383,2.0083096,4.407718,172.5069916,57.499079,42.2869259,25.8743118,18.6345724,18.4609233,5.2120533,1.5585309,2.980595,126.3465435,39.7755916,32.8012529,19.7498527,15.103798,13.3742616,3.664885,0.4497787,1.427123,64.6983183,21.7431274,20.847721,8.0890161,4.8568694,6.2415214,1.3738495,0.141907,1.4043065,12.4546389,4.9376919,3.0612475,1.6761234,0.7059015,1.528171,0.0777879,0,0.4677157,52.2436794,16.8054355,17.7864735,6.4128927,4.1509679,4.7133504,1.2960616,0.141907,0.9365908,5.5483833,5.1702806,5.3958127,5.5475449,6.5416883,6.6083351,5.5884522,4.2329481,5.5979962,4.4766379,4.29045,4.1037007,4.4120774,5.2321842,5.5072065,4.4662301,4.5310374,5.6046116,7.3776763,6.6824547,7.5177123,7.6098495,8.7384781,8.482692,7.6337319,3.60776,5.5883733,5.4502688,5.0258548,5.0614341,5.5417369,6.9313387,6.7629976,5.7653926,4.5718093,5.1490479,4.4150963,4.191588,4.0581294,4.3473919,5.3167084,5.3760846,4.5905334,4.6979478,5.1708978,8.0165425,7.0560134
1979-12-01 00:00:00,430.9599511,136.7053363,104.411784,69.5897728,44.7147745,50.5241235,13.9753002,3.6642005,7.3746593,225.9537288,74.6587412,52.6123704,36.7178012,22.4235813,26.7187013,7.0105421,2.1652159,3.6467754,205.0062223,62.0465951,51.7994136,32.8719716,22.2911932,23.8054222,6.9647581,1.4989846,3.7278839,357.0719699,113.1605113,84.6146321,58.1649934,38.1981531,41.3890598,12.0252505,3.1981339,6.3212358,203.7615823,67.4967665,46.7607268,33.467979,20.325718,23.4612396,6.7915944,2.1652159,3.2923421,153.3103876,45.6637448,37.8539053,24.6970144,17.8724351,17.9278202,5.2336561,1.032918,3.0288937,73.8879812,23.544825,19.7971519,11.4247794,6.5166214,9.1350637,1.9500497,0.4660666,1.0534235,22.1921465,7.1619747,5.8516436,3.2498222,2.0978633,3.2574617,0.2189477,0,0.3544333,51.6958347,16.3828503,13.9455083,8.1749572,4.4187581,5.877602,1.731102,0.4660666,0.6989902,6.4436585,5.8486868,5.7778721,7.0259259,7.3610077,8.4290829,7.5062492,6.7879114,6.946213,5.3383127,5.0179235,4.6385057,5.7614607,5.9429067,7.0725477,5.8210255,6.2104857,5.7985958,8.3490472,7.3036665,7.698566,9.3076645,9.6860202,10.7414554,10.593211,7.840947,8.613929,6.3354444,5.6971566,5.5370302,6.9357942,7.6607314,8.4366505,7.6125947,7.0041911,7.0062708,5.0940284,4.7954982,4.3710226,5.5514015,5.6953954,6.6056114,5.8865323,6.5142576,5.5634504,9.3705291,7.8899241
1980-01-01 00:00:00,441.6651772,145.5698102,106.1350952,70.5428524,47.7691916,46.2937462,13.9925728,3.2436476,8.1182612,243.8810328,81.8254744,55.5345987,38.6125698,27.0634217,26.290828,7.8398267,2.2269787,4.4873348,197.7841444,63.7443358,50.6004965,31.9302826,20.7057699,20.0029182,6.1527461,1.0166689,3.6309264,384.1949768,125.3526085,91.5449044,62.5106257,41.7152067,39.8753675,12.5793294,3.1320112,7.4849234,228.3479935,76.466321,51.5579611,37.3059158,24.9341939,24.3972649,7.3801945,2.2269787,4.0791636,155.8469833,48.8862875,39.9869433,25.2047099,16.7810128,15.4781026,5.1991349,0.9050325,3.4057598,57.4702004,20.2172017,14.5901908,8.0322267,6.0539849,6.4183787,1.4132434,0.1116364,0.6333378,15.5330393,5.3591534,3.9766376,1.306654,2.1292278,1.8935631,0.4596322,0,0.4081712,41.9371611,14.8580483,10.6135532,6.7255727,3.9247571,4.5248156,0.9536112,0.1116364,0.2251666,6.7382662,6.3262517,5.9942254,7.3087526,8.0326576,7.9077331,7.6429612,6.2974291,7.8790269,5.8134071,5.5334866,4.9538086,6.1265282,7.1630027,7.0524624,6.5746536,6.5351658,7.3342769,8.3826947,7.7518529,7.789799,9.5333869,9.547771,9.4071885,9.6385589,5.8326546,8.6753677,6.8431308,6.3089603,6.0362782,7.5304513,8.386264,8.1896913,7.9217485,6.7167633,8.2261059,5.7370029,5.452888,4.8517578,6.2397169,6.9874087,6.8896879,6.4100329,6.7458494,6.9958109,9.5374697,8.3625002
1980-02-01 00:00:00,448.5370636,146.2785096,109.5094384,73.7009087,48.7036506,46.9964124,13.4114476,1.9002724,8.0364239,231.880013,77.7713497,52.8544903,37.5327575,26.0195434,25.4419184,7.0027317,1.232523,4.024699,216.6570506,68.5071599,56.6549481,36.1681512,22.6841072,21.554494,6.4087159,0.6677494,4.0117249,379.1208451,126.4219692,89.4304651,62.4189113,41.6699545,39.5699527,12.1311063,1.7981724,5.6803136,216.5427327,73.9720872,47.0542228,35.6470053,24.4893896,24.1765996,6.8019743,1.232523,3.1689309,162.5781124,52.449882,42.3762423,26.771906,17.1805649,15.3933531,5.329132,0.5656494,2.5113827,69.4162185,19.8565404,20.0789733,11.2819974,7.0336961,7.4264597,1.2803413,0.1021,2.3561103,15.3372803,3.7992625,5.8002675,1.8857522,1.5301538,1.2653188,0.2007574,0,0.8557681,54.0789382,16.0572779,14.2787058,9.3962452,5.5035423,6.1611409,1.0795839,0.1021,1.5003422,6.739071,6.2658966,6.0866946,7.4643903,8.1053811,7.9789324,7.1892106,3.540851,7.6815177,5.5149835,5.2504143,4.7266896,5.9178768,6.8580492,6.7935074,5.8240418,3.5836254,6.4574133,8.8387289,8.0287198,8.320019,10.2418726,10.2421065,10.048582,9.6645899,3.4645226,9.4854491,6.7205262,6.3407482,5.8569263,7.4619764,8.3316935,8.1103124,7.60059,3.8424232,6.3407359,5.4277676,5.2694524,4.4496312,5.9011508,6.7694005,6.7909583,5.8829149,3.8180601,5.4161486,9.8430675,8.8896405
1980-03-01 00:00:00,415.6421973,134.2520693,105.3933318,71.1151659,44.3867719,39.7309729,12.5316114,1.4686067,6.7636674,212.8531733,70.3409815,51.8418934,36.522726,24.4776865,19.4848223,6.2603408,0.8652723,3.0594505,202.789024,63.9110878,53.5514384,34.5924399,19.9090854,20.2461506,6.2712706,0.6033344,3.7042169,341.7021624,110.1473622,81.8862879,60.8421841,38.7306892,33.5822647,10.0536607,1.3166799,5.1430337,197.5308604,64.8354101,46.8488545,34.9341198,22.9707515,18.5340158,5.9028832,0.8652723,2.6395532,144.171302,45.3119521,35.0374334,25.9080643,15.7599377,15.0482489,4.1507775,0.4514076,2.5034805,73.9400349,24.1047071,23.5070439,10.2729818,5.6560827,6.1487082,2.4779507,0.1519268,1.6206337,15.3223129,5.5055714,4.9930389,1.5886062,1.506935,0.9508065,0.3574576,0,0.4198973,58.617722,18.5991357,18.514005,8.6843756,4.1491477,5.1979017,2.1204931,0.1519268,1.2007364,6.2089042,5.6900021,5.8747446,7.1068808,7.3457921,6.7350161,6.7799619,2.7048075,6.3269992,5.0712109,4.7499382,4.6726503,5.6881757,6.5014611,5.2012269,5.3245133,2.5185248,4.9506299,8.1212826,7.274561,7.8230742,9.647312,8.7415466,9.4038332,9.3243066,3.0257723,8.2128957,6.079428,5.527539,5.4132431,7.2099652,7.8122752,6.9365204,6.4937813,2.7426712,5.8026889,4.974393,4.6369337,4.4632128,5.7255359,6.4710507,5.2186136,5.2228995,2.6777825,4.595228,8.7393706,7.6223359
1980-04-01 00:00:00,407.9795099,129.0974952,104.5013822,73.2509455,45.9947073,36.5343722,12.1080454,1.5461595,4.9464026,208.4474494,68.5988728,46.0047101,39.0966663,25.6975017,19.1271038,7.0770756,0.4093222,2.4361969,199.5320605,60.4986224,58.4966721,34.1542792,20.2972056,17.4072684,5.0309698,1.1368373,2.5102057,342.029266,109.7124488,82.1391224,63.4731548,39.714895,31.3645858,10.4866347,1.0972034,4.0412211,194.3282077,64.5402555,41.2670041,36.912879,24.1094092,18.1745884,6.6736309,0.4093222,2.2411184,147.7010583,45.1721933,40.8721183,26.5602758,15.6054858,13.1899974,3.8130038,0.6878812,1.8001027,65.9502439,19.3850464,22.3622598,9.7777907,6.2798123,5.1697864,1.6214107,0.4489561,0.9051815,14.1192417,4.0586173,4.737706,2.1837873,1.5880925,0.9525154,0.4034447,0,0.1950785,51.8310022,15.3264291,17.6245538,7.5940034,4.6917198,4.217271,1.217966,0.4489561,0.710103,6.1508992,5.5289025,5.8677671,7.3622758,7.689987,6.2686609,6.6052897,2.9170244,4.7215326,4.9982331,4.6620268,4.168037,6.153349,6.8528204,5.1542181,5.945237,1.2207429,3.9803489,8.1030858,7.0060625,8.6381547,9.4984447,9.0969894,8.2220789,7.8277959,5.8376889,5.7630315,6.1335074,5.5372974,5.4682004,7.6258875,8.0704278,6.5546966,6.7275838,2.3984294,4.5726926,4.9291287,4.6359131,3.9728368,6.1163031,6.8243678,5.1793255,5.8262298,1.313378,3.8560512,9.0394515,7.6672763
1980-05-01 00:00:00,416.5786483,136.4525169,104.0742309,69.0799264,50.5436056,36.1150287,11.4765841,1.7489839,7.0877718,220.9345832,73.9988498,52.0974543,36.7414557,28.2220082,19.1283735,6.1431879,0.7959864,3.8072674,195.6440651,62.4536671,51.9767766,32.3384707,22.3215974,16.9866552,5.3333962,0.9529975,3.2805044,344.7054195,115.3330425,80.4458534,59.1212385,44.3128553,29.0998003,10.0225181,1.0591944,5.310917,201.8235192,67.0954572,45.4936787,34.5691665,26.642724,17.7363714,6.1431879,0.6297043,3.5132292,142.8819003,48.2375853,34.9521747,24.552072,17.6701313,11.3634289,3.8793302,0.4294901,1.7976878,71.8732288,21.1194744,23.6283775,9.9586879,6.2307503,7.0152284,1.454066,0.6897895,1.7768548,19.111064,6.9033926,6.6037756,2.1722892,1.5792842,1.3920021,0,0.1662821,0.2940382,52.7621648,14.2160818,17.0246019,7.7863987,4.6514661,5.6232263,1.454066,0.5235074,1.4828166,6.2268607,5.7664169,5.7961054,6.9062712,8.4398356,6.1099167,6.3045195,3.4260113,6.7623914,5.2398497,4.9497695,4.6614708,5.7142122,7.5179762,5.1315125,5.2194392,2.4017616,6.1571202,7.9092941,7.1675819,7.6665234,9.051663,9.9883709,7.7804142,8.2895006,5.3215181,7.6332658,6.1048838,5.7015259,5.2835112,7.0301579,8.9546439,6.070645,6.5226836,2.4369776,5.9900698,5.0497597,4.7242788,4.2928273,5.6796495,7.5217242,5.0445416,5.4200163,2.0592789,6.0228162,8.6611241,8.0046607
1980-06-01 00:00:00,409.3397881,128.4795368,107.8520947,69.1087822,48.19532,36.2640993,11.2353246,1.157239,7.0473915,210.333408,67.7775573,52.6965113,34.0491958,26.3742782,19.3147406,6.0245978,0.3398958,3.7566312,199.0063801,60.7019795,55.1555834,35.0595864,21.8210418,16.9493587,5.2107268,0.8173432,3.2907603,340.5437254,109.1545356,85.9546947,56.9061316,41.0777408,30.9456455,9.792137,0.7784905,5.9343497,194.4704302,63.7557441,47.1978622,31.4518375,24.2681102,18.2724268,5.705873,0.3398958,3.4786806,146.0732952,45.3987915,38.7568325,25.4542941,16.8096306,12.6732187,4.086264,0.4385947,2.4556691,68.7960627,19.3250012,21.8974,12.2026506,7.1175792,5.3184538,1.4431876,0.3787485,1.1130418,15.8629778,4.0218132,5.4986491,2.5973583,2.106168,1.0423138,0.3187248,0,0.2779506,52.9330849,15.303188,16.3987509,9.6052923,5.0114112,4.27614,1.1244628,0.3787485,0.8350912,6.1285339,5.4744163,6.0063998,6.879743,8.0536821,6.1455242,6.1415951,2.121989,6.6358457,5.014333,4.564161,4.7593653,5.3304802,7.010759,5.1968061,5.0841067,0.9662844,6.0463436,8.0095909,7.0426992,8.0121133,9.5853681,9.8191818,7.7598427,8.0862225,4.2218063,7.4669125,6.0707703,5.4772716,5.6979321,6.7705299,8.2411687,6.4831904,6.3009041,1.6727214,6.5964447,4.8937089,4.5210126,4.5209223,5.1930348,6.7908532,5.2027793,5.011494,1.0241144,5.9545543,8.9304474,7.791725
1980-07-01 00:00:00,387.6484634,125.431596,103.3162871,61.0997873,44.9544903,35.9327444,9.3542149,1.3206128,6.2387306,206.106492,70.0290658,52.734435,30.5135992,23.7801786,20.21406,5.2243027,0.5590835,3.0517672,181.5419714,55.4025302,50.5818521,30.5861881,21.1743117,15.7186844,4.1299122,0.7615293,3.1869634,326.5780797,109.3457739,83.1718757,52.6635341,38.9337467,29.1373324,8.0452189,0.9137248,4.3668732,190.6748282,66.5173729,46.6952397,28.3175743,22.9417265,18.3839161,5.1578027,0.4256549,2.2355411,135.9032515,42.828401,36.476636,24.3459598,15.9920202,10.7534163,2.8874162,0.4880699,2.1313321,61.0703837,16.0858221,20.1444114,8.4362532,6.0207436,6.795412,1.308996,0.406888,1.8718574,15.4316638,3.5116929,6.0391953,2.1960249,0.8384521,1.8301439,0.0665,0.1334286,0.8162261,45.6387199,12.5741292,14.1052161,6.2402283,5.1822915,4.9652681,1.242496,0.2734594,1.0556313,5.7843135,5.3277801,5.7273805,6.0786142,7.5279236,6.0058835,5.1584414,2.3850324,5.8748708,4.9054886,4.7176292,4.7313549,4.7822687,6.3478114,5.3921214,4.4463256,1.5839396,4.9055733,7.261183,6.3689743,7.3378542,8.3317766,9.5144179,7.03577,6.4690665,3.7936421,7.2458507,5.8108601,5.4888416,5.4840937,6.2671266,7.877902,6.0104154,5.2300599,1.9335681,4.7991329,4.7848711,4.7182549,4.439422,4.6830132,6.4476333,5.1500501,4.5474975,1.2653168,3.8017331,8.3112055,7.3542949
1980-08-01 00:00:00,394.5105467,128.1467689,103.9433994,60.0538057,47.7407972,37.0659823,9.4045201,2.5563469,5.5989262,209.6378751,68.7752033,53.1186342,29.5143337,26.7885351,21.0811903,5.5852679,2.1037429,2.6709677,184.8726716,59.3715656,50.8247652,30.539472,20.9522621,15.984792,3.8192522,0.452604,2.9279585,334.6033014,108.4594677,87.0335627,52.0952628,41.5332901,30.7949871,8.6575806,2.1263536,3.9027968,193.9148481,63.9621716,49.0611383,26.9518227,24.8634422,19.4928894,5.4451369,1.7884096,2.3498374,140.6884533,44.4972961,37.9724244,25.1434401,16.6698479,11.3020977,3.2124437,0.337944,1.5529594,59.9072453,19.6873012,16.9098367,7.9585429,6.2075071,6.2709952,0.7469395,0.4299933,1.6961294,15.723027,4.8130317,4.0574959,2.562511,1.9250929,1.5883009,0.140131,0.3153333,0.3211303,44.1842183,14.8742695,12.8523408,5.3960319,4.2824142,4.6826943,0.6068085,0.11466,1.3749991,5.9095079,5.4893842,5.7521566,5.9919904,7.98814,6.2649056,5.1701649,4.603277,5.3109557,5.0003761,4.6528766,4.7670693,4.6298842,7.1532658,5.6606513,4.7258725,5.8374499,4.3480689,7.4442803,6.9332995,7.3366599,8.372481,9.3892252,7.2913885,5.9942837,2.3217051,6.6554539,5.9903542,5.4819678,5.7868173,6.1934135,8.3852461,6.4264872,5.5786528,4.765855,4.4462306,4.8873735,4.5739513,4.6660715,4.4464259,7.0010458,5.5320884,4.7531377,5.6055464,4.0713301,8.695038,7.6709411
1980-09-01 00:00:00,407.5704583,131.6153316,108.8162291,62.6772478,49.8993447,34.9947984,10.4654742,2.6927705,6.409262,211.5511045,68.9601966,53.5365426,30.9180854,28.4668503,18.9106153,5.5484102,1.7635299,3.4468742,196.0193538,62.655135,55.2796865,31.7591624,21.4324944,16.0841831,4.917064,0.9292406,2.9623878,336.9985365,108.402052,87.6362094,53.4533895,43.8144927,28.4064358,9.1684314,1.9418159,4.1757098,198.319115,64.6287206,50.3014467,29.1023403,27.1588041,17.1991062,5.4797702,1.5729299,2.875997,138.6794215,43.7733314,37.3347627,24.3510492,16.6556886,11.2073296,3.6886612,0.368886,1.2997128,70.5719218,23.2132796,21.1800197,9.2238583,6.084852,6.5883626,1.2970428,0.7509546,2.2335522,13.2319895,4.331476,3.2350959,1.8157451,1.3080462,1.7115091,0.06864,0.1906,0.5708772,57.3399323,18.8818036,17.9449238,7.4081132,4.7768058,4.8768535,1.2284028,0.5603546,1.662675,6.0223764,5.5234241,5.9950028,6.1440412,8.2962258,5.8329547,5.6992508,4.6843591,5.9919492,4.9977315,4.6058535,4.7761388,4.8129789,7.5527219,4.9965053,4.6767829,4.8079508,5.5861081,7.7335584,7.074655,7.9630921,8.4076586,9.5441352,7.2623698,7.5656891,4.4664638,6.5452431,5.9571741,5.4122341,5.7490746,6.2678709,8.7266079,5.863347,5.9000178,4.1007213,4.764635,4.9519208,4.5682388,4.7497363,4.7579267,7.5609438,4.8398167,4.7891421,4.7295286,5.0269337,8.3939907,7.4423271
1980-10-01 00:00:00,378.5026623,118.3654384,104.74392,55.9452712,46.443042,34.8804513,10.650242,2.6431411,4.8311563,195.4748517,64.4107048,49.6140443,28.0600399,26.4902767,17.5122414,5.7023364,1.2933274,2.3918808,183.0278106,53.9547336,55.1298757,27.8852313,19.9527653,17.3682099,4.9479056,1.3498137,2.4392755,309.1103946,95.9727138,83.7056215,45.5266827,40.7553615,29.2050686,8.9884733,1.8682806,3.0881926,180.6860591,58.7055754,45.86402,25.5844593,25.5079535,16.6294736,5.6568793,1.047875,1.689823,128.4243355,37.2671384,37.8416015,19.9422234,15.247408,12.575595,3.331594,0.8204056,1.3983696,69.3922677,22.3927246,21.0382985,10.4185885,5.6876805,5.6753827,1.6617687,0.7748605,1.7429637,14.7887926,5.7051294,3.7500243,2.4755806,0.9823232,0.8827678,0.0454571,0.2454524,0.7020578,54.6034751,16.6875952,17.2882742,7.9430079,4.7053573,4.7926149,1.6163116,0.5294081,1.0409059,5.6503626,5.0376177,5.8220986,5.5434268,7.75444,5.85578,5.8136206,4.5875725,4.5828774,4.6445072,4.3257011,4.4571541,4.3964857,7.0302023,4.6634766,4.8342352,3.5552708,3.8780969,7.3505132,6.269376,8.0371026,7.5166354,8.9830711,7.8896386,7.5844747,6.3558039,5.5766508,5.5235091,4.8546998,5.5790417,5.345432,8.2222404,6.0342342,5.812329,4.0237839,3.5670398,4.5401423,4.1677808,4.3866491,4.1950549,7.1430134,4.6907294,4.9552913,3.2199645,2.9410731,7.9444746,6.5571216
1980-11-01 00:00:00,359.6397509,118.631308,95.8091882,53.3076533,43.5006269,30.7213748,10.8996457,2.2784433,4.4915107,183.5581783,62.5885629,44.4276825,26.2344294,24.1166047,16.4436547,5.7300239,1.3138498,2.7033704,176.0815726,56.0427451,51.3815057,27.0732239,19.3840222,14.2777201,5.1696218,0.9645935,1.7881403,304.7042362,103.0271362,79.5523526,42.7272514,37.4871813,26.0991505,9.7173066,2.1815165,3.9123411,171.9767129,58.7086913,42.0759277,24.0303439,22.5575098,15.2518585,5.6120384,1.3138498,2.4264935,132.7275233,44.3184449,37.4764249,18.6969075,14.9296715,10.847292,4.1052682,0.8676667,1.4858476,54.9355147,15.6041718,16.2568356,10.5804019,6.0134456,4.6222243,1.1823391,0.0969268,0.5791696,11.5814654,3.8798716,2.3517548,2.2040855,1.5590949,1.1917962,0.1179855,0,0.2768769,43.3540493,11.7243002,13.9050808,8.3763164,4.4543507,3.4304281,1.0643536,0.0969268,0.3022927,5.3664835,5.0610289,5.3249737,5.2553681,7.285058,5.1263064,5.9162353,3.8962325,4.2831404,4.3693086,4.2256596,3.9929733,4.1151901,6.4382178,4.3464773,4.8401535,3.5125018,4.4259308,7.0418268,6.4949929,7.4835153,7.1841907,8.7105064,6.4614637,7.8508858,4.5773562,4.0839454,5.4585261,5.235754,5.2769998,5.0965329,7.6397754,5.3387271,6.259643,4.5721555,4.5481377,4.3407512,4.1981609,4.0090191,3.9909797,6.425929,4.2959085,4.909011,3.8170408,4.2561117,8.1917463,7.7844129
1980-12-01 00:00:00,435.7127091,137.4805309,120.0542533,68.7907342,45.9232323,40.6686038,14.250765,2.34003,6.2045596,227.0193731,70.6851648,58.6173149,36.0540733,27.6800951,21.4380616,7.3019942,1.6574932,3.585176,208.693336,66.7953661,61.4369384,32.7366609,18.2431372,19.2305422,6.9487708,0.6825368,2.6193836,360.0822918,112.3631868,98.7334407,57.1920929,39.8495746,32.9236992,12.6947566,1.5081536,4.8173874,206.7856928,64.4501285,53.1528011,32.5102173,25.6788991,19.7452176,7.1892935,1.0986932,2.9604425,153.296599,47.9130583,45.5806396,24.6818756,14.1706755,13.1784816,5.5054631,0.4094604,1.8569449,75.6304173,25.1173441,21.3208126,11.5986413,6.0736577,7.7449046,1.5560084,0.8318764,1.3871722,20.2336803,6.2350363,5.4645138,3.543856,2.001196,1.692844,0.1127007,0.5588,0.6247335,55.396737,18.8823078,15.8562988,8.0547853,4.0724617,6.0520606,1.4433077,0.2730764,0.7624387,6.3493654,5.730933,6.4818896,6.7144399,7.5251686,6.5756421,7.4065733,4.0511958,5.7550571,5.2557662,4.652952,5.1111899,5.4972397,7.2242422,5.4913754,5.9572748,4.3274502,5.6761841,8.2070034,7.592333,8.7106767,8.8798682,8.0328679,8.4315499,9.9503742,3.5074516,5.8666334,6.2550975,5.5442928,6.3483235,6.6062242,7.9414684,6.4691937,7.8287766,3.2400844,5.3793164,5.0703847,4.4808345,4.9373024,5.2326025,7.1073923,5.3515386,6.0865748,3.1759021,5.0073102,9.1339437,8.1443938
1981-01-01 00:00:00,433.8454117,142.7858153,108.2781344,70.3335524,50.1208059,39.4975608,13.2901912,3.0653018,6.4740499,234.9491314,76.8048935,53.7640608,40.2524589,30.0716138,21.904246,6.7270961,1.4696519,3.9551104,198.8962803,65.9809218,54.5140736,30.0810935,20.0491921,17.5933148,6.5630951,1.5956499,2.5189395,379.9190913,124.5604608,94.0254341,62.2757224,44.6888745,34.6510686,11.9656372,2.1086258,5.6432679,219.1484954,72.1001991,50.8435185,36.68441,27.7030381,20.3856333,6.6217675,1.1409852,3.6689437,160.7705959,52.4602617,43.1819156,25.5913124,16.9858364,14.2654353,5.3438697,0.9676406,1.9743242,53.9263204,18.2253545,14.2527003,8.05783,5.4319314,4.8464922,1.324554,0.956676,0.830782,15.800636,4.7046944,2.9205423,3.5680489,2.3685757,1.5186127,0.1053286,0.3286667,0.2861667,38.1256844,13.5206601,11.332158,4.4897811,3.0633557,3.3278795,1.2192254,0.6280093,0.5446153,6.488085,6.093172,6.0535251,7.0268284,8.3706447,6.5137261,7.1093066,5.2479693,6.2655904,5.5102626,5.1058685,4.7880197,6.2217254,7.9076394,5.641991,5.541514,3.8551178,6.4094761,8.2088283,7.8630462,8.1878555,8.4983804,9.1765385,8.0652151,10.0129299,7.8653065,6.0522596,6.6421342,6.1808656,6.1088546,7.2742069,8.8669932,6.8122099,7.5222046,4.2129263,6.4481733,5.406907,5.043851,4.7405426,5.9888267,7.7287626,5.5111512,5.6754488,3.255567,6.2694151,9.6459654,8.9554429
1981-02-01 00:00:00,427.6573366,137.6639848,116.1691492,65.5735803,46.3686183,38.3607899,12.578457,2.0656483,8.8771088,221.1067004,71.3678109,57.03642,33.7471253,25.2045101,20.7044452,6.7219734,1.5077573,4.8166582,206.5506362,66.2961739,59.1327292,31.826455,21.1641082,17.6563447,5.8564836,0.557891,4.0604506,361.3560948,117.3301268,96.1369365,55.73903,40.084227,32.9909736,11.1011477,2.0656483,5.9080049,204.6066672,65.8830801,52.9513548,30.9204652,23.6457111,19.6704497,6.5011358,1.5077573,3.5267132,156.7494276,51.4470467,43.1855817,24.8185648,16.4385159,13.3205239,4.6000119,0.557891,2.3812917,66.3012418,20.333858,20.0322127,9.8345503,6.2843913,5.3698163,1.4773093,0,2.9691039,16.5000332,5.4847308,4.0850652,2.8266601,1.558799,1.0339955,0.2208376,0,1.289945,49.8012086,14.8491272,15.9471475,7.0078902,4.7255923,4.3358208,1.2564717,0,1.6791589,6.3037577,5.7968133,6.3565846,6.4539929,7.6459873,6.3516356,6.6846574,3.4390995,8.2840145,5.1598703,4.7437183,5.0158881,5.1824567,6.6328141,5.3268095,5.5046359,3.8930701,7.6660316,8.2651861,7.6171687,8.5646818,8.7235055,9.3461808,8.2020457,8.8661665,2.614986,9.1599466,6.3065936,5.8188464,6.2082178,6.5047043,7.9473003,6.5511502,6.9561324,3.9763937,6.6768651,5.0248745,4.6056532,4.9049477,4.9908474,6.5647734,5.3099742,5.5656583,4.1486638,6.0270688,9.4544803,8.7808828
1981-03-01 00:00:00,413.3465417,131.7125969,112.730939,63.516165,45.1253826,38.00101,13.1258882,2.1634526,6.9711074,204.1366793,65.5729712,53.6621446,31.4767841,22.7542007,19.5603216,6.526257,1.3111651,3.272835,209.2098624,66.1396257,59.0687944,32.0393809,22.3711819,18.4406884,6.5996312,0.8522875,3.6982724,333.4179035,106.5816129,89.7952028,51.8501264,37.9056872,30.2225012,10.9742672,2.0125224,4.0759834,186.6287575,60.5498784,48.4772717,28.1039926,21.3906052,18.176235,6.0829302,1.3111651,2.5366793,146.789146,46.0317345,41.3179311,23.7461338,16.515082,12.0462662,4.891337,0.7013573,1.5393041,79.9286382,25.130984,22.9357362,11.6660386,7.2196954,7.7785088,2.151621,0.1509302,2.895124,17.5079218,5.0230928,5.1848729,3.3727915,1.3635955,1.3840866,0.4433268,0,0.7361557,62.4207164,20.1078912,17.7508633,8.2932471,5.8560999,6.3944222,1.7082942,0.1509302,2.1589683,6.0418269,5.5029202,6.0899207,6.2268525,7.35097,6.2407401,6.9022868,3.8414821,6.484994,4.7547352,4.3401531,4.6982931,4.8200832,5.9946604,5.0516635,5.3630882,3.6171082,5.2302054,8.2104836,7.4932249,8.3319374,8.7300196,9.5482848,8.3173778,9.6374773,4.2467464,8.2329605,5.8481732,5.3294725,5.8068613,6.0453699,7.5245963,6.0579717,6.9080087,4.1457045,4.6700777,4.5978874,4.2562,4.4842497,4.5194245,5.9748578,4.9573491,5.2423499,3.8413147,4.3252817,8.9384547,7.9746568
1981-04-01 00:00:00,379.4854078,121.663098,98.1603823,60.4983772,46.7145884,32.383723,11.3861236,3.3387493,5.340366,188.7453164,60.3763274,46.027592,29.639874,24.993437,17.9319692,5.7122648,1.7483649,2.3154871,190.7400914,61.2867706,52.1327903,30.8585032,21.7211514,14.4517538,5.6738588,1.5903844,3.0248789,309.2628965,99.0280741,78.1543763,49.990138,40.6840472,25.7290368,9.7410248,2.2710222,3.6651771,172.5161843,55.7519054,41.2359377,27.0549243,23.2598394,16.2631489,5.4359976,1.5275467,1.9868843,136.7467122,43.2761687,36.9184386,22.9352137,17.4242078,9.4658879,4.3050272,0.7434755,1.6782928,70.2225113,22.6350239,20.006006,10.5082392,6.0305412,6.6546862,1.6450988,1.0677271,1.6751889,16.2291321,4.624422,4.7916543,2.5849497,1.7335976,1.6688203,0.2762672,0.2208182,0.3286028,53.9933792,18.0106019,15.2143517,7.9232895,4.2969436,4.9858659,1.3688316,0.8469089,1.3465861,5.5758833,5.1195903,5.3571805,5.9320209,7.644564,5.3278682,6.0045179,5.5160409,4.9364283,4.4197546,4.024454,4.077889,4.5186366,6.6009152,4.6726927,4.7118218,4.5293162,3.6540594,7.52325,6.9947212,7.4094041,8.4796172,9.3445807,6.4500427,8.2959248,7.2531126,6.7496619,5.4329053,4.9487763,5.1021089,5.8284796,8.0556274,5.1818127,6.1436145,4.4223481,4.0554865,4.2715511,3.9340132,3.880766,4.3311775,6.4733258,4.4908349,4.6878266,4.1591243,3.3018802,8.2692414,7.4117562
1981-05-01 00:00:00,379.2965304,117.4497357,104.7996,56.9072913,46.7322703,33.3518355,9.9263736,2.9666708,7.1627532,194.0738963,60.1026059,52.2508982,26.9990434,25.9622728,18.29844,5.3852809,1.1059445,3.9694106,185.2226341,57.3471298,52.5487018,29.9082479,20.7699975,15.0533955,4.5410927,1.8607263,3.1933426,310.5832685,96.0122406,82.3893289,48.6537448,40.3840169,27.5576746,8.7564094,1.9718261,4.8580272,176.4660833,53.9948712,46.5806528,25.2999805,24.0608344,16.959545,5.3852809,0.8647445,3.320174,134.1171852,42.0173694,35.8086761,23.3537643,16.3231825,10.5981296,3.3711285,1.1070816,1.5378532,68.7132619,21.4374951,22.4102711,8.2535465,6.3482534,5.7941609,1.1699642,0.9948447,2.304726,17.607813,6.1077347,5.6702454,1.6990629,1.9014384,1.338895,0,0.2412,0.6492366,51.1054489,15.3297604,16.7400257,6.5544836,4.446815,4.4552659,1.1699642,0.7536447,1.6554894,5.5847502,4.9658995,5.7202747,5.5574607,7.6727887,5.5049064,5.2866955,5.0531549,6.5666957,4.5442704,4.0137045,4.6023891,4.1262318,6.8665237,4.7626001,4.4603582,2.994635,6.2314593,7.3474543,6.6091698,7.5417202,8.0908933,8.9926733,6.7916569,6.7752332,8.5439001,7.0372908,5.4753619,4.8228408,5.353317,5.7375505,8.1114498,5.5390564,5.576686,3.849342,5.3412858,4.3779596,3.8321255,4.3318292,4.1009099,6.7778415,4.668538,4.6476482,2.4502517,5.5242497,8.1699308,7.2222585
1981-06-01 00:00:00,353.673309,103.3477445,96.2275988,55.1180715,44.4866347,33.059373,11.4313118,3.9002464,6.1023283,182.4774549,53.6927701,46.9508604,27.9136522,25.0336842,17.6980783,5.6411403,2.2982179,3.2490515,171.1958541,49.6549744,49.2767384,27.2044193,19.4529505,15.3612947,5.7901715,1.6020285,2.8532768,292.5019955,85.1307133,76.3986476,46.5531263,39.2990569,28.0581419,10.0297638,3.1133715,3.9191742,170.0843549,49.7227588,43.0405692,26.2544276,23.8123257,16.7067981,5.3840039,2.2982179,2.8652537,122.4176406,35.4079545,33.3580784,20.2986987,15.4867312,11.3513438,4.6457599,0.8151536,1.0539205,61.1713135,18.2170312,19.8289512,8.5649452,5.1875778,5.0012311,1.401548,0.7868749,2.1831541,12.3931,3.9700113,3.9102912,1.6592246,1.2213585,0.9912802,0.2571364,0,0.3837978,48.7782135,14.2470199,15.91866,6.9057206,3.9662193,4.0099509,1.1444116,0.7868749,1.7993563,5.2259643,4.3761572,5.2854533,5.4169699,7.3479848,5.4390961,6.1444365,6.4332326,5.6511973,4.286675,3.5841408,4.1624235,4.2849603,6.6629967,4.6310421,4.6934161,5.9882218,5.1621698,6.8184736,5.7501372,7.1143083,7.4313934,8.4683261,6.8076311,8.792883,7.2009145,6.3345228,5.1703972,4.2933215,4.9901147,5.4729082,7.8798472,5.6555596,6.3748267,6.1829209,4.3431887,4.2288708,3.5303377,4.0405412,4.2451466,6.6561049,4.6203368,4.683906,6.4659313,4.7731724,7.4861094,6.1641046
1981-07-01 00:00:00,378.2357853,116.1755329,97.9668229,57.8133223,49.1404756,33.2783968,13.7958906,3.4496257,6.6157185,197.2955961,60.8488237,49.3338978,28.5544892,27.1601378,17.9377942,7.5839384,1.9943243,3.8821907,180.9401892,55.3267092,48.6329251,29.2588331,21.9803378,15.3406026,6.2119522,1.4553014,2.7335278,317.6126332,97.002939,82.624852,47.2987861,43.2234695,27.862734,12.1599626,2.7677089,4.6721811,182.6563437,55.976891,45.7477164,26.2537817,25.5693004,16.6263198,7.3895018,1.6682993,3.4245333,134.9562895,41.026048,36.8771356,21.0450044,17.6541691,11.2364142,4.7704608,1.0994096,1.2476478,60.6231521,19.1725939,15.3419709,10.5145362,5.9170061,5.4156628,1.635928,0.6819168,1.9435374,14.6392524,4.8719327,3.5861814,2.3007075,1.5908374,1.3114744,0.1944366,0.326025,0.4576574,45.9838997,14.3006612,11.7557895,8.2138287,4.3261687,4.1041884,1.4414914,0.3558918,1.48588,5.5593825,4.8962775,5.3676654,5.580893,8.0736035,5.5042408,7.3462918,5.8237406,6.0416475,4.6146757,4.0549533,4.3691979,4.305205,7.1550736,4.7174328,6.3011264,5.2058458,6.0754124,7.1569831,6.3438821,6.9874922,7.8513433,9.5957469,6.8377762,9.2116971,6.9550029,5.9943342,5.5710596,4.8513085,5.3665277,5.4369945,8.6379806,5.6185421,7.7452629,5.7958676,5.1358645,4.5122841,3.9461481,4.2706912,4.1673347,7.1074431,4.6275029,6.4274555,4.925542,5.6713626,8.1636461,7.0612649
1981-08-01 00:00:00,380.5569383,112.9601482,100.6669911,59.889058,48.5027242,37.2161901,13.4042464,1.8502742,6.0673061,200.4542038,61.1574429,50.2993201,28.7645075,27.7238378,20.5553501,7.6080222,0.8292815,3.5164417,180.1027345,51.8027053,50.367671,31.1245505,20.7788864,16.66084,5.7962242,1.0209927,2.5508644,323.7067263,95.0782534,82.7967367,50.7135273,44.0850731,32.6567031,12.1599203,1.4369186,4.7795938,187.7962357,56.8990686,46.0733097,26.8485121,27.0472092,19.7093371,7.4143208,0.8292815,2.9751967,135.9104906,38.1791848,36.723427,23.8650152,17.0378639,12.947366,4.7455995,0.6076371,1.8043971,56.850212,17.8818948,17.8702544,9.1755307,4.4176511,4.559487,1.2443261,0.4133556,1.2877123,12.6579681,4.2583743,4.2260104,1.9159954,0.6766286,0.846013,0.1937014,0,0.541245,44.1922439,13.6235205,13.644244,7.2595353,3.7410225,3.713474,1.0506247,0.4133556,0.7464673,5.6176565,4.8004846,5.5258406,5.7654995,7.9998963,6.2042705,7.2434788,3.0403361,5.5841133,4.7073033,4.0946382,4.4640655,4.3614517,7.3288248,5.4448597,6.3792638,2.0642113,5.5594779,7.1584826,6.02707,7.2472565,8.2072585,9.1132666,7.4937601,8.8100766,4.9363144,5.6184341,5.7183613,4.8163752,5.3869764,5.8555074,8.7785931,6.6828956,7.8331278,2.9292692,5.3966908,4.6675938,4.039341,4.3399314,4.276049,7.517653,5.5213609,6.4998727,2.3243117,5.0604604,8.3002599,6.752121
1981-09-01 00:00:00,393.9593362,120.4674319,108.4270139,56.4703924,47.9103558,39.1904367,13.1268212,1.5585714,6.8083129,210.030253,63.0567353,55.258133,29.9884592,27.6017893,21.5766405,7.7381271,1.0634939,3.7468747,183.9290832,57.4106966,53.1688809,26.4819332,20.3085665,17.6137962,5.3886941,0.4950775,3.0614382,330.2459458,101.5810982,89.141568,45.6345613,42.6808782,32.9905381,11.876598,1.5585714,4.7821326,194.647301,58.4609508,51.1350395,26.9272281,26.7295718,19.8128753,7.3566001,1.0634939,3.1615415,135.5986448,43.1201474,38.0065285,18.7073332,15.9513064,13.1776628,4.5199979,0.4950775,1.6205911,63.7133904,18.8863337,19.2854459,10.8358311,5.2294776,6.1998986,1.2502232,0,2.0261803,15.382952,4.5957845,4.1230935,3.0612311,0.8722175,1.7637652,0.381527,0,0.5853332,48.3304384,14.2905492,15.1623524,7.7746,4.3572601,4.4361334,0.8686962,0,1.4408471,5.7123237,5.0053355,5.8666596,5.3665726,7.7726202,6.3936653,7.0240461,2.4693223,6.1856311,4.87361,4.1605396,4.8660249,4.4910569,7.2066944,5.6192863,6.4508741,2.6732427,5.862846,7.1094288,6.4420263,7.461261,6.8869292,8.7012989,7.692201,8.0513189,2.1216585,6.6325507,5.7270148,4.9852517,5.77019,5.237036,8.3904321,6.5389434,7.5545009,2.97656,5.3254007,4.7773102,4.0679653,4.7856394,4.26567,7.3613155,5.4338479,6.4339389,2.9830464,5.2849053,8.0138831,7.1803865
1981-10-01 00:00:00,373.9789126,117.5316945,95.0809278,56.2114688,49.5036319,34.5381102,13.1329188,2.9454003,5.0347603,200.8422099,64.0629991,49.3670092,30.18051,27.1632369,18.1297861,7.5504034,1.7621928,2.6260724,173.1367027,53.4686954,45.7139186,26.0309588,22.340395,16.4083241,5.5825154,1.1832075,2.4086879,306.6893825,92.8025651,77.4579481,47.0132581,42.4498842,28.7636107,11.5115008,2.4955474,4.1950681,186.4572031,58.2308043,46.1836436,28.1754932,25.6384306,16.9001751,7.4358783,1.5481928,2.3445852,120.2321794,34.5717608,31.2743045,18.8377649,16.8114536,11.8634356,4.0756225,0.9473546,1.8504829,67.2895301,24.7291294,17.6229797,9.1982107,7.0537477,5.7744995,1.621418,0.4498529,0.8396922,14.3850068,5.8321948,3.1833656,2.0050168,1.5248063,1.229611,0.1145251,0.214,0.2814872,52.9045233,18.8969346,14.4396141,7.1931939,5.5289414,4.5448885,1.5068929,0.2358529,0.558205,5.4841132,4.9454316,5.2182445,5.3687794,8.1045458,5.6941734,7.0498726,4.8202744,4.623499,4.710437,4.2744185,4.4093639,4.5245859,7.1937155,4.7765422,6.3102406,4.5586532,4.1734354,6.774945,6.091095,6.5073963,6.8507417,9.5792558,7.2285599,8.3780384,5.270784,5.2395238,5.3903115,4.6424292,5.0731034,5.3855764,8.4850691,5.8276463,7.3586815,4.7780787,4.7495773,4.6287298,4.1051661,4.3964889,4.4475272,7.1653272,4.6984857,6.5250691,4.2499904,4.0484346,7.2368748,5.9551809
1981-11-01 00:00:00,375.0185877,126.7585517,90.8097517,53.4817691,46.0656034,36.9193144,12.0942109,3.9443797,4.9450068,201.5237266,68.9559245,47.6829151,26.9684752,26.958184,20.1073809,6.4695457,1.9958763,2.3854249,173.4948611,57.8026272,43.1268366,26.5132939,19.1074194,16.8119335,5.6246652,1.9485034,2.5595819,313.1941994,103.6666676,78.0044916,42.7074671,40.0409545,31.930709,10.2403429,3.1374982,3.4660685,186.6599473,62.1447685,45.0341676,24.0608682,25.930747,18.9696048,6.411624,1.9958763,2.1122909,126.5342521,41.5218991,32.970324,18.6465989,14.1102075,12.9611042,3.8287189,1.1416219,1.3537776,61.8243883,23.0918841,12.8052601,10.774302,6.0246489,4.9886054,1.853868,0.8068815,1.4789383,14.8637793,6.811156,2.6487475,2.907607,1.027437,1.1377761,0.0579217,0,0.273134,46.960609,16.2807281,10.1565126,7.866695,4.9972119,3.8508293,1.7959463,0.8068815,1.2058043,5.5082058,5.3308195,5.0213242,5.1320237,7.5296328,6.0412385,6.5668947,6.3710258,4.4579876,4.7371434,4.6292434,4.2605649,4.0661444,7.1219858,5.2464559,5.4568289,5.1157921,3.7994223,6.7924185,6.5073161,6.256493,6.9979164,8.1911095,7.3780183,8.5727867,8.5097906,5.3168708,5.5115492,5.1813294,5.1215218,4.9568851,8.0201677,6.3984445,6.6343566,5.7863425,3.8420023,4.6352353,4.402534,4.266682,3.8528032,7.2051408,5.1968756,5.6442554,5.2860681,3.5705468,7.6431326,7.0471014
1981-12-01 00:00:00,437.5614813,137.9747859,108.9786132,69.010789,50.0436759,45.3185653,17.1593193,2.2320474,6.8436853,233.8495256,76.3814744,58.6193535,33.0178174,29.2266543,23.0771839,9.2914928,1.0664491,3.1691002,203.7119557,61.5933115,50.3592597,35.9929716,20.8170216,22.2413814,7.8678265,1.1655983,3.6745851,362.1349966,113.4590981,87.9095873,58.5539351,42.5007627,37.3566761,15.2484369,2.2320474,4.874453,207.2351058,66.5550962,50.9825857,29.96697,26.8862143,20.7488558,8.9537079,1.0664491,2.0752268,154.8998908,46.9040019,36.9270016,28.5869651,15.6145484,16.6078203,6.294729,1.1655983,2.7992262,75.4264847,24.5156878,21.0690259,10.4568539,7.5429132,7.9618892,1.9108824,0,1.9692323,26.6144198,9.8263782,7.6367678,3.0508474,2.34044,2.3283281,0.3377849,0,1.0938734,48.8120649,14.6893096,13.4322581,7.4060065,5.2024732,5.6335611,1.5730975,0,0.8753589,6.3009017,5.7086923,5.9027846,6.4445926,8.0533311,7.2247914,9.0128494,3.7654637,6.1042537,5.3822415,5.0376044,5.113874,4.8525111,7.6213664,5.8341861,7.6025152,2.8995187,4.9617602,7.8363073,6.8383944,7.1947653,9.219393,8.7495775,9.5986497,11.5412678,5.1812163,7.6168412,6.1936451,5.514966,5.6297818,6.5230466,8.3247916,7.2107628,9.5108991,4.4931449,5.3084019,5.03952,4.6203077,4.728459,4.6544529,7.3966201,5.497325,7.6390442,3.2546209,3.5316187,8.9295912,7.6043604
1982-01-01 00:00:00,443.8617791,145.3940941,105.336614,69.0066904,49.4291837,48.0738626,16.9423149,2.9702009,6.7088185,239.8523402,82.3832616,53.7023098,35.4897651,26.9067285,26.1205077,10.0470602,1.3471572,3.8555501,204.0094389,63.0108325,51.6343042,33.5169253,22.5224552,21.9533549,6.8952547,1.6230437,2.8532684,380.457641,126.2152338,90.487325,56.963468,42.9065859,41.5687552,15.2704058,2.1720402,4.8738271,222.1845717,76.4773039,49.421665,32.4007031,25.6201923,24.1261238,9.853829,1.3471572,2.9375974,158.2730693,49.7379299,41.06566,24.5627649,17.2863936,17.4426314,5.4165768,0.824883,1.9362297,63.4041381,19.1788603,14.849289,12.0432224,6.5225978,6.5051074,1.6719091,0.7981607,1.8349914,17.6677685,5.9059577,4.2806448,3.089062,1.2865362,1.9943839,0.1932312,0,0.9179527,45.7363696,13.2729026,10.5686442,8.9541604,5.2360616,4.5107235,1.4786779,0.7981607,0.9170387,6.5279931,6.1154704,5.8726186,6.6306517,8.1081311,7.7702164,9.0171281,4.7660768,6.1583746,5.5643937,5.4513997,4.7718355,5.2830379,7.0491342,6.6092042,8.1715393,3.4444245,6.1098423,8.1968513,7.2739879,7.7263416,9.0842986,9.8816386,9.8234141,10.6181309,6.9933529,6.2251932,6.5535315,6.1686924,5.879282,6.4225276,8.4147261,8.0523272,9.5580766,3.8169189,5.3854268,5.4262647,5.312511,4.645228,5.0844668,7.0572696,6.4215464,8.3652441,3.5310348,4.9632936,9.2515694,8.2009263
1982-02-01 00:00:00,488.8427456,163.2592191,122.2420117,75.1757547,51.1689297,46.8697333,17.7555747,4.6976803,7.6738421,252.9357729,89.0728446,60.1321873,35.8178068,27.8393776,23.9732977,10.3658599,2.2472805,3.4871185,235.9069727,74.1863745,62.1098244,39.3579479,23.3295521,22.8964356,7.3897148,2.4503998,4.1867236,410.123631,137.8812932,101.4352351,60.6003164,44.108221,40.6980737,15.6448824,4.1485367,5.6070725,237.4042864,84.1787828,56.3196028,32.2072924,26.3716432,22.8209128,10.1080315,2.1319291,3.2660918,172.7193446,53.7025104,45.1156323,28.393024,17.7365778,17.8771609,5.5368509,2.0166076,2.3409807,78.7191146,25.3779259,20.8067766,14.5754383,7.0607087,6.1716596,2.1106923,0.5491436,2.0667696,15.5314865,4.8940618,3.8125845,3.6105144,1.4677344,1.1523849,0.2578284,0.1153514,0.2210267,63.1876281,20.4838641,16.9941921,10.9649239,5.5929743,5.0192747,1.8528639,0.4337922,1.8457429,7.0629818,6.7544216,6.6618361,7.0204217,8.2693783,7.5500113,9.5260717,7.5328042,6.9743416,5.8199372,5.822844,5.2894102,5.2950179,7.245216,6.0878592,8.429441,5.8624269,5.4755983,9.1608216,8.3603654,8.8967428,9.9799086,9.9473191,10.0864642,11.6525459,10.1975296,9.0338341,7.015791,6.6830358,6.4895095,6.8058118,8.6564431,7.945608,9.7595445,7.4350546,6.1459153,5.7452568,5.7740545,5.2064653,5.0507599,7.2257919,6.1012567,8.5640912,5.7201641,5.3893982,10.079662,8.8724349
1982-03-01 00:00:00,463.8723655,153.4539875,119.0668913,66.2579433,47.4117169,45.807939,17.4724532,4.7452446,9.6561897,239.1206479,79.885534,61.1512306,32.7025489,25.7663243,22.2703499,9.7108448,2.8799061,4.7539093,224.7517176,73.5684535,57.9156607,33.5553944,21.6453926,23.5375891,7.7616084,1.8653385,4.9022804,377.709613,124.6672794,97.6268019,53.2786958,40.0008323,37.8554496,14.5276612,3.7185225,6.0343703,217.0704894,73.0971222,56.2481718,29.6804939,23.2214664,19.5719929,9.1969789,2.5079061,3.5463572,160.6391236,51.5701572,41.3786301,23.5982019,16.7793659,18.2834567,5.3306823,1.2106164,2.4880131,86.1627525,28.7867081,21.4400894,12.9792475,7.4108846,7.9524894,2.944792,1.0267221,3.6218194,22.0501585,6.7884118,4.9030588,3.022055,2.5448579,2.698357,0.5138659,0.372,1.2075521,64.112594,21.9982963,16.5370306,9.9571925,4.8660267,5.2541324,2.4309261,0.6547221,2.4142673,6.663652,6.3005114,6.4453877,6.1852798,7.6392707,7.3465921,9.2260522,7.570234,8.7077499,5.5080904,5.2350143,5.3866614,4.825978,6.7342716,5.661865,7.9010653,7.2812013,7.428603,8.5784043,8.0880464,8.1332517,8.5255961,9.0940691,10.2254252,11.6757752,8.0644774,10.453238,6.5021414,6.076114,6.3116407,5.9501957,7.9287572,7.4505747,9.1808689,6.7348892,6.7789222,5.2851425,5.0550633,5.2306201,4.6449863,6.4494045,5.2585968,7.858608,6.5845125,5.9644863,9.4392543,8.5135499
1982-04-01 00:00:00,440.0311114,146.388845,111.2282917,64.2908477,45.2020809,43.6096069,16.9967728,4.2757755,8.0388909,228.138499,79.8780916,54.0351414,31.5188214,24.9054158,21.4391478,10.4125141,2.1369535,3.8124134,211.8926124,66.5107534,57.1931503,32.7720263,20.2966651,22.1704591,6.5842587,2.138822,4.2264775,366.3770834,123.5907202,91.0764649,53.8415834,38.8230919,36.5833921,14.4883133,3.5047035,4.4688141,211.0468163,75.6549522,48.7583149,29.1825397,23.1491362,19.3567544,10.048003,2.1369535,2.7601624,155.3302671,47.935768,42.31815,24.6590437,15.6739557,17.2266377,4.4403103,1.36775,1.7086517,73.654028,22.7981248,20.1518268,10.4492643,6.378989,7.0262148,2.5084595,0.771072,3.5700768,17.0916827,4.2231394,5.2768265,2.3362817,1.7562796,2.0823934,0.3645111,0,1.052251,56.5623453,18.5749854,14.8750003,8.1129826,4.6227094,4.9438214,2.1439484,0.771072,2.5178258,6.4036254,6.1045681,6.0799147,6.098115,7.3997738,7.0015123,9.1447746,6.9052699,7.4187768,5.3044473,5.2876094,4.791805,4.6885424,6.6124052,5.4675883,8.6035671,5.7665989,6.0063666,8.2425954,7.4953872,8.1497149,8.5785686,8.6659835,9.6081498,10.1549885,8.6024166,9.4160599,6.3855437,6.1150598,5.931004,6.1131857,7.8341549,7.2166692,9.2845262,6.4798968,5.1045901,5.2149626,5.3030314,4.6018796,4.6257583,6.5601696,5.2487505,8.7471968,6.01742,4.7699853,9.1875835,8.063862
1982-05-01 00:00:00,453.762636,150.3953793,117.5879227,66.3903432,47.4079264,41.7046038,17.1452098,5.0965334,8.0347174,240.8747568,85.109721,57.7141626,33.0532835,25.2515906,21.7617734,10.6987104,2.7925746,4.4929407,212.8878792,65.2856583,59.8737601,33.3370597,22.1563358,19.9428304,6.4464994,2.3039588,3.5417766999999998,375.6648792,125.0450766,95.167252,54.6755458,41.2055701,34.85201,15.208466,4.0793954,5.4315633,220.8816172,78.3346568,51.4025739,30.1247545,24.0779079,20.4518842,10.5350367,2.4169079,3.5378953,154.783262,46.7104198,43.7646781,24.5507913,17.1276622,14.4001258,4.6734293,1.6624875,1.893668,78.0977568,25.3503027,22.4206707,11.7147974,6.2023563,6.8525938,1.9367438,1.017138,2.6031541,19.9931396,6.7750642,6.3115887,2.928529,1.1736827,1.3098892,0.1636737,0.3756667,0.9550454,58.1046172,18.5752385,16.109082,8.7862684,5.0286736,5.5427046,1.7730701,0.6414713,1.6481087,6.5813567,6.2476367,6.4164419,6.2431952,7.7753476,6.6747593,9.2761756,7.9090719,7.4656104,5.5780501,5.6024319,5.0846016,4.889454,6.7456405,5.5554096,8.8778489,7.1776839,7.1844587,8.2629779,7.3513298,8.5837331,8.6055207,9.4129436,8.555909,10.0224769,9.0235485,7.8555834,6.5234919,6.1182457,6.242624,6.1702981,8.3221302,6.8404079,9.7894345,7.2496336,6.1724697,5.431065,5.444222,4.8441037,4.7390306,6.8488833,5.5313167,9.1830121,6.5278749,6.0704493,9.1498755,7.7214013
1982-06-01 00:00:00,451.6282391,154.0681569,114.6104207,64.6708349,46.3281321,46.0492542,16.5161761,2.531785,6.8534792,240.648827,85.3518445,57.7483288,31.1209335,25.5116069,26.045189,10.2788835,1.2488361,3.3432047,210.9794121,68.7163124,56.8620919,33.5499014,20.8165252,20.0040652,6.2372926,1.2829489,3.5102745,369.6601344,125.6449749,89.7512849,53.6181151,40.2556166,39.0094572,14.8696093,1.8168432,4.6942332,216.7736179,75.7177112,50.9581413,28.4199312,23.605219,23.8308013,10.1320463,1.1051218,3.0046458,152.8865165,49.9272637,38.7931436,25.1981839,16.6503976,15.1786559,4.737563,0.7117214,1.6895874,81.9681047,28.423182,24.8591358,11.0527198,6.0725155,7.039797,1.6465668,0.7149418,2.159246,23.8752091,9.6341333,6.7901875,2.7010023,1.9063879,2.2143877,0.1468372,0.1437143,0.3385589,58.0928956,18.7890487,18.0689483,8.3517175,4.1661276,4.8254093,1.4997296,0.5712275,1.8206871,6.5778391,6.4193799,6.2767325,6.1231468,7.6744264,7.3623241,9.0010078,4.0030326,6.354528,5.5892334,5.6334455,5.1000147,4.6395642,6.8175382,6.6331044,8.6182777,3.2242503,5.3460275,8.2403296,7.7649412,8.1976391,8.7052804,9.071827,8.5921797,9.7117629,5.2335205,7.7462728,6.4549168,6.2288812,5.9006344,6.0646529,8.1751453,7.5983597,9.5015657,3.305998,5.3801868,5.3553693,5.3345661,4.8003112,4.4868933,6.7142842,6.4190059,8.8001518,2.9917979,5.1317863,9.1057082,8.3524414
1982-07-01 00:00:00,453.3858175,156.9895571,115.8156264,61.9188757,46.0338878,46.6585575,16.2382563,2.7017311,7.0293256,254.0510155,92.4718757,59.6265434,33.2818436,26.4656192,28.6023692,9.9019754,0.7795175,2.9212715,199.334802,64.5176814,56.189083,28.6370321,19.5682686,18.0561883,6.3362809,1.9222136,4.1080541,378.5838979,133.1835472,92.2894028,52.5884648,39.8635074,39.9320681,14.2449194,1.8837546,4.5982336,233.7009537,84.9968798,54.3843377,30.2816115,24.4954481,26.8411509,9.6492552,0.7795175,2.272753,144.8829442,48.1866674,37.9050651,22.3068533,15.3680593,13.0909172,4.5956642,1.1042371,2.3254806,74.8019196,23.8060099,23.5262236,9.3304109,6.1703804,6.7264894,1.9933369,0.8179765,2.431092,20.3500618,7.4749959,5.2422057,3.0002321,1.9701711,1.7612183,0.2527202,0,0.6485185,54.4518578,16.331014,18.2840179,6.3301788,4.2002093,4.9652711,1.7406167,0.8179765,1.7825735,6.5905958,6.5515185,6.3085192,5.8081401,7.6636645,7.4781932,8.7377308,4.2904507,6.5264987,5.8835794,6.1039877,5.2677202,4.8670309,7.1034998,7.2770912,8.2492623,1.9914699,4.6752529,7.7825112,7.3208266,7.9821114,7.4917357,8.5785976,7.8205442,9.6287312,8.0670443,9.0844592,6.595956,6.5933234,6.0239709,5.8830569,8.1444931,7.8640626,9.1839934,3.343964,5.4061215,5.7398946,5.9516207,5.0935366,4.6907662,6.9944798,7.2482551,8.4482595,2.0524517,3.9594574,8.6854212,8.1417584
1982-08-01 00:00:00,461.3568157,155.0816011,110.0715509,68.7744358,50.5964945,48.7319947,17.2537117,3.8219201,7.0251069,271.66564,93.9536568,62.2709844,39.8484281,28.6813837,30.0208923,10.4044113,2.4196882,4.0661952,189.6911757,61.1279443,47.8005665,28.9260077,21.9151108,18.7111024,6.8493004,1.4022319,2.9589117,387.5954299,131.9960806,89.0206954,57.7875135,42.9056875,42.6443599,15.48351,2.5774018,5.1801812,250.3587854,87.5741412,55.1397256,36.2184623,26.9333646,28.8592731,10.1260011,2.2518018,3.2560157,137.2366445,44.4219394,33.8809698,21.5690512,15.9723229,13.7850868,5.3575089,0.3256,1.9241655,73.7613858,23.0855205,21.0508555,10.9869223,7.690807,6.0876348,1.7702017,1.2445183,1.8449257,21.3068546,6.3795156,7.1312588,3.6299658,1.7480191,1.1616192,0.2784102,0.1678864,0.8101795,52.4545312,16.7060049,13.9195967,7.3569565,5.9427879,4.9260156,1.4917915,1.0766319,1.0347462,6.7442882,6.510462,6.024553,6.5075592,8.4251229,7.8376967,9.3635564,6.1504824,6.6232696,6.3236723,6.2326064,5.5105059,5.8901329,7.7244414,7.6895452,8.7239534,6.2559315,6.5238918,7.4543818,6.9893811,6.8579644,7.6058889,9.5600565,8.0877053,10.5370706,5.976643,6.7648812,6.8316803,6.6226464,5.8772224,6.5512395,8.7895071,8.4698985,10.0486401,4.9549862,6.0297144,6.2079913,6.1890465,5.2189259,5.6980729,7.721777,7.8371284,8.8744917,6.099929,5.6481414,8.3647535,7.6839179
1982-09-01 00:00:00,509.0759687,177.6419104,127.4197847,75.2754295,51.9300797,47.0064157,18.542904,4.4768874,6.7825573,294.3297544,108.2288324,69.427124,39.0088091,30.1215068,30.244887,11.4850763,2.078057,3.7354618,214.7462143,69.413078,57.9926607,36.2666204,21.8085729,16.7615287,7.0578277,2.3988304,3.0470955,423.0818628,150.2020688,104.2889528,58.9211523,46.0845465,39.5665511,16.6054699,2.7738914,4.63923,272.1669533,99.8272444,63.5289885,36.1560936,28.7879718,27.487283,11.3334232,1.8975448,3.148404,150.9149095,50.3748244,40.7599643,22.7650587,17.2965747,12.0792681,5.2720467,0.8763466,1.490826,85.9941059,27.4398416,23.1308319,16.3542772,5.8455332,7.4398646,1.9374341,1.702996,2.1433273,22.1628011,8.401588,5.8981355,2.8527155,1.333535,2.757604,0.1516531,0.1805122,0.5870578,63.8313048,19.0382536,17.2326964,13.5015617,4.5119982,4.6822606,1.785781,1.5224838,1.5562695,7.3221019,7.3433856,6.8775661,6.9636096,8.558946,7.4266727,9.8915705,6.8425813,6.321941,6.7506938,7.0518578,6.0776886,5.6687293,7.9799998,7.6388907,9.6296895,5.2348708,5.9854473,8.2830426,7.84934,8.1638476,9.2318443,9.5120955,7.0721519,10.3495829,9.3229261,6.7898933,7.3189981,7.3622366,6.7516027,6.6037923,9.2332234,7.7634817,10.7431471,5.1114169,5.398249,6.6371515,6.8992588,5.9247275,5.600504,8.0788626,7.4004049,9.9656408,5.1267654,5.4875942,8.9833566,8.4914474
1982-10-01 00:00:00,540.6244616,198.2484621,130.6474094,75.0884567,52.2901051,51.308897,21.1080797,4.4656554,7.4673962,308.2427812,118.9876332,67.1635223,41.810272,30.2358286,29.7518191,14.0136111,2.4723494,3.8077455,232.3816804,79.2608289,63.4838871,33.2781847,22.0542765,21.5570779,7.0944686,1.993306,3.6596507,447.9716154,168.777131,103.0234134,62.1243168,43.9661703,42.1961734,18.5631367,3.459953,5.8613208,287.6192958,110.6751007,62.1947454,39.4218992,27.7565136,28.1722326,13.6495561,2.3299923,3.4192559,160.3523196,58.1020303,40.828668,22.7024176,16.2096567,14.0239408,4.9135806,1.1299607,2.4420649,92.6528462,29.4713311,27.623996,12.9641399,8.3239348,9.1127236,2.544943,1.0057024,1.6060754,20.6234854,8.3125325,4.9687769,2.3883728,2.479315,1.5795865,0.364055,0.1423571,0.3884896,72.0293608,21.1587986,22.6552191,10.5757671,5.8446198,7.5331371,2.180888,0.8633453,1.2175858,7.7657049,8.2040175,7.0981336,6.8561149,8.4598215,8.1087764,11.4933868,6.6318762,6.9417572,7.0735436,7.7899911,5.9161507,5.9992038,7.9003553,7.5236354,11.8953476,6.0399345,6.2263756,8.9240049,8.9153501,9.0005797,8.3556043,9.3694647,9.0838223,10.7742309,7.5495869,7.8842821,7.797749,8.3857467,6.7766396,6.8470424,8.8726652,8.2349157,12.1530487,6.0048237,6.7890927,7.0462269,7.7532771,5.8566766,6.0200296,7.7750879,7.5711735,12.1117985,5.976326,6.0132449,9.6423938,9.9285008
1982-11-01 00:00:00,555.1838611,210.7733681,128.3401951,80.8597917,54.1911821,50.1576571,18.192435,4.6392611,8.0299709,327.70817,126.1772637,72.1037057,46.7575127,33.1872697,30.9653783,12.0082244,2.2466426,4.2621729,227.4756911,84.5961044,56.2364894,34.102279,21.0039124,19.1922788,6.1842106,2.3926185,3.767798,486.4407575,186.5515687,112.1080453,69.1652077,47.0561329,43.7349498,17.1199098,3.9214041,6.7835392,314.2612708,122.0526133,69.2037157,43.8365278,31.3189592,29.8948645,11.737731,2.1116426,4.1052167,172.1794867,64.4989554,42.9043296,25.3286799,15.7371737,13.8400853,5.3821788,1.8097615,2.6783225,68.7431036,24.2217994,16.2321498,11.694584,7.1350492,6.4227073,1.0725252,0.717857,1.2464317,13.4468992,4.1246504,2.89999,2.9209849,1.8683105,1.0705138,0.2704934,0.135,0.1569562,55.2962044,20.097149,13.3321598,8.7735991,5.2667387,5.3521935,0.8020318,0.582857,1.0894755,8.020573,8.7078019,7.0823568,7.42857,8.8158642,7.9676359,9.8840009,7.2784454,7.3764445,7.5678509,8.2930206,6.4182481,6.7988182,8.7040535,7.8009047,10.2202561,5.6647683,6.8471847,8.7769817,9.4097681,8.1656696,8.5092449,8.9985076,8.2522076,9.2904751,9.936204,8.0832257,8.472372,9.194694,7.4349048,7.6580103,9.5781887,8.537812,11.1424909,7.1195457,7.5967875,7.7282099,8.5505676,6.5772088,6.7647064,8.8041333,8.0073489,10.4064936,5.4716431,7.0360317,10.2789004,10.7233141
1982-12-01 00:00:00,677.4742334,250.9596153,159.1702488,110.186019,63.5170582,58.513603,21.7031515,4.5035462,8.9209914,405.0967437,153.8050848,89.4493952,66.8565216,38.234655,35.2397206,13.8145445,2.6030475,5.0937745,272.3774897,97.1545305,69.7208536,43.3294974,25.2824032,23.2738824,7.888607,1.9004987,3.8272169,588.0583585,222.1985743,134.5255945,95.5606058,54.8109583,49.5825609,20.0958464,4.0657548,7.2184635,378.7177005,145.3507493,82.2662722,62.0237517,35.7341741,32.7035381,13.5314573,2.6030475,4.5047103,209.340658,76.847825,52.2593223,33.5368541,19.0767842,16.8790228,6.5643891,1.4627073,2.7137532,89.4158749,28.761041,24.6446543,14.6254132,8.7060999,8.9310421,1.6073051,0.4377914,1.7025279,26.3790432,8.4543355,7.183123,4.8327699,2.5004809,2.5361825,0.2830872,0,0.5890642,63.0368317,20.3067055,17.4615313,9.7926433,6.205619,6.3948596,1.3242179,0.4377914,1.1134637,9.6128708,10.2573844,8.5491559,9.9062531,10.202342,9.1131436,11.5020255,7.3897112,7.9260277,9.1882809,9.9981967,7.7925418,9.4705301,9.856886,8.7094185,11.419139,6.7447435,7.8849995,10.322283,10.6963556,9.7656536,10.6632346,10.7733505,9.8010559,11.6501126,8.5034465,7.9813006,10.0466481,10.7956348,8.7502846,10.2926701,10.9234561,9.4449303,12.7351118,7.5487946,7.946537,9.145684,10.0416806,7.6743403,9.3379234,9.8379823,8.5918343,11.6889163,7.0051551,7.4449037,12.2254525,12.5824973
1983-01-01 00:00:00,694.5869849,252.2775852,156.2151063,118.7210173,66.5720976,63.5308539,22.5651501,4.5329223,10.1722522,431.6801949,159.7222701,90.4356605,76.9449552,40.6750713,39.3397768,14.947489,2.9437054,6.6712666,262.90679,92.5553151,65.7794458,41.7760621,25.8970263,24.1910771,7.6176611,1.5892169,3.5009856,628.1620694,231.40773,138.4746368,107.5793928,59.8227604,56.2338724,21.4713038,3.7150754,9.4572978,409.5994404,152.7387897,84.8103205,72.9442715,38.7409668,36.9248892,14.4983451,2.5167677,6.4250899,218.562629,78.6689403,53.6643163,34.6351213,21.0817936,19.3089832,6.9729587,1.1983077,3.0322079,66.4249155,20.8698552,17.7404695,11.1416245,6.7493372,7.2969815,1.0938463,0.8178469,0.7149544,22.0807545,6.9834804,5.62534,4.0006837,1.9341045,2.4148876,0.4491439,0.4269377,0.2461767,44.344161,13.8863748,12.1151295,7.1409408,4.8152327,4.8820939,0.6447024,0.3909092,0.4687777,10.1153912,10.5211132,8.6491712,11.0556932,11.0786486,10.0504771,12.0906739,7.4408037,9.3957115,9.9099195,10.4844195,8.0057353,11.0375602,10.697135,9.7838877,12.3582305,7.4514306,10.5768455,10.4718979,10.585043,9.7236085,11.0892477,11.7360697,10.5164686,11.5979677,7.4211994,7.7471569,10.8112235,11.2739211,9.094698,11.7679446,12.0791636,10.7613117,13.6162507,6.9284919,10.3016394,9.9666102,10.6052456,7.9903432,11.0903649,10.8467608,9.7423261,12.5230424,6.6513913,10.6081068,12.8523863,12.846554
1983-02-01 00:00:00,750.0923573,279.7894028,172.467266,125.8190692,68.7501188,66.6961718,21.4275868,5.252743,9.8899989,441.3775127,163.5051625,95.6220127,77.4580583,41.6544307,39.8569546,14.6011054,2.8477732,5.8320153,308.7148446,116.2842403,76.8452533,48.3610109,27.0956881,26.8392172,6.8264814,2.4049698,4.0579836,655.0227349,246.5944311,150.4449185,107.7262109,59.1170687,58.2591035,20.6572654,4.4645193,7.7592175,418.2749505,157.0098628,90.3871078,72.2333984,38.6256247,37.4207475,14.4653897,2.8477732,5.2850464,236.7477844,89.5845683,60.0578107,35.4928125,20.491444,20.838356,6.1918757,1.6167461,2.4741711,95.0696224,33.1949717,22.0223475,18.0928583,9.6330501,8.4370683,0.7703214,0.7882237,2.1307814,23.1025622,6.4952997,5.2349049,5.2246599,3.028806,2.4362071,0.1357157,0,0.5469689,71.9670602,26.699672,16.7874426,12.8681984,6.6042441,6.0008612,0.6346057,0.7882237,1.5838125,10.694156,11.3643612,9.3427821,11.5513418,11.1002526,10.4894192,11.5361413,8.3156197,8.7731485,10.0468232,10.6254118,8.3560586,11.0974482,10.800376,9.9441962,12.159697,7.0772813,8.9352255,11.779255,12.5960907,10.9520582,12.361108,11.5951809,11.4191857,10.3958843,10.4887916,8.550252,11.1897031,11.8592287,9.782362,11.8427498,11.7920153,11.1340753,13.0974776,8.2349559,8.585235,10.1011968,10.7833474,8.4226815,10.9768435,10.7252842,9.8706285,12.5790569,7.3917552,8.686358,13.8210273,14.3724822
1983-03-01 00:00:00,733.9242453,282.2477688,169.0687576,117.13098,68.4020699,62.336017,19.8647825,4.2763425,10.597527,434.6238363,168.4320376,93.3733087,70.7215995,41.090956,40.0509131,13.6497597,1.8512903,5.4539714,299.300409,113.8157312,75.6954489,46.4093805,27.3111139,22.2851039,6.2150228,2.4250522,5.1435556,637.9028863,246.7016525,145.2226577,102.2205051,59.4458486,54.6577828,17.9812811,3.3844729,8.2886856,411.676404,160.0841268,87.7536987,67.0376716,39.4872614,37.4678439,13.3216188,1.5715403,4.9526425,226.2264823,86.6175257,57.468959,35.1828335,19.9585872,17.1899389,4.6596623,1.8129326,3.3360431,96.021359,35.5461163,23.8460999,14.9104749,8.9562213,7.6782342,1.8835014,0.8918696,2.3088414,22.9474323,8.3479108,5.61961,3.6839279,1.6036946,2.5830692,0.3281409,0.27975,0.5013289,73.0739267,27.1982055,18.2264899,11.226547,7.3525267,5.095165,1.5553605,0.6121196,1.8075125,10.4188046,11.4179574,9.1555232,10.6334606,11.0223817,9.7642693,10.6594433,6.6500841,9.259328,9.924757,10.9499395,8.211965,10.1833856,10.6903349,9.9780705,11.4458687,4.6290733,8.4614984,11.2306233,12.1889295,10.6674679,11.4013435,11.5627318,9.4022005,9.2618277,9.9745434,10.2879113,10.952545,11.9224143,9.545989,11.1396043,11.8872735,10.618103,11.5365297,6.1062605,9.213629,10.0296055,11.1339604,8.261938,10.2380635,10.9357296,9.9463364,11.6957061,4.084124,8.2940703,13.1555223,13.7177803
1983-04-01 00:00:00,709.2508309,259.6765674,171.6940769,117.7425436,65.0016888,61.8061976,19.4557741,3.6668286,10.2071539,429.5874127,162.1128742,99.4221765,69.8238225,39.7689862,38.0385065,13.1672475,2.2486545,5.0051448,279.6634182,97.5636932,72.2719004,47.9187211,25.2327026,23.7676911,6.2885266,1.4181741,5.2020091,611.7167259,227.0495588,143.8600927,103.3796567,56.4689362,52.6309689,17.9232734,2.8987875,7.5054517,406.2054804,154.6365023,93.0808509,65.9328099,37.4519206,35.6353511,12.6957292,2.2486545,4.5236619,205.5112455,72.4130565,50.7792418,37.4468468,19.0170156,16.9956178,5.2275442,0.650133,2.9817898,97.534105,32.6270086,27.8339842,14.3628869,8.5327526,9.1752287,1.5325007,0.7680411,2.7017022,23.3819323,7.4763719,6.3413256,3.8910126,2.3170656,2.4031554,0.4715183,0,0.4814829,74.1521727,25.1506367,21.4926586,10.4718743,6.215687,6.7720733,1.0609824,0.7680411,2.2202193,10.1849107,10.6560198,9.3892062,10.7468334,10.7120691,9.7350046,10.5425398,5.9086981,8.929467,9.8584031,10.6086295,8.7937335,9.9995432,10.458485,9.5475396,11.0755903,5.8530644,7.7467432,10.73084,10.7357072,10.3536963,12.0601188,11.1376964,10.0508449,9.57739,5.9991118,10.4670312,10.5868256,11.080082,9.5213272,11.2919107,11.507884,10.2576631,11.5988509,5.3582012,8.3331384,9.9481756,10.8131156,8.8144756,10.0631305,10.4834404,9.5123389,11.2301235,6.0479111,7.559689,12.1254296,11.6967721
1983-05-01 00:00:00,720.5403641,266.6372967,177.5111519,115.0339239,67.821209,59.3050154,20.5662614,4.8445062,8.8209996,435.3293963,162.3334436,102.5702605,71.2579778,41.2995316,37.4660176,13.2935461,2.4722925,4.6363266,285.2109678,104.3038531,74.9408914,43.7759461,26.5216774,21.8389978,7.2727153,2.3722137,4.184673,627.5070203,234.6173301,151.174693,101.5458653,59.3441047,51.8773687,19.1170331,3.7296923,6.1009331,412.8313762,154.322261,95.9407464,68.4392958,39.5483664,35.5271356,12.9632378,2.2008064,3.8895268,214.6756441,80.2950691,55.2339466,33.1065695,19.7957383,16.3502331,6.1537953,1.5288859,2.2114063,93.0333438,32.0199666,26.3364589,13.4880586,8.4771043,7.4276467,1.4492283,1.1148139,2.7200665,22.4980201,8.0111826,6.6295141,2.818682,1.7511652,1.938882,0.3303083,0.2714861,0.7467998,70.5353237,24.008784,19.7069448,10.6693766,6.7259391,5.4887647,1.11892,0.8433278,1.9732667,10.3032446,10.8860997,9.6674807,10.4867372,11.0856255,9.355644,11.0585707,7.4674721,7.7145337,9.9785345,10.6147583,9.0512893,10.2315598,10.8086776,9.3978109,11.1492243,6.3938111,7.131438,10.8417369,11.3371418,10.6608221,10.9304866,11.5463202,9.2841791,10.8966222,9.0515494,8.4829998,10.79879,11.4104316,9.9216528,11.0924614,11.952233,10.0237799,12.2985344,6.6767579,6.7603322,10.0826652,10.8147901,9.0228916,10.4022668,11.0074861,9.4361719,11.4449507,5.8833377,6.5018789,12.5070693,12.7612596
1983-06-01 00:00:00,693.2207601,259.122503,168.0107128,107.9423085,67.9293667,59.5919173,19.1159483,3.7731997,7.7348038,424.476671,161.9788133,94.5569304,67.4073128,43.1451522,38.7624759,12.5935178,2.4434844,3.5889842,268.7440891,97.1436897,73.4537824,40.5349957,24.7842145,20.8294414,6.5224305,1.3297153,4.1458196,613.8092169,234.8607894,144.0374465,97.0174877,59.5408841,52.3617554,17.2716464,3.295533,5.4236744,407.9366886,158.46457,88.7654677,64.8138769,41.3162983,36.7723846,12.1241062,2.4434844,3.2365005,205.8725283,76.3962194,55.2719788,32.2036108,18.2245858,15.5893708,5.1475402,0.8520486,2.1871739,79.4115432,24.2617136,23.9732663,10.9248208,8.3884826,7.2301619,1.8443019,0.4776667,2.3111294,16.5399824,3.5142433,5.7914627,2.5934359,1.8288539,1.9900913,0.4694116,0,0.3524837,62.8715608,20.7474703,18.1818036,8.3313849,6.5596287,5.2400706,1.3748903,0.4776667,1.9586457,9.9605223,10.6568204,9.1493491,9.9076678,11.1995102,9.466789,10.2415928,5.7163963,6.8034399,9.7606045,10.6356279,8.4017344,9.711132,11.2921574,9.7121239,10.4702291,5.8966191,5.6598531,10.2935299,10.6923455,10.332972,10.2527224,11.0418028,9.0417476,9.827251,5.4124139,8.2457364,10.6064241,11.5300119,9.4638639,10.6202275,12.0732387,10.1273007,11.0526624,5.6587837,6.026256,9.9687279,11.0988085,8.4106226,9.8349069,11.4638817,9.7539925,10.671826,6.0640296,5.5154654,12.1460024,12.540626
1983-07-01 00:00:00,687.2406494,252.6602156,162.9676901,112.1695124,64.6096084,63.3597079,18.1820772,5.9443407,7.3474971,428.9904562,161.4717932,95.0485998,71.8487078,40.7341865,40.6718656,11.3061603,4.2011323,3.7080107,258.2501932,91.1884224,67.9190903,40.3208046,23.8754219,22.6878423,6.8759169,1.7432084,3.6394864,599.3290029,222.6700578,137.2747349,99.3522648,57.0554442,54.97071,16.6978439,5.3474802,5.9604671,407.0153397,154.7456629,88.9594129,68.1062123,38.4419398,38.0836724,10.938725,4.0317037,3.7080107,192.3136632,67.9243949,48.315322,31.2460525,18.6135044,16.8870376,5.7591189,1.3157765,2.2524564,87.9116465,29.9901578,25.6929552,12.8172476,7.5541642,8.3889979,1.4842333,0.5968605,1.38703,21.9751165,6.7261303,6.0891869,3.7424955,2.2922467,2.5881932,0.3674353,0.1694286,0,65.93653,23.2640275,19.6037683,9.0747521,5.2619175,5.8008047,1.116798,0.4274319,1.38703,9.84275,10.4302145,8.8222698,10.2182003,10.7423084,9.8510677,9.8443025,8.5007948,6.356429,9.8344491,10.6527294,8.3739695,10.2145456,10.7910121,10.0882891,9.4702846,9.7410276,5.7274286,9.8565699,10.0581873,9.5367531,10.2247193,10.6602215,9.4526041,10.5279927,6.504835,7.1572561,10.3085512,10.9468327,8.956198,10.7656593,11.652687,10.4590061,10.8100867,8.6266964,6.441634,9.9159806,10.8744343,8.3368008,10.2630924,10.8246287,10.0160101,9.6724825,9.6425039,6.1107081,11.251275,11.1154264
1983-08-01 00:00:00,686.8263651,257.2448759,163.2452171,110.1986278,63.9157486,60.2586443,18.8648182,6.0191097,7.0793235,429.6975753,167.2838318,92.5299213,71.3936927,40.7852278,38.4417048,12.0696573,3.5547265,3.6388131,257.1287898,89.9610441,70.7152958,38.8049351,23.1305208,21.8169395,6.7951609,2.4643832,3.4405104,607.3589716,232.1815582,139.443467,97.8792061,57.3271754,53.0871857,17.0469353,5.4268092,4.9666347,409.5145298,161.7411663,86.5180071,67.5136243,38.518598,37.1018768,11.7370932,3.4480901,2.936074,197.8444418,70.4403919,52.9254599,30.3655818,18.8085774,15.9853089,5.3098421,1.9787191,2.0305607,79.4673935,25.0633177,23.8017501,12.3194217,6.5885732,7.1714586,1.8178829,0.5923005,2.1126888,20.1830455,5.5426655,6.0119142,3.8800684,2.2666298,1.339828,0.3325641,0.1066364,0.7027391,59.284348,19.5206522,17.7898359,8.4393533,4.3219434,5.8316306,1.4853188,0.4856641,1.4099497,9.9138025,10.7271706,8.8798488,10.1051201,10.6207138,9.4937632,10.2595222,9.1718257,6.1565473,9.9161891,11.0925516,8.1761564,10.264385,10.8425246,9.6785763,10.1150795,8.7440808,5.6286391,9.9098168,10.1080416,10.0067785,9.8246559,10.2509423,9.1847359,10.5265191,9.8681375,6.8344987,10.5485722,11.5459661,9.1464169,10.7197576,11.660544,10.3300398,11.1676099,9.250578,5.3805933,10.054546,11.4268865,8.1591342,10.285507,10.8099846,9.9456644,10.3742342,8.8284157,4.9643118,11.7428532,11.8290119
1983-09-01 00:00:00,720.8470066,269.5046598,180.9731037,107.9780794,65.2487104,65.0099592,18.9873305,5.6665221,7.4786415,434.9674141,166.6977167,100.9173521,66.9047889,40.9192213,41.1464827,11.6322085,3.3862727,3.3633712,285.8795925,102.8069431,80.0557516,41.0732905,24.3294891,23.8634765,7.355122,2.2802494,4.1152703,618.9875147,238.1519557,148.1908112,91.2245854,57.0668029,56.1588485,17.2612348,5.317685,5.6155912,410.2631104,159.2031162,92.5613078,63.319597,38.552918,39.1121563,11.3757106,3.0374356,3.1008689,208.7244043,78.9488395,55.6295034,27.9049884,18.5138849,17.0466922,5.8855242,2.2802494,2.5147223,101.8594919,31.3527041,32.7822925,16.753494,8.1819075,8.8511107,1.7260957,0.3488371,1.8630503,24.7043037,7.4946005,8.3560443,3.5851919,2.3663033,2.0343264,0.2564979,0.3488371,0.2625023,77.1551882,23.8581036,24.4262482,13.1683021,5.8156042,6.8167843,1.4695978,0,1.600548,10.182863,10.9838136,9.6190224,9.6907109,10.6520298,10.0455294,10.1474989,8.5511487,6.4119193,9.8709153,10.8910399,8.7237856,9.4929468,10.7216384,10.158518,9.6902016,8.0547173,5.1276261,10.6972251,11.1376491,11.0482438,10.0311138,10.5369731,9.8565015,10.9659331,9.4126599,8.0622956,10.4825948,11.5016299,9.4588977,9.8033783,11.4865859,10.645429,10.9365869,8.9591588,5.8769201,9.8852533,11.0420455,8.5059398,9.5494607,10.7628615,10.211707,9.8839468,7.5925826,5.0931135,11.8954769,12.5554166
1983-10-01 00:00:00,653.1667522,251.7608757,155.1182282,97.0642375,60.9963119,59.3257484,18.8778,2.5466381,7.4769124,400.7902822,159.6060718,89.0921617,61.3295652,36.2056106,37.71191,11.9153275,1.3625811,3.5670543,252.37647,92.1548039,66.0260665,35.7346723,24.7907013,21.6138384,6.9624725,1.184057,3.9098581,567.5651203,222.2363492,130.6195965,83.868954,53.6741533,52.4751777,17.2281477,2.2708689,5.191873,384.5293495,154.2796455,85.0723779,58.9793781,34.6203088,35.6948261,11.7635052,1.3625811,2.7567268,183.0357708,67.9567037,45.5472186,24.8895759,19.0538445,16.7803516,5.4646425,0.9082878,2.4351462,85.6016319,29.5245265,24.4986317,13.1952835,7.3221586,6.8505707,1.6496523,0.2757692,2.2850394,16.2609327,5.3264263,4.0197838,2.3501871,1.5853018,2.0170839,0.1518223,0,0.8103275,69.3406992,24.1981002,20.4788479,10.8450964,5.7368568,4.8334868,1.49783,0.2757692,1.4747119,9.3452409,10.383935,8.3704148,8.8521766,10.0318034,9.2447937,10.1482216,4.0932899,6.3842093,9.1939794,10.5331424,7.8001389,8.7721151,9.5999396,9.3869602,9.9944785,3.51816,5.4191021,9.5959566,10.1352788,9.2865539,8.9930426,10.73724,9.0067872,10.4226026,5.0417562,7.6227443,9.7719447,10.9573555,8.4817964,9.1447451,10.8744752,10.0457746,11.0155175,4.1749799,5.4049811,9.3816942,10.8525945,7.93675,8.9377622,9.747992,9.4281124,10.2652927,3.7639946,4.5333502,10.7076757,11.2028669
1983-11-01 00:00:00,624.7740183,230.7353403,148.0991089,95.8245759,59.3167091,62.3483532,18.6031302,3.9037243,5.9430764,385.8597656,144.7924946,88.7979159,57.8927199,36.8928317,40.2557041,11.8198915,2.4285051,2.9797028,238.9142527,85.9428457,59.301193,37.931856,22.4238774,22.0926491,6.7832387,1.4752192,2.9633736,542.1593488,203.1174004,126.8752879,81.868378,51.5452974,54.2215647,17.0397482,3.1602053,4.3314669,365.474131,137.991646,82.7900841,55.7714125,34.8033148,38.0180698,11.483088,2.2383384,2.3781774,176.6852178,65.1257544,44.0852038,26.0969655,16.7419826,16.2034949,5.5566602,0.9218669,1.9532895,82.6146695,27.6179399,21.223821,13.9561979,7.7714117,8.1267885,1.563382,0.743519,1.6116095,20.3856346,6.8008486,6.0078318,2.1213074,2.0895169,2.2376343,0.3368035,0.1901667,0.6015254,62.2290349,20.8170913,15.2159892,11.8348905,5.6818948,5.8891542,1.2265785,0.5533523,1.0100841,8.9224163,9.5010264,8.0032513,8.6771135,9.7056301,9.6927582,10.0577937,6.0982399,5.1428074,8.8651086,9.6205872,7.7649297,8.2594111,9.7677635,10.0239872,9.9378573,6.0451718,4.6105518,9.0165526,9.3061787,8.3887868,9.4028831,9.6051076,9.1423015,10.2738504,6.1876599,5.8181759,9.3549392,10.0672874,8.2496822,8.9461164,10.4963574,10.3119507,10.9549946,5.7783796,4.4360308,8.9472994,9.7983888,7.7515374,8.4453668,9.808215,9.9786957,10.0353119,5.9073991,3.9729837,10.3282901,10.6888198
1983-12-01 00:00:00,689.9905516,252.6999279,168.0608819,103.9585206,64.6641896,68.349653,19.9077985,4.1700041,8.179576,419.7213754,151.7507553,101.4087664,65.7444162,38.5392414,43.2836013,12.4329836,1.9307896,4.6308216,270.2691762,100.9491726,66.6521155,38.2141044,26.1249482,25.0660517,7.4748149,2.2392145,3.5487544,601.4001119,226.2758344,140.9713479,91.1729934,55.724315,60.767811,17.2611617,3.1794984,6.0471501,391.2865573,145.2974015,91.8033182,59.983608,35.8782956,40.9223518,11.8082801,1.7555039,3.8377982,210.1135546,80.9784329,49.1680297,31.1893854,19.8460194,19.8454592,5.4528816,1.4239945,2.2093519,88.5904397,26.4240935,27.089534,12.7855272,8.9398746,7.581842,2.6466368,0.9905057,2.1324259,28.4348181,6.4533538,9.6054482,5.7608082,2.6609458,2.3612495,0.6247035,0.1752857,0.7930234,60.1556216,19.9707397,17.4840858,7.024719,6.2789288,5.2205925,2.0219333,0.81522,1.3394025,9.6550164,10.2223285,8.8721299,9.294927,10.2970133,10.3527394,10.3986596,6.7021496,6.8251556,9.4363582,9.9053792,8.6568618,9.2197609,9.9165634,10.4766179,10.1155137,5.0259669,6.7801938,10.0154252,10.7388703,9.220996,9.4271534,10.9147416,10.1455872,10.9064453,9.4074274,6.8847316,10.1177895,10.88237,8.9618233,9.7990839,10.9994311,11.2235992,10.9106135,5.8471338,6.009146,9.3763336,10.0841268,8.4135221,8.9741063,9.8317088,10.448133,10.1456175,4.8178831,6.0620723,11.865074,12.6838841
1984-01-01 00:00:00,717.8062897,265.0307084,166.2020704,117.7250189,67.0860458,67.6064379,20.4402138,4.5760521,9.1397424,451.7174286,166.0784777,99.2604762,77.9416955,42.4692409,44.5502174,13.2506628,2.8051078,5.3615503,266.0888611,98.9522307,66.9415942,39.7833234,24.6168049,23.0562205,7.189551,1.7709443,3.7781921,635.3364959,236.3676954,143.1893537,104.9467761,59.4901907,61.3800737,18.1763209,4.4698021,7.3162833,423.2221871,156.2470681,91.3182624,73.0620639,40.5905048,42.4467199,12.5343766,2.8051078,4.2180836,212.1143088,80.1206273,51.8710913,31.8847122,18.8996859,18.9333538,5.6419443,1.6646943,3.0981997,82.4697938,28.663013,23.0127167,12.7782428,7.5958551,6.2263642,2.2638929,0.10625,1.8234591,28.4952415,9.8314096,7.9422138,4.8796316,1.8787361,2.1034975,0.7162862,0,1.1434667,53.9745523,18.8316034,15.0705029,7.8986112,5.717119,4.1228667,1.5476067,0.10625,0.6799924,10.2996195,10.9799539,9.1602244,10.6715506,10.7985994,10.4469272,10.8961083,7.2651364,7.6831498,10.2584375,10.936396,8.712169,10.8946836,10.9207677,10.8514732,10.8956661,7.0522671,7.7448533,10.3702932,11.0538453,9.9164321,10.2598706,10.5941368,9.7449537,10.8969235,7.6299321,7.5972565,10.7971418,11.5028574,9.3428486,11.2076807,11.7116505,11.3886108,11.562166,8.1225354,7.2225492,10.2192105,10.9302189,8.5617711,10.8450772,11.1474712,10.8786002,10.8801897,7.3691044,6.5812047,12.1704357,12.8118294
1984-02-01 00:00:00,736.4893878,269.2512767,180.0195359,114.4900005,65.4552359,71.1178156,21.2315104,5.326198,9.5978148,435.0644329,156.0236093,100.9474306,71.922593,40.8057383,44.0538269,13.0561825,3.2515452,5.0035071,301.4249549,113.2276674,79.0721053,42.5674075,24.6494976,27.0639887,8.1753279,2.0746528,4.5943077,640.1951471,237.7344482,151.6158119,100.8317512,56.8804545,62.3416457,19.199831,3.9914748,7.5997298,412.4164262,150.7123835,93.7960404,68.6837969,37.8082728,41.8183017,12.5976323,2.7212594,4.2787392,227.7787209,87.0220647,57.8197715,32.1479543,19.0721817,20.523344,6.6021987,1.2702154,3.3209906,96.2942407,31.5168285,28.403724,13.6582493,8.5747814,8.7761699,2.0316794,1.3347232,1.998085,22.6480067,5.3112258,7.1513902,3.2387961,2.9974655,2.2355252,0.4585502,0.5302858,0.7247679,73.646234,26.2056027,21.2523338,10.4194532,5.5773159,6.5406447,1.5731292,0.8044374,1.2733171,10.3703834,10.9839001,9.604127,10.1957708,10.5187603,10.7861712,11.3268539,8.4429616,7.92752,9.8038207,10.1947518,8.6887191,10.0805369,10.4994966,10.7002881,10.637865,8.3750913,7.1415545,11.3141129,12.2953801,11.0966568,10.396576,10.5508061,10.9289563,12.6336157,8.5515744,9.0070867,10.7856066,11.4461138,9.7079399,10.796299,11.2293774,11.4969361,12.1413431,7.3588679,7.4666826,9.8634867,10.4400985,8.5854792,10.1915221,10.3664811,10.7577642,10.8539968,7.534331,6.5225263,12.9832862,13.7389506
1984-03-01 00:00:00,699.943408,258.0302385,160.3447165,115.6606857,63.4968309,69.2533583,18.7526965,5.2934727,9.1114089,404.231065,150.6924689,83.7954199,71.6541835,35.9797455,44.3634694,11.1646718,2.5188928,4.0622132,295.712343,107.3377696,76.5492966,44.0065022,27.5170854,24.8898889,7.5880247,2.7745799,5.0491957,590.8799788,222.1277601,128.2256519,99.8843523,52.7979643,60.1672992,16.6845753,4.7716905,6.2206852,379.3950133,142.675881,76.7375381,67.975612,33.55157,42.0536762,10.7279104,2.5188928,3.1539328,211.4849655,79.4518791,51.4881138,31.9087403,19.2463943,18.113623,5.9566649,2.2527977,3.0667524,109.0634292,35.9024784,32.1190646,15.7763334,10.6988666,9.0860591,2.0681212,0.5217822,2.8907237,24.8360517,8.0165879,7.0578818,3.6785715,2.4281755,2.3097932,0.4367614,0,0.9082804,84.2273775,27.8858905,25.0611828,12.0977619,8.2706911,6.7762659,1.6313598,0.5217822,1.9824433,9.7171554,10.3239045,8.456147,10.145244,10.0551932,10.446496,9.7921672,8.6067427,7.5829038,9.0661089,9.7519385,7.1966582,9.9368433,9.2772853,10.8042332,9.1163346,6.475383,5.9580411,10.7748561,11.2502674,10.4600474,10.5039408,11.2933824,9.8643383,10.9910454,12.2745838,9.7143062,9.9381887,10.6186741,8.2351418,10.6325673,10.397136,11.1511234,10.5347163,9.054141,6.2986155,9.0546372,9.8273811,7.0371558,10.0081824,9.2110877,10.8379515,9.2786505,6.8491245,4.9349696,12.0470835,12.4135863
1984-04-01 00:00:00,675.6420894,247.989034,155.764194,112.5048151,59.6724087,65.0437183,19.4685775,6.8577516,8.3415902,385.2901488,140.8803291,82.6678136,67.9158902,35.0685726,39.4355886,11.1990105,4.0997688,4.0231754,290.3519406,107.1087049,73.0963804,44.5889249,24.6038361,25.6081297,8.269567,2.7579828,4.3184148,570.7920557,213.8108324,126.3287622,94.7223604,51.6418778,54.8480526,17.4365182,6.1492057,5.8544464,363.8798382,135.2440559,76.4283868,64.1960469,33.2706874,36.6220096,11.0258476,4.0997688,2.9930352,206.9122175,78.5667765,49.9003754,30.5263135,18.3711904,18.226043,6.4106706,2.0494369,2.8614112,104.8500337,34.1782016,29.4354318,17.7824547,8.0305309,10.1956657,2.0320593,0.7085459,2.4871438,21.4103106,5.6362732,6.2394268,3.7198433,1.7978852,2.813579,0.1731629,0,1.0301402,83.4397231,28.5419284,23.196005,14.0626114,6.2326457,7.3820867,1.8588964,0.7085459,1.4570036,9.4452821,10.0018483,8.2982706,9.9306782,9.4928502,9.7742561,10.1608609,11.6144953,7.0032937,8.7099446,9.204837,7.1625772,9.4986074,9.0819897,9.5671532,9.2088438,11.0334894,6.0235251,10.6369388,11.2873276,10.1114755,10.6699456,10.1471434,10.1113278,11.8149922,12.6008555,8.2540901,9.6924416,10.3586292,8.2057502,10.1414777,10.2416039,10.1637829,11.0244,11.8698971,5.999151,8.7755838,9.4211427,7.1196163,9.5606218,9.1715362,9.4216487,9.4972131,11.5715829,4.7489092,11.8741724,12.499755
1984-05-01 00:00:00,635.5810604,233.8269076,144.5900637,108.3777031,58.1104878,61.0688381,19.4106395,3.7317917,6.4646289,381.5317169,144.8720144,80.1768744,67.7164951,34.2408201,37.6891367,11.5500543,1.8993344,3.3869875,254.0493435,88.9548932,64.4131893,40.661208,23.8696677,23.3797014,7.8605852,1.8324573,3.0776414,547.6868495,203.1601994,119.284711,93.4753957,51.2255856,54.7285607,17.2527929,3.4900662,5.069538,355.7675302,135.2255286,72.7844658,62.7970439,32.9826574,35.87988,11.4190707,1.8993344,2.7795494,191.9193193,67.9346708,46.5002452,30.6783518,18.2429282,18.8486807,5.8337222,1.5907318,2.2899886,87.8942109,30.6667082,25.3053527,14.9023074,6.8849022,6.3402774,2.1578466,0.2417255,1.3950909,25.7641867,9.6464858,7.3924086,4.9194512,1.2581627,1.8092567,0.1309836,0,0.6074381,62.1300242,21.0202224,17.9129441,9.9828562,5.6267395,4.5310207,2.026863,0.2417255,0.7876528,8.9201357,9.453471,7.7204477,9.5815815,9.3361477,9.2556601,10.2544436,6.4884554,5.4399428,8.6256891,9.4538391,6.9189748,9.4854993,8.9062057,9.2009491,9.61104,5.2901377,4.9855928,9.4021413,9.4528715,9.0211691,9.7459895,10.0307707,9.3452399,11.3731697,8.4792713,6.0463472,9.3133729,9.8720887,7.7169564,10.0210235,10.264313,10.1072435,11.1564776,6.7753815,5.2003059,8.5745278,9.4068245,6.7238599,9.3866253,9.1539229,9.2637992,9.9832594,5.442931,4.3975285,11.0838071,10.9501513
1984-06-01 00:00:00,632.4541057,233.6917088,142.4176904,104.2687228,56.5945458,64.8527025,19.587615,4.9186529,6.1224675,374.3338575,140.7346003,75.6322705,64.9137733,34.5771413,40.6867214,12.4143879,2.225988,3.1489748,258.1202482,92.9571085,66.7854199,39.3549495,22.0174045,24.1659811,7.1732271,2.6926649,2.9734927,537.829323,202.856427,115.5605039,88.5119603,49.2025726,56.7009438,17.3096416,3.868348,3.8189258,349.0324997,132.7587498,68.4272942,61.4904136,31.921051,38.2721783,12.1271933,1.8562758,2.1793437,188.7968233,70.0976772,47.1332097,27.0215467,17.2815216,18.4287655,5.1824483,2.0120722,1.6395821,94.6247827,30.8352818,26.8571865,15.7567625,7.3919732,8.1517587,2.2779734,1.0503049,2.3035417,25.3013578,7.9758505,7.2049763,3.4233597,2.6560903,2.4145431,0.2871946,0.3697122,0.9696311,69.3234249,22.8594313,19.6522102,12.3334028,4.7358829,5.7372156,1.9907788,0.6805927,1.3339106,8.8684861,9.4415733,7.604801,9.2170978,9.1114347,9.8234167,10.3734599,8.0639234,5.0510103,8.4698564,9.1965662,6.5732327,9.0688336,8.9930983,9.9134365,10.2095496,5.9204589,4.576537,9.5181409,9.8383951,9.2484698,9.4725379,9.3036939,9.675494,10.6699236,11.5083223,5.6739768,9.1439723,9.8389665,7.4944612,9.491382,9.8391912,10.5529585,11.1695015,7.0963179,3.8700797,8.4111162,9.2139832,6.3692799,9.1542864,8.8474991,9.9202897,10.4829672,5.1618728,3.37686,10.8996695,11.289222
1984-07-01 00:00:00,594.9494851,206.5574623,132.5276456,104.5810358,57.0445818,62.3486329,20.7764091,4.7394032,6.3743144,357.5477106,129.6087178,69.2273687,66.1687461,34.5076073,38.7815413,13.6401572,2.4326886,3.1808836,237.4017745,76.9487445,63.3002769,38.4122897,22.5369745,23.5670916,7.1362519,2.3067146,3.1934308,514.3907173,184.0334962,107.4270267,90.9088124,50.5270591,53.8905039,18.3778015,4.3277106,4.8983069,339.572498,124.276597,63.8421938,62.9762259,32.7853622,37.6445065,13.3589934,2.1613922,2.527227,174.8182193,59.7568992,43.5848329,27.9325865,17.7416969,16.2459974,5.0188081,2.1663184,2.3710799,80.5587678,22.5239661,25.1006189,13.6722234,6.5175227,8.458129,2.3986076,0.4116926,1.4760075,17.9752126,5.3321208,5.3851749,3.1925202,1.7222451,1.1370348,0.2811638,0.2712964,0.6536566,62.5835552,17.1918453,19.715444,10.4797032,4.7952776,7.3210942,2.1174438,0.1403962,0.8223509,8.351755,8.3837777,7.0595406,9.2475882,9.1569816,9.5166721,10.9450535,7.8788377,5.1574921,8.077563,8.4638963,6.0104214,9.1738982,8.937047,9.5249362,11.2400473,6.4578429,4.5599613,8.8017345,8.2522051,8.7251116,9.3773412,9.5155336,9.503104,10.4222306,10.259686,5.9317224,8.7391116,8.9100295,6.9950261,9.6822898,10.0560021,10.0550396,11.7843393,8.3669993,4.9060082,8.1797142,8.6356046,5.9488304,9.3018911,9.0634481,9.8114877,11.5133229,6.0002091,3.9119855,10.0778512,9.54056
1984-08-01 00:00:00,604.0116073,217.6580995,129.6247149,108.8594721,59.1356035,57.987606,21.0411563,4.7189064,4.9860486,381.18509,143.0499147,75.057437,72.3357848,36.036096,36.0693169,13.7820928,2.6139152,2.2405326,222.8265173,74.6081848,54.5672779,36.5236873,23.0995075,21.9182891,7.2590635,2.1049912,2.745516,523.5420076,190.2474546,108.1260761,94.9888488,52.5204206,52.3781929,18.4122033,3.903019,2.9657923,358.5924386,135.7966861,68.7192974,67.5273369,34.0446297,35.2538715,13.1955204,2.3264152,1.7286814,164.949569,54.4507685,39.4067787,27.4615119,18.4757909,17.1243214,5.2166829,1.5766038,1.2371109,80.4695997,27.4106449,21.4986388,13.8706233,6.6151829,5.6094131,2.628953,0.8158874,2.0202563,22.5926514,7.2532286,6.3381396,4.8084479,1.9914663,0.8154454,0.5865724,0.2875,0.5118512,57.8769483,20.1574163,15.1604992,9.0621754,4.6237166,4.7939677,2.0423806,0.5283874,1.5084051,8.5431502,8.851345,6.9975769,9.7463336,9.4966929,8.8989984,11.2033455,7.8311383,4.1776193,8.6649673,9.3700518,6.5524139,10.1754407,9.363177,8.8990529,11.3818549,7.0095121,3.3175563,8.342515,8.002008,7.7189087,8.9950649,9.7127594,8.8989087,10.8793887,9.1651774,5.2986075,8.9611457,9.3004985,7.0730069,10.2075584,10.4577882,9.8040653,11.8511614,7.7204104,3.1177533,8.6803549,9.4863651,6.4009895,10.0962726,9.3935181,9.2505649,11.4046474,6.6642534,2.7421419,9.6389848,8.8672132
1984-09-01 00:00:00,620.7708504,220.3785426,139.716722,105.7268891,62.742176,61.998473,19.7944124,4.650504,5.7631313,376.671892,136.4318634,78.608008,67.4803958,38.6883203,37.6311705,13.0270604,2.4717865,2.3332871,244.0989584,83.9466792,61.108714,38.2464933,24.0538557,24.3673025,6.767352,2.1787175,3.4298442,517.4091516,187.3502734,111.8193538,87.4890794,54.8824757,51.5156744,17.4153205,3.7061757,3.2307987,348.8794263,128.3389213,71.564193,61.397258,36.4235715,35.0298436,12.5382196,2.211705,1.3757143,168.5297253,59.0113521,40.2551608,26.0918214,18.4589042,16.4858308,4.8771009,1.4944707,1.8550844,103.3616988,33.0282692,27.8973682,18.2378097,7.8597003,10.4827986,2.3790919,0.9443283,2.5323326,27.7924657,8.0929421,7.043815,6.0831378,2.2647488,2.6013269,0.4888408,0.2600815,0.9575728,75.5692331,24.9353271,20.8535532,12.1546719,5.5949515,7.8814717,1.8902511,0.6842468,1.5747598,8.6210865,8.8019824,7.3647382,9.3050664,9.9934968,9.3588706,10.4997722,7.3652986,4.7398104,8.4782776,8.878122,6.7763318,9.4373358,9.9204323,9.1554165,10.7143426,6.3217823,3.3671079,8.8511483,8.6809864,8.2908067,9.0805197,10.1132989,9.6914673,10.110024,9.0624249,6.5588427,8.7605811,9.0337964,7.2370674,9.3431435,10.8068733,9.621388,11.2758725,6.6751292,3.3141076,8.3879773,8.8996081,6.6292092,9.1569399,9.9126903,9.1347666,10.8737688,5.8941548,2.169048,9.6477693,9.3400751
1984-10-01 00:00:00,578.3553454,212.3713355,121.3069861,102.8431864,59.7865224,55.4518915,18.0146174,3.6898938,4.8909123,350.7964638,127.7881582,72.4248738,62.3835004,36.9439302,34.6881872,12.0780771,2.2284355,2.2613014,227.5588816,84.5831773,48.8821123,40.459686,22.8425922,20.7637043,5.9365403,1.4614583,2.6296109,488.9934422,181.7853377,97.817986,87.834051,52.7446684,46.5632735,15.7951868,3.0755603,3.3773785,325.6747838,120.3901822,64.5340421,58.1670484,34.8946269,32.2504749,11.7296049,1.9850573,1.7237471,163.3186584,61.3951555,33.2839439,29.6670026,17.8500415,14.3127986,4.0655819,1.090503,1.6536314,89.3619032,30.5859978,23.4890001,15.0091354,7.041854,8.888618,2.2194306,0.6143335,1.5135338,25.12168,7.397976,7.8908317,4.216452,2.0493033,2.4377123,0.3484722,0.2433782,0.5375543,64.2402232,23.1880218,15.5981684,10.7926834,4.9925507,6.4509057,1.8709584,0.3709553,0.9759795,8.1098213,8.5673701,6.4701877,9.1838947,9.5036212,8.4856791,9.5156906,5.7323573,4.0165492,7.9546378,8.3446814,6.3008139,8.8374492,9.5277658,8.5522229,9.9681334,5.4617376,3.3296241,8.3612757,8.9272975,6.7385709,9.7747208,9.4648295,8.3767905,8.7112489,6.200839,4.8828156,8.3430466,8.8290678,6.3579434,9.5151503,10.4460758,8.8417068,10.2039875,5.546211,3.4207475,7.8817871,8.4039977,6.0024772,8.7794668,9.5789563,8.483541,10.1408893,5.1630891,2.7254147,9.4453093,9.8011643
1984-11-01 00:00:00,571.1794489,207.6463414,125.8729746,105.1264714,54.0361129,52.0566361,17.5391698,3.4787979,5.4229448,341.1875774,127.5476163,70.4250522,64.2514555,31.8895591,30.6170783,11.5451145,2.1232147,2.7884868,229.9918715,80.0987251,55.4479224,40.8750159,22.1465538,21.4395578,5.9940553,1.3555832,2.634458,488.0903749,180.85403,104.9978873,91.283563,46.1821432,43.4796012,14.9442716,2.8259299,3.5229487,321.4288405,121.5338916,65.0369096,61.6213223,29.6690997,28.7432811,10.8504018,1.9628397,2.0110947,166.6615344,59.3201384,39.9609777,29.6622407,16.5130435,14.7363201,4.0938698,0.8630902,1.511854,83.089074,26.7923114,20.8750873,13.8429084,7.8539697,8.5770349,2.5948982,0.652868,1.8999961,19.7587369,6.0137247,5.3881426,2.6301332,2.2204594,1.8737972,0.6947127,0.160375,0.7773921,63.3303371,20.7785867,15.4869447,11.2127752,5.6335103,6.7032377,1.9001855,0.492493,1.122604,7.9916072,8.3643329,6.6756119,9.4149474,8.5359182,7.9433302,9.1770472,5.5920047,4.4877115,7.7437541,8.3554127,6.1142107,9.1401166,8.2148234,7.5243237,9.4684112,5.3283945,4.1143815,8.3899749,8.3785767,7.5569014,9.88202,9.0449981,8.6295949,8.6635566,6.0617137,4.9645188,8.3010683,8.7620285,6.7677754,9.9042955,9.1246048,8.193589,9.6565986,5.2586364,3.6165483,7.7815527,8.4748489,6.0537586,9.3452906,8.1648115,7.5002035,9.3818783,5.2210904,3.1905303,9.5278806,9.4157161
1984-12-01 00:00:00,627.3922049,218.8325796,146.3424559,112.1966791,63.7949108,57.0764446,17.9960236,4.9499302,6.2031811,375.2577902,133.3225473,84.8512648,69.9603249,37.8032425,33.2514923,11.3708799,2.2401117,2.4579268,252.1344147,85.5100323,61.4911911,42.2363542,25.9916683,23.8249523,6.6251437,2.7098185,3.7452543,527.0486238,191.6417266,114.2588614,92.9171509,54.9999507,47.7907562,16.2647145,4.1815343,4.9939292,345.4083401,127.3741775,71.4665237,64.3107069,36.0703267,31.0852141,10.9370019,2.0046429,2.1597464,181.6402837,64.2675491,42.7923377,28.606444,18.929624,16.7055421,5.3277126,2.1768914,2.8341828,100.3435811,27.190853,32.0835945,19.2795282,8.7949601,9.2856884,1.7313091,0.7683959,1.2092519,29.8494501,5.9483698,13.3847411,5.649618,1.7329158,2.1662782,0.433878,0.2354688,0.2981804,70.494131,21.2424832,18.6988534,13.6299102,7.0620443,7.1194102,1.2974311,0.5329271,0.9110715,8.6376821,8.7210362,7.5890435,9.9515316,9.8975464,8.5207885,9.2686063,7.6945595,4.942011,8.3897808,8.6421937,7.2060256,9.8460593,9.625073,7.9954294,9.2072359,5.559014,3.5304118,9.0350153,8.8468745,8.1897156,10.1312971,10.3225596,9.3810818,9.3758668,11.275249,6.7001775,8.7732798,9.0928483,7.1956439,9.9338585,10.6936777,8.7627059,10.2925502,7.5422857,4.8298424,8.2234496,8.7665433,6.5010351,9.6181717,9.8111919,7.9248145,9.4148456,5.2653955,3.3102626,10.0512316,9.8170618
1985-01-01 00:00:00,657.7337442,234.9299131,145.4105939,123.8526052,63.5978926,58.7879518,19.8182066,4.7762979,6.5602831,405.3532083,145.7409505,83.4347196,80.262635,39.1429999,38.0185948,12.7556653,2.5894741,3.4081691,252.3805359,89.1889626,61.9758743,43.5899702,24.4548927,20.769357,7.0625413,2.1868238,3.152114,572.4483787,212.2690923,121.6443642,106.9703647,55.125278,50.0395287,17.9416989,3.9217216,4.5363303,376.4843438,138.8440003,74.1897152,75.3515676,36.2204177,35.2700128,12.1099978,2.0066195,2.4920129,195.9640349,73.425092,47.454649,31.6187971,18.9048603,14.7695159,5.8317011,1.9151021,2.0443174,85.2853655,22.6608208,23.7662297,16.8822405,8.4726146,8.7484231,1.8765077,0.8545763,2.0239528,28.8688645,6.8969502,9.2450044,4.9110674,2.9225822,2.748582,0.6456675,0.5828546,0.9161562,56.416501,15.7638706,14.5212253,11.9711731,5.5500324,5.9998411,1.2308402,0.2717217,1.1077966,9.2507023,9.554959,7.8092869,11.0838394,10.1333852,8.8837047,10.1386762,7.5639398,5.2922401,9.1184469,9.4633677,7.2548656,11.2656945,10.1186016,9.0685424,10.2084343,6.4327455,4.7615261,9.4713411,9.7085024,8.7048494,10.7639027,10.1571381,8.5641749,10.0150724,9.5531761,6.0174166,9.5598574,10.0679695,7.8031568,11.3430437,10.8231104,9.1482144,11.0446854,7.0631263,4.385652,8.995805,9.5706115,6.859478,11.2422285,9.976144,8.9079842,10.2205518,5.2220087,3.7396714,10.8691802,11.1651458
1985-02-01 00:00:00,674.1414589,242.1398519,149.585477,129.2411266,60.751951,61.7751165,18.2956389,4.5871465,7.7651505,390.8162895,141.1957778,83.0388151,77.7802001,35.7091079,37.0075486,11.3203648,1.7808308,2.9836444,283.3251694,100.9440741,66.5466619,51.4609265,25.0428431,24.7675679,6.9752741,2.8063157,4.7815061,576.5686759,212.490021,123.5640233,110.3068365,51.2609891,53.8383686,16.2629174,3.5667126,5.2788074,369.3141688,136.1350833,75.872256,73.8367725,33.4513079,35.2903375,10.744565,1.3734402,2.6104064,207.2545071,76.3549377,47.6917673,36.470064,17.8096812,18.5480311,5.5183524,2.1932724,2.668401,97.572783,29.6498309,26.0214537,18.9342901,9.4909619,7.9367479,2.0327215,1.0204339,2.4863431,21.5021207,5.0606945,7.1665591,3.9434276,2.2578,1.7172111,0.5757998,0.4073906,0.373238,76.0706623,24.5891364,18.8548946,14.9908625,7.2331619,6.2195368,1.4569217,0.6130433,2.1131051,9.2731703,9.6191155,7.838829,11.3195045,9.4830518,9.2250479,9.2373709,6.8186733,6.1195039,8.7279428,9.1167642,7.1305614,10.879061,9.0843178,8.8463423,8.9859914,4.3571682,4.1882952,10.1475819,10.4224123,8.9478717,12.0573078,10.1161972,9.8554559,9.6767003,10.6291743,8.5914639,9.5634181,10.0723778,7.8028407,11.6542759,9.9718446,9.8257155,9.8638081,5.9863622,5.1374908,8.7675806,9.3573452,6.9189985,10.9553796,9.0975405,8.9306959,8.9856896,3.5590897,3.9642283,11.4087509,11.6610901
1985-03-01 00:00:00,672.760485,244.5398382,153.2007644,125.3016422,58.9210328,60.9705378,17.9518843,5.2855949,6.5891904,390.2278371,145.6816682,85.3881015,76.2084576,33.5229953,34.0298854,10.0459505,2.9985807,2.3521979,282.5326479,98.85817,67.8126629,49.0931846,25.3980375,26.9406524,7.9059338,2.2870142,4.2369925,556.9653315,210.7988615,121.2882385,104.104951,47.5327874,50.1449907,15.0732949,4.7308753,3.2913322,363.1166112,138.9297242,77.3986221,70.9510028,30.9531509,30.8180488,9.4534249,2.9985807,1.6140568,193.8487203,71.8691373,43.8896164,33.1539482,16.5796365,19.3269419,5.61987,1.7322946,1.6772754,115.7951535,33.7409767,31.9125259,21.1966912,11.3882454,10.8255471,2.8785894,0.5547196,3.2978582,27.1112259,6.751944,7.9894794,5.2574548,2.5698444,3.2118366,0.5925256,0,0.7381411,88.6839276,26.9890327,23.9230465,15.9392364,8.818401,7.6137105,2.2860638,0.5547196,2.5597171,9.1779266,9.6375835,8.0157744,10.7830698,9.1495736,8.9816376,8.9093134,7.5852448,5.246488,8.6950112,9.3303516,7.3732422,10.542893,8.5689212,8.1541093,8.0417799,7.0703306,3.3712945,9.9404564,10.129092,9.0037504,11.1783744,10.048295,10.3023038,10.3246028,8.3859942,7.5903133,9.2384663,9.9343268,7.7290351,10.9345632,9.3022382,9.1793402,9.1457476,7.5563633,3.2642399,8.6240744,9.4608104,7.1281369,10.5079038,8.4761368,7.8688148,7.9666783,7.2933617,2.5068489,10.6611949,10.9984474
1985-04-01 00:00:00,615.2984664,221.038222,137.8739705,118.7308084,54.9906567,56.3304688,16.6629059,4.0351262,5.6363079,360.6723586,133.6079357,72.9517929,72.9569919,33.516187,33.4045914,9.6247845,2.4829547,2.1271205,254.6261078,87.4302863,64.9221776,45.7738165,21.4744697,22.9258774,7.0381214,1.5521715,3.5091874,511.6248422,191.9088581,104.9532614,98.7983132,47.2774151,46.8565231,14.7187799,3.3997932,3.7118982,336.9146013,128.6313611,64.0552218,67.7259355,31.9514274,31.1860244,9.0417718,2.4829547,1.8399046,174.7102409,63.277497,40.8980396,31.0723777,15.3259877,15.6704987,5.6770081,0.9168385,1.8719936,103.6736242,29.1293639,32.9207091,19.9324952,7.7132416,9.4739457,1.944126,0.635333,1.9244097,23.7577573,4.9765746,8.8965711,5.2310564,1.5647596,2.218567,0.5830127,0,0.2872159,79.9158669,24.1527893,24.024138,14.7014388,6.148482,7.2553787,1.3611133,0.635333,1.6371938,8.5409185,8.909219,7.3298747,10.4108293,8.6973492,8.340912,8.4065562,5.7270971,4.4951111,8.1282107,8.6971337,6.3597295,10.2403659,8.6907584,7.9818435,7.7259381,5.7460734,3.0571998,9.2027957,9.2540751,8.8462227,10.6945746,8.7076557,8.9259856,9.5580324,5.6970008,6.2877283,8.6538756,9.2331035,6.8378357,10.6097339,9.4559875,8.6637325,8.9727261,5.431723,3.7093594,8.118136,8.9055838,6.0023081,10.1850284,8.9059092,7.9950454,7.6253979,5.9547919,2.8516657,9.9157778,9.9791505
1985-05-01 00:00:00,609.101024,225.3804265,130.5932569,114.217426,52.7658353,57.0280525,17.0690122,5.3787133,6.6683013,362.9306299,141.0115826,71.6359086,70.1442257,30.9293084,34.0078953,10.4804642,1.9664528,2.7547923,246.1703941,84.3688439,58.9573483,44.0732003,21.8365269,23.0201572,6.588548,3.4122605,3.913509,504.7003696,197.2733718,98.2613079,94.0476508,44.9199005,47.529492,14.8103538,4.0657444,3.7925484,332.2589411,131.7331302,62.3397573,63.5406628,29.3480503,31.4019514,10.0087584,1.7336217,2.153009,172.4414285,65.5402416,35.9215506,30.506988,15.5718502,16.1275406,4.8015954,2.3321227,1.6395394,104.4006544,28.1070547,32.331949,20.1697752,7.8459348,9.4985605,2.2586584,1.3129689,2.8757529,30.6716888,9.2784524,9.2961513,6.6035629,1.5812581,2.6059439,0.4717058,0.2328311,0.6017833,73.7289656,18.8286023,23.0357977,13.5662123,6.2646767,6.8926166,1.7869526,1.0801378,2.2739696,8.3817007,9.0105421,6.8863287,9.8790451,8.3077198,8.385934,8.5267061,7.4348684,5.3154596,8.1271051,9.0973661,6.224546,9.7427562,7.9800267,8.1043759,8.3652958,4.5560554,3.9822725,8.7875558,8.8690687,7.9078813,10.1039967,8.8207651,8.8396181,8.7967042,11.6925786,6.9542972,8.477204,9.4027697,6.3793142,10.0277205,8.8633088,8.7681137,9.0239892,6.3399055,3.7825379,7.9531925,9.0437216,5.8203663,9.472221,8.1221487,7.9989147,8.3732859,4.1325447,3.3752509,9.7098777,10.2181592
1985-06-01 00:00:00,607.593455,222.5604595,133.9489392,111.7283132,54.0329332,56.1160435,18.9161245,4.8530045,5.4376374,365.8327432,140.288792,76.7901473,66.8257604,31.9652931,32.8779648,12.1818565,2.0082336,2.8946955,241.7607118,82.2716675,57.1587919,44.9025528,22.0676401,23.2380787,6.734268,2.8447709,2.5429419,512.6175283,190.7648741,110.2786096,94.162359,46.565988,46.774913,17.0455241,3.7771551,3.2481054,342.5001128,130.8037989,71.3928155,63.5395384,30.4084427,30.1835799,11.7516582,2.0082336,2.4120456,170.1174155,59.9610752,38.8857941,30.6228206,16.1575453,16.5913331,5.2938659,1.7689215,0.8360598,94.9759267,31.7955854,23.6703296,17.5659542,7.4669452,9.3411305,1.8706004,1.0758494,2.189532,23.3326304,9.4849931,5.3973318,3.286222,1.5568504,2.6943849,0.4301983,0,0.4826499,71.6432963,22.3105923,18.2729978,14.2797322,5.9100948,6.6467456,1.4404021,1.0758494,1.7068821,8.361045,8.9399233,7.0434757,9.6051299,8.468732,8.2550234,9.5097268,6.8718826,4.3452323,8.1948845,9.100371,6.6657799,9.2343593,8.1968539,7.8606252,9.6694399,4.70858,4.1321744,8.6256974,8.6789977,7.6238208,10.2155564,8.8961492,8.8858054,9.2338315,10.1705518,4.6161686,8.6043632,9.1795495,7.1040531,9.9366255,9.1460257,8.6360191,10.2970787,6.0107186,3.235484,8.1884637,9.0544294,6.6272219,9.3817851,8.3063442,7.7073409,9.7357742,4.8889155,3.7656443,9.5844516,9.4648693
1985-07-01 00:00:00,566.8627267,206.3672928,121.9864768,107.3894791,52.0897078,52.1031463,16.6485955,4.8352423,5.4427861,344.5157977,128.8779321,72.1259251,64.8157709,31.0686546,30.7636924,11.0311632,2.1660522,3.6666072,222.346929,77.4893607,49.8605517,42.5737082,21.0210532,21.3394539,5.6174323,2.6691901,1.7761789,477.6164507,177.7530612,98.0645107,90.4524843,45.5945924,44.2849423,14.2439846,3.5538097,3.6690655,324.8459759,123.387586,66.6917373,60.9375675,29.6233714,28.5578213,10.5554723,2.0238791,3.068541,152.7704748,54.3654752,31.3727734,29.5149168,15.971221,15.727121,3.6885123,1.5299306,0.6005245,89.246276,28.6142316,23.9219661,16.9369948,6.4951154,7.818204,2.4046109,1.2814326,1.7737206,19.6698218,5.4903461,5.4341878,3.8782034,1.4452832,2.2058711,0.4756909,0.1421731,0.5980662,69.5764542,23.1238855,18.4877783,13.0587914,5.0498322,5.6123329,1.92892,1.1392595,1.1756544,7.7969733,8.3004471,6.360604,9.2473831,8.1784077,7.7241049,8.4363395,6.861293,4.331781,7.7221914,8.3906437,6.2112432,8.9772459,8.0442096,7.4067574,8.7740446,4.8798494,5.2006737,7.9157486,8.1546541,6.5898316,9.6913652,8.3851562,8.2326154,7.8435077,10.2332066,3.2209116,7.994303,8.5285648,6.2794058,9.5519736,8.9611466,8.1365946,8.748439,5.5825408,3.5947312,7.7562193,8.5206845,6.1236093,9.0531391,8.2082113,7.3359462,8.8492796,4.6812181,4.7061012,8.5525319,8.5465041
1985-08-01 00:00:00,572.6954476,216.8556288,117.1132803,104.3281058,54.4399345,53.4533987,16.7311708,4.8145246,4.9594041,349.1170091,136.7390214,65.9081287,63.3786449,33.7445357,33.0933312,10.9730793,2.1984001,3.0818678,223.5784385,80.1166074,51.2051516,40.9494609,20.6953988,20.3600675,5.7580915,2.6161245,1.8775363,488.0272047,189.2233134,94.9841467,89.0527508,47.7444036,45.3849552,14.530587,3.9078579,3.1991901,325.3703081,129.5586936,60.0572877,59.0241463,31.832287,30.3705289,10.4383064,1.9427392,2.146319,162.6568966,59.6646198,34.926859,30.0286045,15.9121166,15.0144263,4.0922806,1.9651187,1.0528711,84.6682429,27.6323154,22.1291336,15.275355,6.6955309,8.0684435,2.2005838,0.9066667,1.760214,23.746701,7.1803278,5.850841,4.3544986,1.9122487,2.7228023,0.5347729,0.2556609,0.9355488,60.9215419,20.4519876,16.2782926,10.9208564,4.7832822,5.3456412,1.6658109,0.6510058,0.8246652,7.9011729,8.7247318,6.1531723,8.9702298,8.6640641,7.9123487,8.6185964,6.586987,3.9603378,7.8274511,8.9013901,5.6723982,8.769412,8.7936921,7.9367853,8.8903079,4.8144438,4.4287328,8.019108,8.4388864,6.9066437,9.2998409,8.4607049,7.8729487,8.1442535,9.5378547,3.374511,8.1994321,9.121278,6.0770782,9.4438392,9.4621892,8.3696121,9.0572789,6.0806931,3.2011561,7.7802661,8.9679128,5.5146508,8.7721759,8.8435366,7.7727309,8.9062581,4.4306965,3.3712125,9.1898168,9.4730616
1985-09-01 00:00:00,589.2299056,216.2237198,128.20963,104.2784997,56.8951393,51.3164866,19.6752059,6.000515,6.6307093,342.7023186,129.1558446,67.8855837,62.0865489,33.3855665,30.767987,12.3985045,3.1186442,3.9036392,246.527587,87.0678752,60.3240463,42.1919508,23.5095728,20.5484996,7.2767014,2.8818708,2.7270701,483.5402404,184.1919018,96.4047268,88.1736235,47.5055703,42.367535,16.2504795,4.7527128,3.8936907,316.2356086,122.5862547,59.3120258,57.2512075,31.3120594,28.2812998,11.6987273,2.9550192,2.8390149,167.3046318,61.6056471,37.092701,30.922416,16.1935109,14.0862352,4.5517522,1.7976936,1.0546758,105.6896652,32.031818,31.8049032,16.1048762,9.389569,8.9489516,3.4247264,1.2478022,2.7370186,26.46671,6.5695899,8.5735579,4.8353414,2.0735071,2.4866872,0.6997772,0.163625,1.0646243,79.2229552,25.4622281,23.2313453,11.2695348,7.3160619,6.4622644,2.7249492,1.0841772,1.6723943,7.9583341,8.5097459,6.609033,8.7814143,8.8494876,7.4556198,9.8658334,8.0238416,5.0923221,7.5617251,8.2836709,5.7708551,8.4359883,8.5328936,7.2515105,9.8640295,6.7392859,5.3434924,8.5842183,8.8687921,7.9003379,9.3444564,9.3416924,7.7836679,9.8689084,10.1089972,4.7712874,7.9826609,8.7043544,6.0971511,9.1839467,9.1912771,7.706274,9.877214,7.2831273,3.756634,7.4557655,8.3504273,5.4181243,8.3730556,8.5207148,7.1176455,9.795126,6.7087314,4.25567,9.2133635,9.5060843
1985-10-01 00:00:00,534.7846261,188.7920223,120.8736278,97.5318524,52.2401696,47.7335598,17.7505741,5.0256453,4.8371748,310.8840497,114.8177319,62.3499096,59.2535304,30.3523617,27.8301943,10.9073392,2.976615,2.3963676,223.9005764,73.9742904,58.5237182,38.278322,21.8878079,19.9033655,6.8432349,2.0490303,2.4408072,444.9184337,163.8518751,91.9121309,82.298807,45.0639753,38.8584488,15.6949957,4.1022623,3.1359386,289.993919,111.0444575,54.9402516,54.3046762,29.1975221,25.3165164,10.5623608,2.6790594,1.949075,154.9245147,52.8074176,36.9718793,27.9941308,15.8664532,13.5419324,5.1326349,1.4232029,1.1868636,89.8661924,24.9401472,28.9614969,15.2330454,7.1761943,8.875111,2.0555784,0.923383,1.7012362,20.8901307,3.7732744,7.409658,4.9488542,1.1548396,2.5136779,0.3449784,0.2975556,0.4472926,68.9760617,21.1668728,21.5518389,10.2841912,6.0213547,6.3614331,1.7106,0.6258274,1.2539436,7.3199628,7.5466066,6.3364181,8.316464,8.177603,6.9580106,8.9582314,6.8847642,3.784634,6.9515685,7.4682358,5.412274,8.0665007,7.8269752,6.6397291,8.8366112,6.4381203,3.3492382,7.9013634,7.6715599,7.7454091,8.7354886,8.7192571,7.4578919,9.1591559,7.656378,4.3383438,7.4554464,7.9149446,5.9121078,8.6028997,8.7840475,7.1378706,9.6888641,6.362502,3.0633006,6.9392354,7.7004922,5.1171802,7.9663157,8.0159965,6.4954292,8.9921477,5.9948324,2.9743001,8.6615352,8.4072906
1985-11-01 00:00:00,543.0949528,193.9722844,117.4728005,98.2252985,53.1930927,50.5548877,17.1474217,6.1722771,6.3568902,311.3762437,116.1477664,61.9904986,55.7360421,30.6904175,30.4062093,9.9772252,3.0601569,3.3679277,231.7187091,77.824518,55.4823019,42.4892564,22.5026752,20.1486784,7.1701965,3.1121202,2.9889625,443.9649451,163.5457245,90.8292047,79.0541039,44.7461442,41.1829473,14.5958708,5.1667377,4.844212,285.8933018,108.8491915,54.2067159,50.9905793,29.2582,27.7210484,9.5020411,2.594144,2.7713816,158.0716433,54.696533,36.6224888,28.0635246,15.4879442,13.4618989,5.0938297,2.5725937,2.0728304,99.1300077,30.4265599,26.6435958,19.1711946,8.4469485,9.3719404,2.5515509,1.0055394,1.5126782,25.4829419,7.2985749,7.7837827,4.7454628,1.4322175,2.6851609,0.4751841,0.4660129,0.5965461,73.6470658,23.127985,18.8598131,14.4257318,7.014731,6.6867795,2.0763668,0.5395265,0.9161321,7.3143716,7.629156,6.0360764,8.2587022,8.2278587,7.2290322,8.6619398,8.3625506,4.912957,6.8868757,7.4840946,5.2873685,7.5417558,7.8505514,7.1561986,8.0569121,6.6526832,4.661352,7.9800086,7.8564207,7.1705549,9.4352965,8.8050157,7.3417955,9.6726607,11.1907683,5.2311158,7.3574049,7.7947525,5.7576177,8.2090606,8.7023882,7.4567357,8.9771496,8.0636217,4.7301362,6.7706699,7.4926092,4.9403712,7.438901,7.9903474,7.0215697,8.095627,6.0270054,4.2174878,8.7248816,8.4748603
1985-12-01 00:00:00,591.1212989,213.8733552,130.5394714,106.7034555,54.4472233,55.4664588,18.0311829,4.7968055,7.2633463,336.7816063,124.2105742,68.7518823,60.3764048,32.8935672,32.6436902,11.1203496,2.8015035,3.9836345,254.3396926,89.662781,61.7875891,46.3270507,21.5536561,22.8227686,6.9108333,1.995302,3.2797118,485.6784876,180.0143364,102.7775653,85.9151627,45.6558389,46.3044083,15.6294005,4.3485082,5.0332673,305.190697,114.2966782,60.0561144,54.3115246,30.0381116,30.1286015,10.3355854,2.7059419,3.3181394,180.4877906,65.7176582,42.7214509,31.6036381,15.6177273,16.1758068,5.2938151,1.6425663,1.7151279,105.4428113,33.8590188,27.7619061,20.7882928,8.7913844,9.1620505,2.4017824,0.4482973,2.230079,31.5909093,9.913896,8.6957679,6.0648802,2.8554556,2.5150887,0.7847642,0.0955616,0.6654951,73.851902,23.9451228,19.0661382,14.7234126,5.9359288,6.6469618,1.6170182,0.3527357,1.5645839,7.8795576,8.333491,6.6215406,8.8781777,8.3686218,7.8514806,9.0429483,6.5986326,5.4577222,7.3817252,7.9424672,5.8095474,8.1031014,8.3059845,7.5922225,8.925365,6.2827036,5.3263453,8.6522147,8.9434478,7.840992,10.1425434,8.4660563,8.2546552,9.2387983,7.0999102,5.6262823,7.8918448,8.3966553,6.3817403,8.7876043,8.7817491,8.1802406,9.4847548,6.8305756,4.6722449,7.1286508,7.7338086,5.4237323,7.8482663,8.0868771,7.4762315,8.7574816,6.3967628,4.7921251,9.6363076,9.8675459
1986-01-01 00:00:00,624.8409548,228.6850047,131.4141078,112.464116,59.2575852,58.2530175,20.6985795,5.2013164,8.8672277,370.7869748,135.6713559,75.5502806,67.5168712,35.6623235,34.7480274,12.7046586,3.0844065,5.8490511,254.05398,93.0136488,55.8638272,44.9472448,23.5952617,23.5049901,7.9939209,2.1169099,3.0181766,530.86914,199.6872196,106.4332457,92.2505505,51.4061454,51.1504001,17.8115208,4.7915994,7.3384585,335.1843778,124.8836081,65.3732877,59.5557973,33.004164,32.7727298,11.8442554,2.7804145,4.970121,195.6847622,74.8036115,41.059958,32.6947532,18.4019814,18.3776703,5.9672654,2.0111849,2.3683375,93.9718148,28.9977851,24.9808621,20.2135655,7.8514398,7.1026174,2.8870587,0.409717,1.5287692,35.602597,10.7877478,10.1769929,7.9610739,2.6581595,1.9752976,0.8604032,0.303992,0.8789301,58.3692178,18.2100373,14.8038692,12.2524916,5.1932803,5.1273198,2.0266555,0.105725,0.6498391,8.4684459,9.0240186,6.8168431,9.5693159,9.233388,8.3364056,10.5087031,7.0920836,6.8012373,8.1416192,8.6680376,6.4318506,9.0805221,9.0420984,8.0117491,10.191665,7.1356073,7.8129588,8.9954681,9.5990278,7.4172784,10.4111421,9.5383749,8.8676254,11.055264,7.0296101,5.4368604,8.6127885,9.3171327,6.5996405,9.4503613,9.8585807,8.9421815,10.888422,7.5035309,6.6264339,7.8281141,8.4478009,5.8939463,8.6289292,8.994171,8.0259983,10.0908896,6.7051859,7.096864,10.3980955,11.2498673
1986-02-01 00:00:00,665.2924183,242.2235358,145.2112575,123.993212,57.7797557,61.8792073,19.3978677,6.7261836,8.0813987,369.4212947,139.0691757,72.8516526,70.4515068,32.6157878,35.0967722,11.404004,3.7166152,4.2157804,295.8711236,103.1543601,72.3596049,53.5417052,25.1639679,26.7824351,7.9938637,3.0095684,3.8656183,550.3483511,207.8715688,114.2886525,100.6855828,48.1163245,51.2744119,16.8064144,5.5415784,5.7638178,341.0240043,128.8873606,66.0750104,64.663977,30.8498934,32.7101028,10.9958974,3.1187902,3.7229725,209.3243468,78.9842082,48.2136421,36.0216058,17.2664311,18.5643091,5.810517,2.4227882,2.0408453,114.9440672,34.351967,30.922605,23.3076292,9.6634312,10.6047954,2.5914533,1.1846052,2.3175809,28.3972904,10.1818151,6.7766422,5.7875298,1.7658944,2.3866694,0.4081066,0.597825,0.4928079,86.5467768,24.1701519,24.1459628,17.5200994,7.8975368,8.218126,2.1833467,0.5867802,1.824773,8.8385724,9.380945,7.3736868,10.3212448,8.8127165,8.7277861,9.7445622,8.7286754,6.0463509,8.0752516,8.8512265,6.1665427,9.4538197,8.1990473,8.1105575,9.1400857,8.0165352,5.6009273,10.0213299,10.2042611,9.1836819,11.7384529,9.7594917,9.6945985,10.7597127,9.8042387,6.6205556,8.8509771,9.5578003,7.0504336,10.2443091,9.1614392,8.9584034,10.1453746,8.212982,5.3125448,7.9282618,8.6805783,5.9305463,9.3326216,8.3170141,8.0338815,9.3207251,7.1694756,5.3174441,10.9218363,11.44515
1986-03-01 00:00:00,642.5642953,230.105264,139.9390908,118.2179974,57.6101721,61.7855853,19.8247431,7.0186801,8.0627625,353.3844432,130.5927545,70.8615722,64.7064046,32.5764437,35.1859219,10.7619938,4.3001961,4.3991564,289.1798521,99.5125095,69.0775186,53.5115928,25.0337284,26.5996634,9.0627493,2.718484,3.6636061,507.9616969,190.8589756,96.9584469,95.4852577,47.4741183,50.3085837,16.8979905,4.9897882,4.988536,315.742513,119.621131,58.0107116,59.2944072,30.2014169,32.0423844,10.4102552,3.2247166,2.9374901,192.2191839,71.2378446,38.9477353,36.1908505,17.2727014,18.2661993,6.4877353,1.7650716,2.0510459,134.6025984,39.2462884,42.9806439,22.7327397,10.1360538,11.4770016,2.9267526,2.0288919,3.0742265,37.6419302,10.9716235,12.8508606,5.4119974,2.3750268,3.1435375,0.3517386,1.0754795,1.4616663,96.9606682,28.2746649,30.1297833,17.3207423,7.761027,8.3334641,2.575014,0.9534124,1.6125602,8.4498358,8.8491595,7.0050246,9.744539,8.7348679,8.6158065,9.8088681,8.8648509,5.9574753,7.6963165,8.2799554,5.9621977,8.6673523,8.1797658,8.1031991,8.6886756,9.0227168,5.8405745,9.5982031,9.726655,8.5367138,11.4679538,9.5809634,9.4026165,11.5820691,8.6261097,6.104182,8.2250936,8.8518273,6.031312,9.747247,9.0673484,8.7926559,10.3112411,7.5121156,4.6900408,7.3804743,8.0794331,5.2709935,8.579547,8.159345,7.8736993,8.9246937,7.3370036,4.3109449,10.129184,10.5445384
1986-04-01 00:00:00,608.6539106,219.9217828,134.8793979,112.5033043,53.172447,57.4738673,18.5051021,5.7377934,6.4602158,339.586884,126.7432691,71.7423932,62.2806337,30.5874512,31.7252,10.1275754,2.7877758,3.5925856,269.0670266,93.1785137,63.1370047,50.2226706,22.5849958,25.7486673,8.3775267,2.9500176,2.8676302,485.9500416,186.0936037,99.0175159,88.8351635,41.6731639,46.5040652,15.3810388,4.1915726,4.253918,306.1432719,118.0245464,60.4644692,55.9388041,28.0828517,28.9557015,9.4615023,2.3808502,2.8345465,179.8067697,68.0690573,38.5530467,32.8963594,13.5903122,17.5483637,5.9195365,1.8107224,1.4193715,122.703869,33.8281791,35.861882,23.6681408,11.4992831,10.9698021,3.1240633,1.5462208,2.2062978,33.4436121,8.7187227,11.277924,6.3418296,2.5045995,2.7694985,0.6660731,0.4069256,0.7580391,89.2602569,25.1094564,24.583958,17.3263112,8.9946836,8.2003036,2.4579902,1.1392952,1.4482587,8.0017189,8.4480122,6.7840388,9.1893471,8.0423737,8.0225342,9.1711183,7.4865486,4.7903363,7.4115213,8.0465496,6.0886773,8.2589061,7.7236641,7.334013,8.128883,6.1061362,4.7573644,8.8957739,9.0630759,7.795699,10.6816535,8.5184258,9.0718907,10.8533619,9.5204689,4.8322943,7.9199647,8.7243457,6.2026348,9.0230033,8.0945024,8.1364328,9.5074199,6.295198,3.9736335,7.2141398,8.0602454,5.5531591,8.0436683,7.6986158,7.1878615,8.1358181,5.5732757,4.1395971,9.5030055,10.1784269
1986-05-01 00:00:00,594.5002444,211.4891577,123.1242951,120.2666401,54.5804635,57.2398663,17.1469085,5.0141154,5.6387978,337.9512041,126.1802933,60.9556863,69.8268127,32.2627349,32.9065484,9.9324312,2.7439983,3.142699,256.5490403,85.3088644,62.1686088,50.4398274,22.3177286,24.3333179,7.2144773,2.2701171,2.4960988,484.6767615,177.2720706,91.4929276,101.6132785,45.357525,47.6800039,14.6418317,3.3765658,3.2425584,309.9912836,117.0874006,54.6194513,65.0854216,30.1066223,29.371892,9.2887327,2.2099657,2.2217974,174.6854779,60.18467,36.8734763,36.5278569,15.2509027,18.3081119,5.353099,1.1666001,1.020761,109.8234829,34.2170871,31.6313675,18.6533616,9.2229385,9.5598624,2.5050768,1.6375496,2.3962394,27.9599205,9.0928927,6.336235,4.7413911,2.1561126,3.5346564,0.6436985,0.5340326,0.9209016,81.8635624,25.1241944,25.2951325,13.9119705,7.0668259,6.025206,1.8613783,1.103517,1.4753378,7.8497733,8.1900183,6.2341263,9.8320041,8.2362793,7.9834093,8.5252826,6.400209,4.2134592,7.4013255,8.0126282,5.1913803,9.3773654,8.1407802,7.6332995,8.028775,5.9288435,4.1832868,8.5306495,8.4672839,7.7629857,10.5393784,8.3783627,8.5113322,9.3186619,7.0806605,4.2520722,7.9080549,8.3339292,5.7453978,10.3237164,8.7387986,8.3236754,9.1574043,5.1328344,3.0155926,7.3003942,7.9715031,4.9885098,9.4690063,8.2009041,7.3261208,8.0368306,5.1422852,3.2407702,9.2785875,9.1426032
1986-06-01 00:00:00,563.8085457,205.6384529,115.1345037,111.1529817,50.4967238,54.4060809,15.8089936,4.5250546,6.6457545,321.3208054,121.5256367,57.2179197,64.4787419,30.9611633,30.669891,9.7682022,3.2825627,3.4166879,242.4877403,84.1128162,57.916584,46.6742398,19.5355605,23.7361899,6.0407914,1.2424919,3.2290666,458.3738449,172.0501568,88.3417114,89.8502428,43.8844215,43.6512223,13.8810532,3.8139104,2.9011265,294.201636,113.0558951,50.7527466,58.6814787,29.6330284,28.2503425,9.2433276,2.6848471,1.89997,164.1722089,58.9942617,37.5889648,31.1687641,14.2513931,15.4008798,4.6377256,1.1290633,1.0011565,105.4347008,33.5882961,26.7927923,21.3027389,6.6123023,10.7548586,1.9279404,0.7111442,3.744628,27.1191694,8.4697416,6.4651731,5.7972632,1.3281349,2.4195485,0.5248746,0.5977156,1.5167179,78.3155314,25.1185545,20.3276192,15.5054757,5.2841674,8.3353101,1.4030658,0.1134286,2.2279101,7.4464708,7.9587626,5.8403752,9.0380653,7.6839649,7.6055058,7.9527517,5.74274,4.8723515,7.0169991,7.7187683,4.8576004,8.5581786,7.8093094,7.1317572,7.9261051,6.7993916,4.5309349,8.1036978,8.3331017,7.2993407,9.7969722,7.4933485,8.3195992,7.9962216,4.0712358,5.2944839,7.4868302,8.1016161,5.5435179,9.0974454,8.4444402,7.6880645,8.6937239,5.8541526,2.7571015,6.8935585,7.6856901,4.6184724,8.396491,8.0337012,7.0164231,7.9594725,6.1034458,2.8195452,8.8520385,9.0390468
1986-07-01 00:00:00,596.0759523,212.0143297,127.9032476,117.8950463,55.3970298,54.7900771,15.6584371,6.9026013,5.5151834,342.9028165,124.4929243,68.3845564,67.8521469,33.2057495,31.7513681,9.5014306,5.1106941,2.6039466,253.1731358,87.5214054,59.5186912,50.0428994,22.1912803,23.038709,6.1570065,1.7919072,2.9112368,492.1507586,181.7373873,98.5365711,100.6724905,46.063262,42.9422223,13.2566761,6.2528967,2.6892526,318.3189727,117.0802454,61.9939128,63.8133502,31.6622012,28.1049433,9.1235423,4.7832127,1.7575648,173.8317859,64.6571419,36.5426583,36.8591403,14.4010608,14.837279,4.1331338,1.469684,0.9316878,103.9251937,30.2769424,29.3666765,17.2225558,9.3337678,11.8478548,2.401761,0.6497046,2.8259308,24.5838438,7.4126789,6.3906436,4.0387967,1.5435483,3.6464248,0.3778883,0.3274814,0.8463818,79.3413499,22.8642635,22.9760329,13.1837591,7.7902195,8.20143,2.0238727,0.3222232,1.979549,7.85595,8.2058183,6.4529777,9.6029931,8.4299713,7.5913785,7.7856647,8.8577282,4.0504174,7.5016755,7.9413653,5.8071574,9.0391896,8.4351247,7.339209,7.6324436,10.5005968,3.4405035,8.3927854,8.6138374,7.398312,10.4901514,8.4222719,7.9687214,8.0345717,6.1247265,4.8136891,8.0014128,8.5864446,6.1312576,10.0895683,8.8911299,7.4813371,8.2618655,9.0560602,2.495705,7.4592281,8.0042049,5.6198277,9.1537072,8.6158618,6.9338551,7.7693679,10.4178093,2.5733746,9.2299427,9.8890238
1986-08-01 00:00:00,597.6290645,211.5246076,132.2559805,114.9335301,56.8889802,55.0875239,16.2654603,5.7096934,4.9632885,349.2517967,125.4553056,74.0824764,66.5840923,34.5720214,32.6375066,9.4450084,4.4459756,2.0294104,248.3772678,86.069302,58.1735041,48.3494378,22.3169588,22.4500173,6.8204519,1.2637178,2.9338781,491.8147414,178.9441686,104.601211,94.6769398,49.2278,43.4546677,13.5596294,5.1704933,2.1798316,320.9032272,116.4063862,65.925273,62.3940837,32.3605402,29.9742913,8.6202101,4.1910354,1.0314073,170.9115142,62.5377824,38.675938,32.2828561,16.8672598,13.4803764,4.9394193,0.9794579,1.1484243,105.8143231,32.580439,27.6547695,20.2565903,7.6611802,11.6328562,2.7058309,0.5392001,2.7834569,28.3485695,9.0489194,8.1572034,4.1900086,2.2114812,2.6632153,0.8247983,0.2549402,0.9980031,77.4657536,23.5315196,19.4975661,16.0665817,5.449699,8.9696409,1.8810326,0.2842599,1.7854538,7.9512614,8.2927757,6.7447963,9.3748834,8.7017743,7.7110816,8.1581718,7.4102444,3.7031885,7.672823,8.0780024,6.2776327,8.8865665,8.7998628,7.5735736,7.6889806,9.1733216,2.732417,8.3788076,8.6271112,7.4509067,10.1423996,8.554066,7.9201364,8.9111911,4.4209147,4.9097785,8.0618325,8.5417663,6.5308312,9.5532728,9.523767,7.6890864,8.5540272,7.8781378,2.0426284,7.5628508,8.0242328,5.9843675,8.9666085,8.8200328,7.4684301,7.484934,9.4682622,1.5321946,9.2017463,9.707126
1986-09-01 00:00:00,633.0767289,224.6646909,142.2714529,116.2511096,63.9846607,58.8348647,16.3896447,4.7750682,5.9052372,363.3765489,129.6897661,77.9887866,67.1208815,39.0215342,33.6789433,9.6439783,3.0999264,3.1327325,269.70018,94.9749248,64.2826663,49.1302281,24.9631265,25.1559214,6.7456664,1.6751418,2.7725047,518.3490447,187.7362648,113.2009908,94.8898271,53.9759093,48.1455278,13.557322,3.7879821,3.0552208,333.9504838,121.0071897,70.2819896,61.5453002,36.1458957,31.3388279,8.8870439,2.999355,1.7448818,184.3985609,66.7290751,42.9190012,33.3445269,17.8300136,16.8066999,4.6702781,0.7886271,1.310339,114.7276842,36.9284261,29.0704621,21.3612825,10.0087514,10.6893369,2.8323227,0.9870861,2.8500164,29.4260651,8.6825764,7.706797,5.5755813,2.8756385,2.3401154,0.7569344,0.1005714,1.3878507,85.3016191,28.2458497,21.3636651,15.7857012,7.1331129,8.3492215,2.0753883,0.8865147,1.4621657,8.2499806,8.6701567,7.0406269,9.3052721,9.5602049,8.0720125,8.140552,5.9728558,4.44092,7.8593841,8.2253316,6.4688302,8.8789936,9.6958075,7.7397975,7.7697679,6.3298546,4.2044992,8.8420441,9.361473,7.8863544,9.9584482,9.3556715,8.564157,8.7366082,5.4083862,4.7422236,8.3437479,8.802767,6.9277495,9.4458824,10.1819108,8.3474055,8.4483638,5.6156008,2.8734035,7.7469963,8.1915897,6.2590177,8.7832798,9.6663727,7.740888,7.593406,6.4547596,2.5808356,9.6964335,10.1801301
1986-10-01 00:00:00,591.0128257,211.1295281,128.1071656,113.0873668,61.7799834,50.2180911,18.185472,3.3842222,5.1209965,341.7072812,125.7279611,68.8547813,65.2621085,36.1851162,29.9473946,10.6112702,2.4111016,2.7075477,249.3055445,85.401567,59.2523843,47.8252583,25.5948672,20.2706965,7.5742018,0.9731206,2.4134488,486.236358,181.0811448,100.6272322,91.7024772,50.9353886,41.767852,14.967763,2.4517564,2.7027438,315.402665,118.5415176,62.4201315,59.3802567,33.6955775,27.7068696,9.9611171,2.2933516,1.4038434,170.833693,62.5396272,38.2071007,32.3222205,17.2398111,14.0609824,5.0066459,0.1584048,1.2989004,104.7764677,30.0483833,27.4799334,21.3848896,10.8445948,8.4502391,3.217709,0.9324658,2.4182527,26.3046162,7.1864435,6.4346498,5.8818518,2.4895387,2.240525,0.6501531,0.11775,1.3037043,78.4718515,22.8619398,21.0452836,15.5030378,8.3550561,6.2097141,2.5675559,0.8147158,1.1145484,7.7546691,8.1860662,6.3761835,9.1319903,9.3028722,7.0053423,8.9909296,4.4288072,3.7904433,7.4497397,8.0191994,5.7583125,8.70854,9.0737809,6.9739954,8.5747304,5.0686812,3.642748,8.2155819,8.4447639,7.2844843,9.7809887,9.6472218,7.0521726,9.646924,3.3735923,3.9710705,7.8767032,8.5627192,6.1851798,9.1497485,9.6668394,7.3289335,9.3157419,3.749159,2.5424433,7.3711797,8.0698749,5.6050959,8.5517251,9.0477609,6.9256341,8.5339546,5.0735029,2.0791836,9.0186253,9.6837036
1986-11-01 00:00:00,584.2035545,209.0523722,126.7266089,109.6284918,55.2577945,53.2604651,18.1934267,6.2316684,5.8527269,345.6356699,130.0437752,70.0583859,62.4243568,33.6165662,32.0664463,10.554044,3.536334,3.3357615,238.5678846,79.008597,56.668223,47.204135,21.6412283,21.1940188,7.6393827,2.6953344,2.5169654,489.3336095,179.935583,103.4013746,89.9753164,46.7554966,45.1180231,15.1695632,5.1778713,3.8003813,320.5150987,121.3416441,63.7025519,58.4591719,30.8055016,30.5762235,10.0366065,3.1170945,2.4763047,168.8185108,58.5939389,39.6988227,31.5161445,15.949995,14.5417996,5.1329567,2.0607768,1.3240766,94.869945,29.1167892,23.3252343,19.6531754,8.5022979,8.142442,3.0238635,1.0537971,2.0523456,25.1205712,8.7021311,6.355834,3.9651849,2.8110646,1.4902228,0.5174375,0.4192395,0.8594568,69.7493738,20.4146581,16.9694003,15.6879905,5.6912333,6.6522192,2.506426,0.6345576,1.1928888,7.6683562,8.1011784,6.3408626,8.7898573,8.295577,7.4332142,9.0542197,8.0887894,4.4523629,7.556488,8.2976797,5.8915268,8.3204993,8.4513625,7.5049122,8.6111456,7.4914748,4.5944789,7.8364345,7.7972539,7.0009824,9.4984233,8.0646592,7.3273027,9.7470885,9.0338248,4.2770287,7.9437931,8.5151447,6.3826902,8.9819537,8.9324822,7.9166756,9.4668154,7.76923,3.6251537,7.5073913,8.2690243,5.7426744,8.390638,8.3371711,7.6480991,8.6627222,6.9948415,3.7410038,8.9292583,9.0744801
1986-12-01 00:00:00,655.809776,223.5377819,149.0461064,129.496758,61.8257131,59.3190163,20.8810557,4.433224,7.2701206,386.0841376,138.5643218,82.4969662,74.6284608,37.582801,34.8428747,12.0109538,1.9578214,3.9999379,269.7256384,84.9734601,66.5491402,54.8682972,24.2429121,24.4761416,8.8701019,2.4754026,3.2701827,545.5136663,190.2669373,120.4915017,108.6541758,51.0368417,49.2330573,17.9394888,3.7535559,4.1381078,348.5355664,126.4710206,71.9463001,68.6335833,34.0162384,31.1804902,11.4745811,1.8359178,2.9774349,196.9780999,63.7959167,48.5452016,40.0205925,17.0206033,18.0525671,6.4649077,1.9176381,1.1606729,110.2961097,33.2708446,28.5546047,20.8425822,10.7888714,10.085959,2.9415669,0.6796681,3.1320128,37.5485712,12.0933012,10.5506661,5.9948775,3.5665626,3.6623845,0.5363727,0.1219036,1.022503,72.7475385,21.1775434,18.0039386,14.8477047,7.2223088,6.4235745,2.4051942,0.5577645,2.1095098,8.4374302,8.5168448,7.2604095,10.18453,9.1127671,8.1580323,10.0020527,5.829032,5.4577694,8.2536649,8.7013826,6.7500704,9.685183,9.2868021,7.9371374,9.4713871,4.1705662,5.3226308,8.7151793,8.2321507,8.0112475,10.9525889,8.855498,8.4945705,10.8231814,8.5034913,5.6326938,8.6726316,8.8315085,7.2737889,10.6298378,9.5372067,8.4378131,10.7540661,5.7541803,3.8925865,8.0130422,8.4946985,6.3534357,9.6406689,9.0226796,7.6439424,9.5330497,4.1384564,4.4562049,10.1511258,9.5849037
1987-01-01 00:00:00,670.6892626,246.8204722,141.2125264,127.7153903,60.3598343,60.5337114,21.148147,4.1146585,8.7845225,402.2700508,150.8209535,78.6074735,77.9817013,36.9546649,37.0846429,13.3902234,2.236026,5.1943653,268.4192118,95.9995187,62.6050529,49.733689,23.4051694,23.4490685,7.7579236,1.8786325,3.5901572,574.084037,211.4024234,120.5289015,109.4795485,50.867907,53.0073217,18.9534397,3.0539009,6.7905943,370.4212472,138.7619837,72.5483641,71.3204942,34.2832403,34.6788716,12.3362499,1.8421151,4.6499283,203.6627898,72.6404397,47.9805374,38.1590543,16.5846667,18.3284501,6.6171898,1.2117858,2.140666,96.6052256,35.4180488,20.6836249,18.2358418,9.4919273,7.5263897,2.1947073,1.0607576,1.9939282,31.8488036,12.0589698,6.0591094,6.6612071,2.6714246,2.4057713,1.0539735,0.3939109,0.544437,64.756422,23.359079,14.6245155,11.5746347,6.8205027,5.1206184,1.1407338,0.6668467,1.4494912,8.8560492,9.5962416,7.0785328,10.3695804,9.1938054,8.5107212,10.4215135,5.3916619,6.8860627,8.7186894,9.5596741,6.5478257,10.2535251,9.292435,8.5815053,10.7274861,4.6398396,7.1834638,9.070205,9.6542598,7.8805194,10.5569382,9.0422704,8.4011294,9.932538,6.6799773,6.4968977,9.1945103,9.8542887,7.3148657,10.8370239,9.7265472,9.1311922,11.4303787,4.6249952,6.455588,8.5820741,9.3769093,6.4646606,10.1052863,9.2315917,8.5422809,10.4205994,4.0239199,6.9514501,10.565894,10.9158732
1987-02-01 00:00:00,699.6550839,249.9558156,149.4001088,138.6078396,65.4737742,60.4006594,20.3454529,5.4976186,9.9738148,395.6759125,148.9568625,76.451339,78.4422694,39.3686536,32.2195167,11.8641563,3.0513882,5.3217268,303.9791714,100.9989531,72.9487698,60.1655702,26.1051206,28.1811427,8.4812966,2.4462304,4.652088,580.4912033,213.2220726,119.1200159,113.692585,53.6120772,50.6067704,18.4080827,4.7053469,7.1242526,362.7288697,137.4108414,69.1983169,71.6111594,35.9890473,29.9383364,11.3916802,2.8173048,4.3721833,217.7623336,75.8112312,49.921699,42.0814256,17.6230299,20.668434,7.0164025,1.8880421,2.7520693,119.1638806,36.733743,30.2800929,24.9152546,11.861697,9.793889,1.9373702,0.7922717,2.8495622,32.9470428,11.5460211,7.2530221,6.83111,3.3796063,2.2811803,0.4724761,0.2340834,0.9495435,86.2168378,25.1877219,23.0270708,18.0841446,8.4820907,7.5127087,1.4648941,0.5581883,1.9000187,9.0606505,9.562765,7.3563304,10.9661709,9.7839815,8.3208545,9.9394634,6.9937538,7.3984356,8.5205578,9.3728867,6.3142307,10.2669861,9.8590527,7.4803626,9.3623649,6.2280927,7.1921523,9.8754546,9.8572768,8.8948139,12.0346999,9.6729055,9.5473119,10.8773779,8.2604942,7.6494149,9.2417501,9.9030898,7.1718195,11.2229341,10.1158585,8.7444575,10.8786758,6.8799616,6.6088866,8.3536974,9.2162447,6.1220004,10.1102317,9.6168303,7.4220212,9.4090503,5.9898005,6.541443,11.2303792,11.4497227
1987-03-01 00:00:00,702.8495881,249.9219376,149.573496,140.6561446,64.0372618,62.7395215,20.2832837,5.2419908,10.3959521,385.8283038,141.1791381,73.6198692,80.9905956,36.9755837,33.0381044,11.8430604,2.5682793,5.6136731,317.0212843,108.7427995,75.9536268,59.665549,27.0616781,29.7014171,8.4402233,2.6737115,4.782279,562.0229181,206.0820492,114.4489969,114.2663732,51.7164616,49.0385223,16.8269536,3.758867,5.8846943,351.5512214,131.7049175,65.3316968,74.2440942,33.276323,30.0391298,11.0397996,2.1557293,3.7595312,210.4716967,74.3771317,49.1173001,40.022279,18.4401386,18.9993925,5.787154,1.6031377,2.1251631,140.82667,43.8398884,35.1244991,26.3897714,12.3208002,13.7009992,3.4563301,1.4831238,4.5112578,34.2770824,9.4742206,8.2881724,6.7465014,3.6992607,2.9989746,0.8032608,0.41255,1.8541419,106.5495876,34.3656678,26.8363267,19.64327,8.6215395,10.7020246,2.6530693,1.0705738,2.6571159,8.9692207,9.4092995,7.216822,11.0175702,9.4918804,8.5566966,9.8597061,6.5102065,7.5999584,8.2486143,8.8501479,6.003633,10.5089941,9.2487835,7.5774535,9.4554219,5.2949878,7.4067942,10.0362994,10.2500668,8.97466,11.7922122,9.8454632,9.9932119,10.4889944,8.3512753,7.8399647,8.9383319,9.5150262,6.8893143,11.2214104,9.784677,8.524933,10.2135249,5.507799,5.5725442,8.1000683,8.8245519,5.7659977,10.4398694,8.9955123,7.4575301,9.3301593,4.7720966,5.5955902,10.8062708,11.0454055
1987-04-01 00:00:00,652.045312,233.5591539,136.2372048,128.4959561,60.1557634,60.3445765,18.0983728,5.4366318,9.7176527,357.3371707,130.8825901,68.4831494,74.2795794,32.9854938,32.9219888,10.0424219,3.1120358,4.6299115,294.7081413,102.6765638,67.7540554,54.2163767,27.1702696,27.4225877,8.0559509,2.324596,5.0877412,530.5536879,193.6527454,105.8025724,107.6306759,48.8221136,48.3378398,15.1996473,5.0215673,6.0865262,326.9804629,121.7055035,61.3190915,69.3603669,29.8041955,28.7121458,9.7552823,2.8593843,3.4644931,203.573225,71.9472419,44.4834809,38.270309,19.0179181,19.625694,5.444365,2.162183,2.6220331,121.4916241,39.9064085,30.4346324,20.8652802,11.3336498,12.0067367,2.8987255,0.4150645,3.6311265,30.3567078,9.1770866,7.1640579,4.9192125,3.1812983,4.209843,0.2871396,0.2526515,1.1654184,91.1349163,30.7293219,23.2705745,15.9460677,8.1523515,7.7968937,2.6115859,0.162413,2.4657081,8.4008901,8.8776994,6.6472152,10.1992519,8.947906,8.2757318,8.8804974,6.7426008,7.1727196,7.70344,8.2528312,5.6667849,9.7537607,8.2907248,7.5423724,8.062259,6.3788253,6.1725751,9.4368462,9.8260646,8.0560127,10.880081,9.9006723,9.3694361,10.1667523,7.2999254,8.4132513,8.5083313,8.9942921,6.4490548,10.7415146,9.316381,8.3347543,9.4302411,7.3276723,5.7243538,7.599669,8.2067102,5.4860698,9.9003799,8.1754916,7.0903947,8.3367472,6.2004586,5.0484551,10.5307337,10.7373883
1987-05-01 00:00:00,635.1338559,230.8316238,127.9527167,126.8242865,58.7904504,57.0602055,19.4636152,4.736595,9.4743628,366.905429,134.7433379,71.5829367,75.2506423,33.3419534,32.955771,11.8459471,2.0634282,5.1214124,268.2284269,96.0882859,56.36978,51.5736442,25.448497,24.1044345,7.6176681,2.6731668,4.3529504,530.2375065,195.7587468,103.0775063,108.3311697,49.508504,48.6585254,16.6760286,3.2429443,4.9840814,337.6448628,126.5869001,63.6178709,69.132408,31.1214983,30.8156913,11.324963,1.5212554,3.5242758,192.5926437,69.1718467,39.4596354,39.1987617,18.3870057,17.8428341,5.3510656,1.7216889,1.4598056,104.8963494,35.072877,24.8752104,18.4931168,9.2819464,8.4016801,2.7875866,1.4936507,4.4902814,29.2605662,8.1564378,7.9650658,6.1182343,2.2204551,2.1400797,0.5209841,0.5421728,1.5971366,75.6357832,26.9164392,16.9101446,12.3748825,7.0614913,6.2616004,2.2666025,0.9514779,2.8931448,8.2072875,8.8078678,6.2419477,10.0951365,8.8141546,7.8667416,9.7057831,5.9824561,6.7823111,7.913207,8.5462542,5.8855444,9.8561573,8.4118959,7.5411586,9.5992041,4.3778846,6.7096551,8.6468504,9.202913,6.7619305,10.4653822,9.4032974,8.3602294,9.8763044,8.342759,6.8698343,8.5157038,9.1389054,6.2665723,10.7343304,9.5926412,8.3888694,10.49558,4.9544264,4.5318724,7.8345609,8.5737862,5.645014,9.828154,8.5135562,7.5522282,9.7809366,3.5149364,5.0200147,10.0470882,10.3924663
1987-06-01 00:00:00,603.1260182,222.31313,118.0113632,119.5521265,56.6916638,56.2909819,19.7781817,3.8716579,6.6169132,353.3332323,133.0741445,67.2802436,69.8932862,33.2356863,32.8670116,11.4042607,2.0933896,3.4852098,249.7927859,89.2389855,50.7311196,49.6588403,23.4559775,23.4239703,8.373921,1.7782683,3.1317034,505.3819613,191.2723784,94.1268553,100.942573,48.3412161,46.7035625,16.7870626,3.1227555,4.0855579,326.2020268,125.0939616,60.6618838,64.8876123,30.5074209,29.7519281,10.9997168,1.7639096,2.5355937,179.1799345,66.1784168,33.4649715,36.0549607,17.8337952,16.9516344,5.7873458,1.3588459,1.5499642,97.7440569,31.0407516,23.8845079,18.6095535,8.3504477,9.5874194,2.9911191,0.7489024,2.5313553,27.1312055,7.9801829,6.6183598,5.0056739,2.7282654,3.1150835,0.4045439,0.32948,0.9496161,70.6128514,23.0605687,17.2661481,13.6038796,5.6221823,6.4723359,2.5865752,0.4194224,1.5817392,7.8003745,8.4652923,5.7879103,9.5650376,8.5188501,7.6619764,9.8014656,4.9067597,4.8593322,7.6074989,8.4168525,5.5246665,9.2039135,8.3891714,7.4003895,9.202556,4.4517111,4.644209,8.0905204,8.5385709,6.1783343,10.124126,8.7096155,8.061824,10.7546753,5.5779719,5.1234426,8.1366659,8.9506136,5.7482213,10.0722712,9.3325961,8.0280202,10.3900468,4.7325196,3.8103976,7.5652079,8.4985741,5.3656159,9.2447928,8.3273616,7.2142634,9.3914899,4.0438228,3.729864,9.4340164,9.9511264
1987-07-01 00:00:00,610.097676,228.5026771,118.0643705,116.2471091,59.4058757,57.2030267,18.5724654,4.3925225,7.709629,354.1217431,137.1970817,63.5419224,68.7647755,34.8670802,33.2752966,10.372488,2.0791367,4.023962,255.9759329,91.3055954,54.5224481,47.4823336,24.5387955,23.9277301,8.1999774,2.3133858,3.685667,510.193577,198.5733662,92.6318557,97.0421398,49.8245488,48.2367747,15.5143836,3.5370938,4.8334144,327.0344932,129.1794615,58.1067337,62.9491838,31.8475121,30.5322079,9.8780685,1.7713117,2.770014,183.1590838,69.3939047,34.525122,34.092956,17.9770367,17.7045668,5.6363151,1.7657821,2.0634004,99.904099,29.9293109,25.4325148,19.2049693,9.5813269,8.966252,3.0580818,0.8554287,2.8762146,27.0872499,8.0176202,5.4351887,5.8155917,3.0195681,2.7430887,0.4944195,0.307825,1.253948,72.8168491,21.9116907,19.9973261,13.3893776,6.5617588,6.2231633,2.5636623,0.5476037,1.6222666,7.8361135,8.6298137,5.7436669,9.2888855,8.9130095,7.7179222,9.2413495,5.4680712,5.4336572,7.5762605,8.6174495,5.2085148,9.0187834,8.7191671,7.3744623,8.442418,4.3987865,5.1360839,8.2264496,8.648459,6.524985,9.7100336,9.2037467,8.252422,10.4980165,6.9966401,5.8005768,8.1030931,9.1424298,5.5806964,9.6512913,9.5265378,8.107744,9.7022591,5.1509846,4.2997844,7.5107059,8.6530705,5.1064027,8.9330795,8.6459925,7.2776436,8.5693197,3.9922687,3.8877022,9.4312851,10.2181574
1987-08-01 00:00:00,602.0339426,217.0707828,121.544055,115.2711898,62.0557343,54.6085709,17.8938188,5.9349959,7.6547951,347.0850246,127.3675745,64.4063912,68.192143,35.8185006,33.3109899,10.5375821,3.4370821,4.0147612,254.948918,89.7032083,57.1376638,47.0790468,26.2372337,21.297581,7.3562367,2.4979138,3.6400339,495.0780471,184.0434611,91.9375197,97.794529,52.717875,44.16527,14.2088616,5.3053977,4.905133,317.2367312,119.7990243,56.287293,62.4723937,33.3739342,29.7227614,9.3442519,3.2883043,2.9487684,177.8413159,64.2444368,35.6502267,35.3221353,19.3439408,14.4425086,4.8646097,2.0170934,1.9563646,106.9558955,33.0273217,29.6065353,17.4766608,9.3378593,10.4433009,3.6849572,0.6295982,2.7496621,29.8482934,7.5685502,8.1190982,5.7197493,2.4445664,3.5882285,1.1933302,0.1487778,1.0659928,77.1076021,25.4587715,21.4874371,11.7569115,6.8932929,6.8550724,2.491627,0.4808204,1.6836693,7.8244236,8.3638944,5.9432487,9.2593514,9.3678861,7.462915,9.0138272,7.6013266,5.538563,7.5059355,8.152981,5.2998272,8.9963484,9.028449,7.4348671,8.6599828,7.4221445,5.2887889,8.3041181,8.6828277,6.8855228,9.6687747,9.8747133,7.5072109,9.5742084,7.8625059,5.8429141,8.0289615,8.7410228,5.6213982,9.8402699,10.1952701,7.5951988,8.9210984,8.0917337,4.5452387,7.4169215,8.2562408,4.9894658,9.0178875,9.0680231,7.2069034,8.2218739,7.6929419,4.3078592,9.4148203,9.8157698
1987-09-01 00:00:00,597.6025738,221.4570203,115.9210064,116.791839,55.8099415,52.3572697,18.1903879,10.113791,6.961318,345.5271497,131.3392672,63.3418426,66.7584098,32.4777047,30.776763,10.9160118,5.8842035,4.0329471,252.0754241,90.1177531,52.5791638,50.0334292,23.3322368,21.5805067,7.2743761,4.2295875,2.9283709,488.9249561,188.3196932,86.311919,95.5621542,47.5395925,42.7473989,15.9946479,7.8435623,4.6059881,318.1446636,122.5223623,56.1362404,62.1504772,31.0742133,27.5533337,10.6026143,4.9901578,3.1152646,170.7802925,65.7973309,30.1756786,33.411677,16.4653792,15.1940652,5.3920336,2.8534045,1.4907235,108.6776177,33.1373271,29.6090874,21.2296848,8.270349,9.6098708,2.19574,2.2702287,2.3553299,27.3824861,8.8169049,7.2056022,4.6079326,1.4034914,3.2234293,0.3133975,0.8940457,0.9176825,81.2951316,24.3204222,22.4034852,16.6217522,6.8668576,6.3864415,1.8823425,1.376183,1.4376474,7.6771856,8.3144606,5.6922821,9.2752055,8.3894678,7.0488742,9.1335508,12.7396416,5.0292891,7.4175479,8.2147978,5.2658658,8.7781969,8.1226463,6.8694347,8.9312492,12.1239523,5.2088261,8.0641003,8.4641195,6.3076088,10.033158,8.7914557,7.3216249,9.4549268,13.7081081,4.8013726,7.8351045,8.6975231,5.3169885,9.518448,9.1084432,7.2880747,9.8941173,11.4510921,4.2233428,7.3668442,8.2480039,5.0290075,8.838962,8.4092135,6.6686355,9.2168307,10.816379,4.4594687,8.8874816,9.6798981
1987-10-01 00:00:00,585.3982292,215.0525728,118.9535552,111.8037911,57.6090784,50.9967058,16.3980998,8.2270795,6.3573466,341.9259591,126.3177061,66.3263062,67.5072987,32.836664,29.3380367,10.2579565,5.9172927,3.4246982,243.4722701,88.7348667,52.627249,44.2964924,24.7724144,21.6586691,6.1401433,2.3097868,2.9326484,475.4809223,178.8953092,89.6347097,92.8097734,47.4919153,41.7469633,13.7981761,7.3228916,3.7811837,306.2539484,112.8789778,57.8987606,61.0487868,30.35116,26.3520855,9.7311443,5.4681234,2.52491,169.2269739,66.0163314,31.7359491,31.7609866,17.1407553,15.3948778,4.0670318,1.8547682,1.2562737,109.9173069,36.1572636,29.3188455,18.9940177,10.1171631,9.2497425,2.5999237,0.9041879,2.5761629,35.6720107,13.4387283,8.4275456,6.4585119,2.485504,2.9859512,0.5268122,0.4491693,0.8997882,74.2452962,22.7185353,20.8912999,12.5355058,7.6316591,6.2637913,2.0731115,0.4550186,1.6763747,7.5410889,8.1182052,5.8324346,8.9495091,8.6560325,6.8482982,8.2645046,10.8545378,4.5227123,7.3607198,7.9499098,5.5019502,8.9128671,8.262776,6.5028712,8.4250286,12.9257493,4.4278322,7.8098505,8.370454,6.3101261,9.0059342,9.2388872,7.37926,8.0095522,7.6954902,4.6387905,7.6164996,8.2443982,5.4661111,9.3121437,9.2133125,7.0955331,8.7297131,11.3549589,3.4368879,7.1087863,7.6582743,5.1420476,8.7314673,8.2917576,6.3060272,8.5367389,12.9658883,3.6647625,8.7470706,9.4857401
1987-11-01 00:00:00,567.0697173,205.3213853,114.5464188,108.0275785,56.9275877,51.1199474,17.4470008,8.0218558,5.657943,329.569998,117.098484,64.0147389,64.3734964,35.0863818,30.0058239,11.2370793,4.9523212,2.8016725,237.4997193,88.2229013,50.5316799,43.6540821,21.8412059,21.1141235,6.2099215,3.0695346,2.8562705,469.5976798,173.8833229,88.313517,91.362998,48.8591156,41.9833622,15.4209676,6.5279387,3.2464578,303.4319238,108.6337396,56.1327142,60.6964027,33.1142177,27.4089155,10.4405125,4.8191997,2.1862219,166.165756,65.2495833,32.1808028,30.6665953,15.7448979,14.5744467,4.9804551,1.708739,1.0602359,97.4720375,31.4380624,26.2329018,16.6645805,8.0684721,9.1365852,2.0260332,1.4939171,2.4114852,26.1380742,8.4647444,7.8820247,3.6770937,1.9721641,2.5969084,0.7965668,0.1331215,0.6154506,71.3339633,22.973318,18.3508771,12.9874868,6.096308,6.5396768,1.2294664,1.3607956,1.7960346,7.3177547,7.7778188,5.6281309,8.6228274,8.5551758,6.9116922,8.6884358,10.7965419,4.0069975,7.1277594,7.4037283,5.3345742,8.5223092,8.8268696,6.7255898,9.237227,11.2887562,3.6090377,7.5988289,8.3369356,6.0498813,8.7754574,8.1520844,7.1946107,7.845046,10.0869567,4.4929545,7.5833718,8.0711488,5.4347365,9.3262868,9.4855937,7.2062816,9.6651574,10.2043404,2.8917327,7.0909081,7.4041996,5.0433749,8.7684549,9.068601,6.6088899,9.1384061,11.6402567,3.0690132,8.6847875,9.4951232
1987-12-01 00:00:00,620.6355777,208.6519104,133.1152888,123.0176169,61.7389192,58.2119163,19.2826143,8.905077,7.7122348,352.5617047,118.4916758,73.3951524,70.0943767,35.8241134,33.5955912,11.4331314,6.0171976,3.7104662,268.073873,90.1602346,59.7201364,52.9232402,25.9148058,24.6163251,7.8494829,2.8878794,4.0017686,507.0773207,178.9519026,101.1759833,98.9493466,51.7320035,47.4458689,16.0069648,7.4215687,5.3936823,313.8697627,107.9923768,60.6999067,61.708324,33.8447981,30.7600891,10.6086907,5.350517,2.9050603,193.207558,70.9595258,40.4760766,37.2410226,17.8872054,16.6857798,5.3982741,2.0710517,2.488622,113.558257,29.7000078,31.9393055,24.0682703,10.0069157,10.7660474,3.2756495,1.4835083,2.3185525,38.691942,10.499299,12.6952457,8.3860527,1.9793153,2.8355021,0.8244407,0.6666806,0.8054059,74.866315,19.2007088,19.2440598,15.6822176,8.0276004,7.9305453,2.4512088,0.8168277,1.5131466,7.8054367,7.7167123,6.3549225,9.5979353,9.0591292,7.6856461,9.1366815,11.8787361,5.2785709,7.432489,7.3433635,5.9170334,9.0140762,8.8685387,7.3894185,9.0144752,12.971405,4.6318062,8.3569311,8.2692456,6.9907358,10.4985815,9.3364999,8.130472,9.3207278,10.1051247,6.0636359,7.9258628,8.0434558,6.0100201,9.7152213,9.9016744,7.9072626,9.613583,11.4530254,4.6021647,7.1541315,7.171766,5.3192698,8.6559524,9.1736503,7.2683598,8.9155052,12.217085,4.0073706,9.6099082,9.8689949
1988-01-01 00:00:00,646.2306849,215.848794,134.0969311,133.5596441,63.7747508,61.9263133,20.9424583,7.3363418,8.7454515,371.961349,126.9134338,73.0375709,76.360517,39.5743856,34.482082,12.8122342,4.7066486,4.0744769,274.2693359,88.9353602,61.0593602,57.1991271,24.2003652,27.4442313,8.1302241,2.6296932,4.6709746,542.3538507,185.4704265,107.8838509,111.2728457,54.217007,52.8493437,18.1553786,5.9032327,6.6017656,333.5668591,114.3246177,63.4157149,68.1225786,36.0281604,31.9863847,11.9990142,4.3401705,3.3502181,208.7869916,71.1458088,44.468136,43.1502671,18.1888466,20.862959,6.1563644,1.5630622,3.2515475,103.8768342,30.3783675,26.2130802,22.2867984,9.5577438,9.0769696,2.7870797,1.4331091,2.1436859,38.3944899,12.5888161,9.621856,8.2379384,3.5462252,2.4956973,0.81322,0.3664781,0.7242588,65.4823443,17.7895514,16.5912242,14.04886,6.0115186,6.5812723,1.9738597,1.066631,1.4194271,8.2684472,8.0455444,6.5745877,10.6141387,9.5480719,8.2768491,10.002943,10.6095796,6.2373013,7.8914377,7.852137,5.9562357,9.9129347,9.9234272,7.5988127,10.0702312,11.1849328,5.1739115,8.8412857,8.3386431,7.5067952,11.7209804,8.9918812,9.3219452,9.898711,9.7151288,7.5998149,8.491692,8.2859909,6.473216,10.9463623,10.3269632,8.8194606,10.9208304,10.057672,5.6819464,7.6223626,7.5518599,5.5668198,9.6443673,9.8463971,7.5708728,10.1960419,11.0325818,4.6945215,10.383718,9.8199735
1988-02-01 00:00:00,644.7485882,210.7358251,137.9509116,129.4164045,66.1089397,63.3793506,21.2632705,7.9576635,7.9362227,355.9759122,117.916592,71.4519971,73.2118489,37.0162591,36.1388235,11.9588495,4.6465472,3.6349949,288.772676,92.8192331,66.4989145,56.2045556,29.0926806,27.2405271,9.304421,3.3111163,4.3012278,520.7157671,172.7255465,105.0738473,102.7060575,56.1119029,52.8249052,18.06491,6.7490517,6.459546,319.8241247,107.4347824,61.1281977,63.7759509,35.0800865,33.8871666,11.2932995,4.3134432,2.9111979,200.8916424,65.2907641,43.9456496,38.9301066,21.0318164,18.9377386,6.7716105,2.4356085,3.5483481,124.0328211,38.0102786,32.8770643,26.710347,9.9970368,10.5544454,3.1983605,1.2086118,1.4766767,36.1517875,10.4818096,10.3237994,9.435898,1.9361726,2.2516569,0.66555,0.333104,0.723797,87.8810336,27.528469,22.5532649,17.274449,8.0608642,8.3027885,2.5328105,0.8755078,0.7528797,8.1695928,7.8085323,6.7051578,10.1263047,9.7840526,8.392269,10.1751666,11.089426,5.4270781,7.5440333,7.319855,5.815642,9.4902878,9.3146294,7.8838302,9.4452268,10.426222,4.5042835,9.0997564,8.5321608,8.0238326,11.0948516,10.4544114,9.1774742,11.297314,12.1763336,6.5634574,8.1500176,7.7685736,6.2904748,10.0832289,10.6823587,8.7466274,10.7389704,11.0512091,5.460778,7.2818872,7.1193583,5.3505185,8.9390266,9.5770005,7.9323901,9.547847,10.2149624,3.9842328,10.0592349,9.1400546
1988-03-01 00:00:00,645.2015149,216.6426483,138.6452963,128.2789683,60.4888557,62.3912957,21.7998238,8.7074516,8.2471752,345.9326827,121.7990794,66.7496234,69.2807665,33.7864171,33.5062274,11.5432865,5.6415296,3.6257528,299.2688322,94.8435689,71.8956729,58.9982018,26.7024386,28.8850683,10.2565373,3.065922,4.6214224,494.8151443,167.3511488,101.6811578,98.6406523,48.4654249,48.9793293,16.4432362,8.1953477,5.0588473,304.0010447,106.5166348,58.2008046,59.1986759,31.1318922,30.2026555,10.5163529,5.5242796,2.7097492,190.8140996,60.834514,43.4803532,39.4419764,17.3335327,18.7766738,5.9268833,2.6710681,2.3490981,150.3863706,49.2914995,36.9641385,29.638316,12.0234308,13.4119664,5.3565876,0.5121039,3.1883279,41.931638,15.2824446,8.5488188,10.0820906,2.6545249,3.3035719,1.0269336,0.11725,0.9160036,108.4547326,34.0090549,28.4153197,19.5562254,9.3689059,10.1083945,4.329654,0.3948539,2.2723243,8.0222509,7.8570622,6.6336983,9.8230059,8.8296461,8.109335,10.2009364,12.1126843,5.5202104,7.258102,7.4479007,5.414206,8.8126516,8.4482028,7.3013,9.0851901,12.4698161,4.4945676,9.1338231,8.4534533,8.3877168,11.3512173,9.3646389,9.3037024,11.8370069,11.5063106,6.7240266,7.7257233,7.485065,6.0871532,9.6021167,9.221298,8.1634708,9.8939452,13.1322115,4.3198668,6.9139052,7.0443288,5.0941034,8.2343623,8.4783634,7.1657848,8.8489163,12.7331263,3.7365518,9.5035315,8.4059211
1988-04-01 00:00:00,644.7949779,221.5600926,141.7311143,120.961846,60.7393664,63.2208951,19.8710984,8.5799405,8.1306246,350.3874051,124.4261899,70.3358086,65.9416938,35.2532105,35.1689193,10.248934,5.8233712,3.1892778,294.4075728,97.1339027,71.3953057,55.0201522,25.4861559,28.0519758,9.6221644,2.7565693,4.9413468,492.6303332,172.2565837,97.8350787,97.8552421,47.1552546,49.6543655,15.4364785,7.3921782,5.0451519,303.5088204,108.0223788,57.916683,58.552862,31.4618362,30.4829205,9.5290711,5.1869286,2.3561402,189.1215128,64.2342049,39.9183957,39.3023801,15.6934184,19.171445,5.9074074,2.2052496,2.6890117,152.1646447,49.3035089,43.8960356,23.1066039,13.5841118,13.5665296,4.4346199,1.1877623,3.0854727,46.8785847,16.4038111,12.4191256,7.3888318,3.7913743,4.6859988,0.7198629,0.6364426,0.8331376,105.28606,32.8996978,31.47691,15.7177721,9.7927375,8.8805308,3.714757,0.5513197,2.2523351,8.0316597,8.0652033,6.7645752,9.2532034,8.9124075,8.2807425,9.3008509,12.0796303,5.4584047,7.3491706,7.6325657,5.6734346,8.3690137,8.8445819,7.6345353,8.0204456,13.326489,4.0308251,9.0296538,8.6966656,8.345871,10.5947303,9.007959,9.2637872,11.2064046,10.0860712,7.0758616,7.7076913,7.7399636,5.8779589,9.433177,9.0717217,8.2491724,9.2563119,12.2437726,4.3796757,6.8998321,7.1373551,5.0739917,8.0885091,8.6390374,7.1745183,7.9786155,12.8589741,3.3123031,9.4910654,9.0207888
1988-05-01 00:00:00,592.9672084,204.6278231,133.1291945,106.1995451,57.9250776,62.009836,16.8412515,5.3293542,6.9051264,329.0750942,117.9721433,67.0528332,57.6143194,34.7728886,34.814279,9.5707226,4.0689667,3.2089414,263.8921142,86.6556798,66.0763613,48.5852257,23.152189,27.195557,7.2705289,1.2603875,3.696185,468.9934106,165.8857822,98.691126,83.0518219,48.5657179,49.6416012,13.7702491,4.8561398,4.5309725,293.8577736,105.7352161,57.5734853,50.7660839,32.7744251,31.7779774,8.7102556,3.9256667,2.5946635,175.135637,60.1505661,41.1176407,32.285738,15.7912928,17.8636238,5.0599935,0.9304731,1.936309,123.9737978,38.7420409,34.4380685,23.1477232,9.3593597,12.3682348,3.0710024,0.4732144,2.3741539,35.2173206,12.2369272,9.4793479,6.8482355,1.9984635,3.0363016,0.860467,0.1433,0.6142779,88.7564772,26.5051137,24.9587206,16.2994877,7.3608962,9.3319332,2.2105354,0.3299144,1.759876,7.4607707,7.5764674,6.4360391,8.1311264,8.5515537,8.1204838,7.9805654,7.2318161,4.7076942,6.9677574,7.339045,5.4691595,7.3436904,8.7646501,7.6019768,7.5487938,9.175617,4.0632542,8.1827659,7.925521,7.8430908,9.3156392,8.2502816,8.897354,8.6303731,4.2946667,5.4594272,7.3899375,7.5665199,5.9990786,8.0147088,9.2375128,8.1780311,8.34106,7.892108,3.9995157,6.7201788,7.0920632,5.0736538,7.0285064,8.9355175,7.4463997,7.3280902,9.3356206,3.6869717,8.8738663,8.574923
1988-06-01 00:00:00,569.0472077,195.6243355,122.7320528,102.869854,58.0609006,57.4360945,18.1631119,5.3659096,8.7949488,316.1797623,112.8845718,60.8252835,56.5850139,34.1936029,32.9996833,10.6439702,3.0031571,5.0444796,252.8674454,82.7397637,61.9067693,46.2848401,23.8672977,24.4364112,7.5191417,2.3627525,3.7504692,459.5679027,162.1482705,91.6135108,84.6941168,47.6366256,47.6823667,15.5373906,4.3568358,5.8987859,287.8775958,102.6153916,53.5400004,52.4780289,32.0744173,30.4497363,10.0139001,2.691046,4.0150752,171.6903069,59.5328789,38.0735104,32.2160879,15.5622083,17.2326304,5.5234905,1.6657898,1.8837107,109.479305,33.476065,31.118542,18.1757372,10.424275,9.7537278,2.6257213,1.0090738,2.8961629,28.3021665,10.2691802,7.2852831,4.106985,2.1191856,2.549947,0.6300701,0.3121111,1.0294044,81.1771385,23.2068848,23.8332589,14.0687522,8.3050894,7.2037808,1.9956512,0.6969627,1.8667585,7.1602491,7.2306001,5.9392446,7.9324584,8.5557461,7.4742773,8.6613962,7.3310191,5.9202219,6.6780278,6.9890834,4.9724998,7.2202396,8.5706055,7.1539364,8.4029608,6.8178151,6.1836975,7.8709134,7.5883632,7.3416627,9.0202425,8.5345473,7.9553361,9.0556488,8.1066322,5.5993297,7.2454484,7.3840035,5.5755371,8.2291083,9.0675762,7.8283846,9.3996536,7.2313709,5.1481264,6.5628853,6.8394092,4.714669,7.2748878,8.7064994,7.0938845,8.4237294,6.5821281,5.5971796,8.7758237,8.5586759
1988-07-01 00:00:00,518.7810648,180.8374542,107.6907428,92.4657247,56.5854698,50.2992535,18.5444062,5.569335,6.7886786,299.9958375,109.8895433,56.7073678,53.4590526,34.5841745,27.1508964,10.8805069,3.9987445,3.3255515,218.7852273,70.9479109,50.983375,39.0066721,22.0012953,23.1483571,7.6638993,1.5705905,3.4631271,431.4937957,156.5397693,87.0472953,74.061747,47.3608075,40.9221476,15.8811122,5.1528893,4.5280275,278.342727,103.6143653,52.3921938,49.2550788,31.6436475,24.5313436,10.507673,3.8142111,2.5842139,153.1510687,52.925404,34.6551015,24.8066682,15.71716,16.390804,5.3734392,1.3386782,1.9438136,87.2872691,24.2976849,20.6434475,18.4039777,9.2246623,9.3771059,2.663294,0.4164457,2.2606511,21.6531105,6.275178,4.315174,4.2039738,2.940527,2.6195528,0.3728339,0.1845334,0.7413376,65.6341586,18.0225069,16.3282735,14.2000039,6.2841353,6.7575531,2.2904601,0.2319123,1.5193135,6.5653172,6.7170921,5.2496517,7.135841,8.3533682,6.6010269,8.8947657,7.8041402,4.7398937,6.3507637,6.8362525,4.6530328,6.806823,8.5583453,5.8967275,8.6088324,9.4074285,4.220402,6.8842227,6.5405118,6.1228794,7.6420969,8.0502891,7.6764252,9.334947,5.4425527,5.3752522,6.7790781,7.0840962,5.2910813,7.1578996,8.9443991,6.7616251,9.6347069,8.1318805,4.0221652,6.3266378,6.8709404,4.6367016,6.7678619,8.4621777,5.7256386,8.8590848,9.2680729,3.606684,7.7917885,7.5421673
1988-08-01 00:00:00,538.6977037,189.9472938,114.882502,94.5917562,57.5632673,50.6507083,18.0207091,6.125275,6.916192,305.7021696,112.9640128,57.0913794,55.0984241,33.3173964,28.7818566,10.5783672,3.7339255,4.1368076,232.9955341,76.983281,57.7911226,39.4933321,24.2458709,21.8688517,7.4423419,2.3913495,2.7793844,445.4163169,157.6123419,89.6493618,80.6013727,49.5691784,43.1292463,15.4345189,4.8425503,4.5777466,279.8696086,103.4473168,50.8417499,50.6360557,31.8984038,26.7028667,10.1089033,3.3935684,2.840744,165.5467083,54.1650251,38.8076119,29.965317,17.6707746,16.4263796,5.3256156,1.4489819,1.7370026,93.2813868,32.3349519,25.2331402,13.9903835,7.9940889,7.521462,2.5861902,1.2827247,2.3384454,25.832561,9.516696,6.2496295,4.4623684,1.4189926,2.0789899,0.4694639,0.3403571,1.2960636,67.4488258,22.8182559,18.9835107,9.5280151,6.5750963,5.4424721,2.1167263,0.9423676,1.0423818,6.8258843,7.071002,5.6168235,7.3109404,8.5226406,6.6388429,8.718248,8.0130093,4.7688591,6.5212764,7.0704178,4.7579444,7.0449183,8.3659845,6.2455345,8.4073298,8.568155,5.1997103,7.2715251,7.0718595,6.8358551,7.7175093,8.7477319,7.2388041,9.2019489,7.2768286,4.245292,7.0478129,7.2231709,5.4620161,7.8554247,9.3616223,7.1878861,9.48558,7.4167463,4.0520811,6.4245436,6.9509984,4.547928,7.0278905,8.5961597,6.225162,8.6001501,8.1595975,4.0324551,8.4304926,7.8069937
1988-09-01 00:00:00,554.5495959,194.9556368,114.6462547,103.9247603,59.1639384,49.8247814,19.8130905,5.4352285,6.7859053,309.8192125,114.0762138,56.1054454,57.9925737,33.9191691,28.7897841,11.8151624,3.3955966,3.7252674,244.7303834,80.879423,58.5408093,45.9321866,25.2447693,21.0349973,7.9979281,2.0396319,3.0606379,438.6901337,155.4225593,86.7297089,82.5762747,49.6453786,39.2295653,16.3391986,4.5864034,4.1610449,280.0284671,103.8775163,50.7869226,52.0169611,31.4846567,25.3474303,10.7618627,3.1615633,2.5915541,158.6616666,51.545043,35.9427863,30.5593136,18.1607219,13.882135,5.5773359,1.4248401,1.5694908,115.8594622,39.5330775,27.9165458,21.3484856,9.5185598,10.5952161,3.4738919,0.8488251,2.6248604,29.7907454,10.1986975,5.3185228,5.9756126,2.4345124,3.4423538,1.0532997,0.2340333,1.1337133,86.0687168,29.33438,22.598023,15.372873,7.0840474,7.1528623,2.4205922,0.6147918,1.4911471,6.8822261,7.1507448,5.4685041,7.8020392,8.6070388,6.3606639,9.493789,6.8190722,4.7217254,6.4987639,7.0589619,4.5839586,7.2545457,8.3361282,6.1464636,9.2587864,7.3170863,4.7362899,7.4378206,7.284333,6.7093093,8.6237526,9.0000268,6.6792435,9.8636321,6.1250442,4.7041186,6.8335167,7.0508356,5.1834298,7.8936472,9.2117005,6.3984622,9.9233985,6.7457734,3.7366403,6.3448796,6.9120489,4.4708122,7.1166729,8.3353595,5.8453782,9.0497367,7.2826393,3.7001928,7.9084586,7.3481769
1988-10-01 00:00:00,507.8942919,176.8449914,109.6971702,91.0930836,53.7296304,45.9456667,20.1271411,5.0735738,5.3830347,285.76787,102.7782049,58.3920458,49.8829664,30.9959152,25.9926721,11.3398086,2.8437049,3.5425521,222.1264219,74.0667865,51.3051244,41.2101172,22.7337152,19.9529946,8.7873325,2.2298689,1.8404826,406.0067178,146.8952254,81.0959483,73.4933114,43.7043948,36.2750628,16.7376736,4.5696167,3.2354848,255.8709811,94.179175,50.0409214,44.5198037,28.9543218,22.4808165,10.6788982,2.6641049,2.3529396,150.1357367,52.7160504,31.0550269,28.9735077,14.750073,13.7942463,6.0587754,1.9055118,0.8825452,101.8875741,29.949766,28.6012219,17.5997722,10.0252356,9.6706039,3.3894675,0.5039571,2.1475499,29.8968889,8.5990299,8.3511244,5.3631627,2.0415934,3.5118556,0.6609104,0.1796,1.1896125,71.9906852,21.3507361,20.2500975,12.2366095,7.9836422,6.1587483,2.7285571,0.3243571,0.9579374,6.3604767,6.5252412,5.2954383,6.9213716,7.8420549,5.9305173,9.7104837,6.4916775,3.7900357,6.0191325,6.375489,4.7869254,6.2917093,7.631359,5.5805914,8.9712539,6.1614014,4.5170725,6.8610435,6.7450904,6.0237269,7.8753971,8.1488031,6.4580376,10.8659067,6.9680118,2.893595,6.3218323,6.6508495,4.8513168,7.0056452,8.1673321,5.9088651,10.2997054,6.5701344,2.8924076,5.8052864,6.2786778,4.3965758,6.1176321,7.7302458,5.1893439,9.049982,5.9534923,3.3074468,7.4518533,7.4385792
1988-11-01 00:00:00,488.3939829,171.7300906,96.9483715,89.6619407,49.0353789,49.9531289,19.6455043,4.3421179,7.0774501,270.8322815,96.9671357,50.5136769,49.1017364,28.7111465,27.1608212,12.1048302,2.3623131,3.9106215,217.5617014,74.7629549,46.4346946,40.5602043,20.3242324,22.7923077,7.5406741,1.9798048,3.1668286,391.3229124,141.913771,73.0476701,71.5451112,40.4270962,39.4933983,16.8546548,3.8338051,4.2074057,244.0316666,88.4577647,44.2169381,43.9197301,27.1321433,23.9116137,11.5462836,2.1931897,2.6540034,147.2912458,53.4560063,28.830732,27.6253811,13.2949529,15.5817846,5.3083712,1.6406154,1.5534023,97.0710705,29.8163196,23.9007014,18.1168295,8.6082827,10.4597306,2.7908495,0.5083128,2.8700444,26.8006149,8.509371,6.2967388,5.1820063,1.5790032,3.2492075,0.5585466,0.1691234,1.2566181,70.2704556,21.3069486,17.6039626,12.9348232,7.0292795,7.2105231,2.2323029,0.3391894,1.6134263,6.1072143,6.3622629,4.6548971,6.802358,7.1162181,6.4124402,9.5599151,5.607207,4.8482845,5.7132263,6.0495483,4.1599744,6.1636424,7.0175986,5.8343134,9.5483594,5.2191626,4.8916267,6.6807274,6.8194711,5.3469132,7.7781138,7.2603528,7.271026,9.5785237,6.1530753,4.7958109,6.1299243,6.4911504,4.4031145,6.8288933,7.5380698,6.4463083,10.4333061,5.7976658,3.683115,5.5703601,5.9551614,3.9335785,5.9985011,7.2097661,5.5449527,9.7791794,5.1879161,3.720771,7.3538353,7.6271066
1988-12-01 00:00:00,563.3245855,190.9260488,121.1031752,104.7257193,55.9475074,54.4169641,21.5022674,5.3283745,9.3745288,311.2782309,108.321022,63.7161722,56.7602244,33.0881988,29.2102122,12.2333742,2.4642142,5.4848129,252.0463546,82.6050268,57.387003,47.9654949,22.8593086,25.2067519,9.2688932,2.8641603,3.8897159,442.4244084,156.138752,86.1217405,83.0761838,45.453905,43.4013158,17.778835,3.8180259,6.6356504,272.8147529,97.2991528,51.1728744,49.3518487,30.7610122,26.3097591,11.5028873,1.9478657,4.4693527,169.6096555,58.8395992,34.9488661,33.7243351,14.6928928,17.0915567,6.2759477,1.8701602,2.1662977,120.9001771,34.7872968,34.9814347,21.6495355,10.4936024,11.0156483,3.7234324,1.5103486,2.7388784,38.463478,11.0218692,12.5432978,7.4083757,2.3271866,2.9004531,0.7304869,0.5163485,1.0154602,82.4366991,23.7654276,22.4381369,14.2411598,8.1664158,8.1151952,2.9929455,0.9940001,1.7234182,6.8813626,6.9715929,5.633007,7.7141989,8.0015144,6.8210498,10.1714834,6.6691223,6.1728875,6.4268883,6.654265,5.1003274,6.9598597,8.0289505,6.0991117,9.5116327,5.3018882,6.4826795,7.5398369,7.4366335,6.3718837,8.8491674,7.962132,7.9054158,11.1966567,8.5706756,5.7831905,6.7589782,6.9874023,5.0411446,7.7161529,8.3842877,6.9127292,10.7098084,5.5659094,5.4594468,6.0904709,6.4405323,4.4311973,6.5666438,8.1531954,5.9187616,9.5608812,4.5097901,5.808337,8.2081419,8.1287728
1989-01-01 00:00:00,592.0172889,208.0696649,122.5114882,110.3058233,60.7339705,51.1987569,24.0438537,7.0920894,8.061642,333.2144357,122.6483783,64.2007587,61.1815729,36.960585,28.7318883,12.3868067,2.7149456,4.3895002,258.8028532,85.4212866,58.3107295,49.1242504,23.7733855,22.4668686,11.657047,4.3771438,3.6721418,476.8658036,170.4570474,90.4261346,91.9263848,49.5854209,42.4211636,20.8855398,5.4647345,5.699378,295.6023449,110.1091489,53.6333309,55.1738455,33.0958695,25.9946085,11.5137889,2.3995192,3.6822335,181.2634587,60.3478985,36.7928037,36.7525393,16.4895514,16.4265551,9.3717509,3.0652153,2.0171445,115.1514853,37.6126175,32.0853536,18.3794385,11.1485496,8.7775933,3.1583139,1.6273549,2.362264,37.6120908,12.5392294,10.5674278,6.0077274,3.8647155,2.7372798,0.8730178,0.3154264,0.7072667,77.5393945,25.0733881,21.5179258,12.3717111,7.2838341,6.0403135,2.2852961,1.3119285,1.6549973,7.3855743,7.688114,5.9006431,8.2815613,8.8166395,6.5676258,11.5936037,8.3546076,5.7338118,6.9694233,7.5659245,5.2568134,7.5871153,9.0359638,6.1332713,9.850879,5.4554562,5.5320688,8.0006584,7.8706198,6.8203437,9.3470839,8.4960302,7.2216772,14.2775841,12.4624472,5.9951524,7.3485189,7.6278038,5.3921776,8.5535488,9.2451041,6.9078163,12.5574883,7.6458456,4.970911,6.6646304,7.294835,4.7325633,7.3572209,8.8255085,6.0294108,9.8313214,5.2617597,4.9815224,8.8253825,8.3207713
1989-02-01 00:00:00,597.7336085,199.0447955,135.8228028,113.84032,59.6534346,50.4833665,23.948294,6.5824863,8.3581088,325.8614342,115.2718197,67.5514395,62.653017,33.2282685,27.3419075,12.7905776,2.6518843,4.3725201,271.8721743,83.7729758,68.2713633,51.187303,26.4251661,23.141459,11.1577164,3.930602,3.9855887,471.1156794,159.7624326,101.4470227,89.2558084,48.7408814,39.8985139,21.0247851,6.0518059,4.9344294,286.1731857,101.4423018,56.4194212,55.0665597,31.0414959,24.1443969,12.0049984,2.6518843,3.4021275,184.9424937,58.3201308,45.0276015,34.1892487,17.6993855,15.754117,9.0197867,3.3999216,1.5323019,126.6179291,39.2823629,34.3757801,24.5845116,10.9125532,10.5848526,2.9235089,0.5306804,3.4236794,39.6882485,13.8295179,11.1320183,7.5864573,2.1867726,3.1975106,0.7855792,0,0.9703926,86.9296806,25.452845,23.2437618,16.9980543,8.7257806,7.387342,2.1379297,0.5306804,2.4532868,7.3213786,7.2440946,6.3462004,8.4064921,8.530144,6.4313925,11.4692542,7.7456524,5.8019805,6.745575,7.0529886,5.3969447,7.7319104,8.0954427,5.8438282,10.0137293,5.2869261,5.5933053,8.1558103,7.5246421,7.6833571,9.4115439,9.1478158,7.2984021,13.7624071,11.2871476,6.0495902,7.2000742,7.1040701,5.9242989,8.3190876,9.0177529,6.4698058,12.6780444,8.3135545,4.3586619,6.3845027,6.6672964,4.8550036,7.3544471,8.1908249,5.5768888,10.1175887,5.5597256,4.7442508,8.9738871,8.0176687
1989-03-01 00:00:00,545.858642,194.2010519,117.240606,99.4696818,50.0294474,48.9862347,21.4063852,6.2614397,8.2637953,293.2415853,106.3463691,59.3548986,54.151291,29.9628249,25.1361687,11.4203623,2.8825244,3.9871463,252.6170567,87.8546828,57.8857074,45.3183908,20.0666225,23.850066,9.9860229,3.3789153,4.276649,416.3604949,150.9638908,84.8199911,76.4078596,40.8482584,35.1030083,17.9460048,5.708262,4.5632199,256.915991,96.704944,49.3801445,47.1056727,26.7782519,20.8096608,10.9840368,2.4608698,2.6924105,159.4445039,54.2589468,35.4398466,29.3021869,14.0700065,14.2933475,6.961968,3.2473922,1.8708094,129.4981471,43.2371611,32.4206149,23.0618222,9.181189,13.8832264,3.4603804,0.5531777,3.7005754,36.3255943,9.6414251,9.9747541,7.0456183,3.184573,4.3265079,0.4363255,0.4216546,1.2947358,93.1725528,33.595736,22.4458608,16.0162039,5.996616,9.5567185,3.0240549,0.1315231,2.4058396,6.672678,7.043286,5.469428,7.3498948,7.1385999,6.2541356,10.3070069,7.2279047,5.5861385,6.0899863,6.5312956,4.7518544,6.7114934,7.3358073,5.3948879,9.0019496,5.5723209,5.112691,7.506391,7.7816901,6.4714853,8.2924134,6.8631107,7.5157192,12.3555347,9.6818817,6.1139817,6.4127861,6.773775,4.9888591,7.148087,7.6251603,5.7424383,11.146247,7.663661,4.0594659,5.779928,6.4124044,4.2864361,6.3169725,7.1847337,4.8350882,9.3598649,4.9640408,3.8940247,7.7865442,7.5301031
1989-04-01 00:00:00,514.9946978,177.2593887,111.9234034,99.2982694,50.3787354,44.2088116,18.9697973,4.2912562,8.6650358,272.8381563,94.7409963,54.9562971,53.0841139,30.2027097,22.6457179,10.1602069,2.674602,4.3735125,242.1565415,82.5183924,56.9671063,46.2141555,20.1760257,21.5630937,8.8095904,1.6166542,4.2915233,388.9312625,140.5644805,76.4762723,75.081614,40.0648553,32.8990073,15.8039869,2.9035261,5.1375201,235.6466875,85.2163673,43.6219921,46.3003062,27.025991,19.2864948,9.2821678,2.0498798,2.8634885,153.284575,55.3481132,32.8542802,28.7813078,13.0388643,13.6125125,6.5218191,0.8536463,2.2740316,126.0634353,36.6949082,35.4471311,24.2166554,10.3138801,11.3098043,3.1658104,1.3877301,3.5275157,37.1914688,9.524629,11.334305,6.7838077,3.1767187,3.3592231,0.8780391,0.6247222,1.510024,88.8719665,27.1702792,24.1128261,17.4328477,7.1371614,7.9505812,2.2877713,0.7630079,2.0174917,6.2854656,6.4314736,5.2030324,7.3114068,7.2059166,5.6411205,9.0524005,4.8569788,5.8816031,5.6525765,5.8024029,4.3717438,6.5841843,7.3801042,4.8804933,7.9813478,5.1984254,5.5580341,7.1928493,7.34584,6.3718803,8.3737782,6.9600075,6.745132,10.7099608,4.3809221,6.252559,5.987104,6.3118163,4.4789772,7.0034374,7.4636968,5.4398636,9.7720578,3.8422083,4.63846,5.2968021,5.6586922,3.7598571,6.2009244,7.2260074,4.5164768,7.928433,4.2241509,4.1259335,7.4871505,7.6758548
1989-05-01 00:00:00,517.3371743,186.8650981,108.4055482,94.3269874,54.4085384,43.0852831,17.5504876,5.1178241,7.5774074,277.5216373,103.0066389,50.8788731,50.1096368,32.798614,23.2423561,10.587348,2.7998658,4.0983046,239.815537,83.8584592,57.5266751,44.2173506,21.6099244,19.842927,6.9631396,2.3179583,3.4791028,401.9312969,149.7121205,76.9849999,72.2617364,45.4399409,33.0416629,15.7002049,4.0772957,4.7133357,242.0647435,90.4885307,43.6637552,42.6424966,29.7582143,20.4779366,9.9854898,2.3443593,2.703961,159.8665534,59.2235898,33.3212447,29.6192398,15.6817266,12.5637263,5.7147151,1.7329364,2.0093747,115.4058774,37.1529776,31.4205483,22.065251,8.9685975,10.0436202,1.8502827,1.0405284,2.8640717,35.4568938,12.5181082,7.2151179,7.4671402,3.0403997,2.7644195,0.6018582,0.4555065,1.3943436,79.9489836,24.6348694,24.2054304,14.5981108,5.9281978,7.2792007,1.2484245,0.5850219,1.4697281,6.2797914,6.7211689,5.0117955,6.8622513,7.78758,5.5326108,8.3035721,6.2115435,5.0810235,5.7370335,6.2709247,4.0468394,6.1736377,8.0246053,5.0400184,8.3110024,5.7105559,5.1523039,7.0518323,7.371264,6.3512149,7.8551829,7.4534388,6.2478672,8.2922999,6.9477968,4.9995463,6.1683858,6.6880665,4.5100849,6.6564076,8.4260081,5.4949496,9.6219355,5.7751228,4.2623968,5.4321738,5.9884696,3.7565618,5.6919323,7.9056774,4.8193173,8.5360871,5.0552197,3.9248765,7.7610473,8.141256
1989-06-01 00:00:00,475.9434734,167.8781522,95.7190682,88.7232509,48.7631885,44.4785653,19.4016572,3.7299664,7.2496247,259.4210607,95.6819778,43.0748719,49.0393759,28.0808222,25.4216902,11.7707266,2.5607316,3.7908645,216.5224127,72.1961744,52.6441963,39.683875,20.6823663,19.0568751,7.6309306,1.1692348,3.4587602,376.9712386,136.2449285,69.4965815,72.2519426,40.7671174,33.8638708,16.6642477,3.3333452,4.3492049,229.6195707,84.6816349,35.7205857,44.7992473,26.2670877,22.335555,11.0178681,2.4008316,2.3967604,147.3516679,51.5632936,33.7759958,27.4526953,14.5000297,11.5283158,5.6463796,0.9325136,1.9524445,98.9722348,31.6332237,26.2224867,16.4713083,7.9960711,10.6146945,2.7374095,0.3966212,2.9004198,29.80149,11.0003429,7.3542862,4.2401286,1.8137345,3.0861352,0.7528585,0.1599,1.3941041,69.1707448,20.6328808,18.8682005,12.2311797,6.1823366,7.5285593,1.984551,0.2367212,1.5063157,5.8134174,6.0848623,4.4598506,6.4737919,7.0440138,5.7241008,9.188775,4.6172316,4.8310363,5.3842906,5.8394875,3.4517818,6.0422741,6.9155974,5.5354443,9.286148,5.3036178,4.7547841,6.4271481,6.4437074,5.8601844,7.1004251,7.2261976,5.9967393,9.0425175,3.5975484,4.9174696,5.8057707,6.0989482,4.1123833,6.5980116,7.6699727,5.6865243,10.1199093,4.8660671,3.8168299,5.1711863,5.5963694,3.1100315,5.9629264,7.0286676,5.292652,9.4137017,5.3145547,3.4527416,7.178507,7.1540615
1989-07-01 00:00:00,482.0797652,173.1284908,96.3517153,88.2636917,51.3239688,42.0271271,18.2655429,4.3866622,8.3325664,263.7373687,94.9549626,48.4954514,48.1791686,31.3075903,22.9817978,10.0580779,3.205892,4.5544281,218.3423965,78.1735282,47.8562639,40.0845231,20.0163785,19.0453293,8.207465,1.1807702,3.7781383,379.5626514,140.7054321,68.134453,71.3125476,41.9278224,32.9398552,15.7752656,3.6835296,5.0837459,230.3131556,84.5629993,38.1829368,43.4726511,27.9793162,20.723887,9.1986813,3.205892,2.9867919,149.2494958,56.1424328,29.9515162,27.8398965,13.9485062,12.2159682,6.5765843,0.4776376,2.096954,102.5171138,32.4230587,28.2172623,16.9511441,9.3961464,9.0872719,2.4902773,0.7031326,3.2488205,33.4242131,10.3919633,10.3125146,4.7065175,3.3282741,2.2579108,0.8593966,0,1.5676362,69.0929007,22.0310954,17.9047477,12.2446266,6.0678723,6.8293611,1.6308807,0.7031326,1.6811843,5.8626835,6.2163227,4.480188,6.4482961,7.3960095,5.3906585,8.5990567,5.3072118,5.5646153,5.4438281,5.7527968,3.8698023,5.9423878,7.6467225,4.9400377,7.9388037,6.6419701,5.6530123,6.4633767,6.890723,5.3325234,7.1833523,7.0352284,6.057409,9.5749387,3.4337136,5.4616624,5.8030483,6.2543986,4.01429,6.5284634,7.703072,5.4189185,9.6594049,5.1719298,4.4319207,5.156706,5.5527786,3.3209885,5.7877435,7.3691602,4.8254185,7.8846856,6.9557507,4.2295148,7.1946134,7.7245158
1989-08-01 00:00:00,468.3418654,164.0798451,93.762691,89.6663702,45.9237259,43.9376164,17.4456905,7.1418106,6.3841157,259.7332475,90.2701734,49.5697142,48.7879494,27.400159,24.9582605,10.4458689,4.6061231,3.694999,208.6086179,73.8096717,44.1929768,40.8784208,18.5235669,18.9793559,6.9998216,2.5356875,2.6891167,369.0372136,130.1340766,67.2710045,72.2203916,38.7137587,33.9587503,15.560714,6.3224713,4.8560466,229.8816598,79.8801486,42.4159327,42.7839268,25.2299009,21.861078,9.98431,4.4903742,3.2359886,139.1555538,50.253928,24.8550718,29.4364648,13.4838578,12.0976723,5.576404,1.8320971,1.620058,99.3046518,33.9457685,26.4916865,17.4459786,7.2099672,9.9788661,1.8849765,0.8193393,1.5280691,29.8515877,10.3900248,7.1537815,6.0040226,2.1702581,3.0971825,0.4615589,0.1157489,0.4590104,69.4530641,23.5557437,19.337905,11.441956,5.0397091,6.8816836,1.4234176,0.7035904,1.0690587,5.7229216,5.962176,4.3756072,6.5583938,6.5931492,5.6086115,8.1956943,8.8234956,4.3190033,5.3930794,5.515209,3.9814552,6.0251372,6.7282475,5.367692,8.2015328,9.9305734,4.7021156,6.1946377,6.6181407,4.9221724,7.3329771,6.4029722,5.9604095,8.1869968,7.3375733,3.8841583,5.7075099,5.8686395,3.9780305,6.7391654,7.2360493,5.620883,9.4552747,9.1794503,4.2958396,5.1865077,5.2940759,3.6944573,5.772031,6.7411077,5.0904172,8.505188,10.2956888,4.6636262,6.8430986,7.0921057
1989-09-01 00:00:00,499.7978566,174.9696959,103.8369417,92.9833209,46.0287095,49.9439165,19.3118916,4.8938003,7.8295802,273.4394658,101.5879644,54.9035204,46.6891958,25.8570381,27.0988382,10.8701192,2.8198936,3.6128961,226.3583908,73.3817315,48.9334213,46.2941251,20.1716714,22.8450783,8.4417724,2.0739067,4.2166841,381.1633617,136.5692545,72.9566307,72.1759814,37.239167,37.6588491,16.0410785,4.1506373,4.3717632,237.2221666,89.9493239,44.6552043,40.8664524,23.4567116,23.2235909,10.1696921,2.5584412,2.3427502,143.9411951,46.6199306,28.3014264,31.309529,13.7824554,14.4352582,5.8713864,1.5921961,2.029013,118.6344949,38.4004414,30.880311,20.8073395,8.7895425,12.2850674,3.2708131,0.743163,3.457817,36.2172992,11.6386405,10.2483161,5.8227434,2.4003265,3.8752473,0.7004271,0.2614524,1.2701459,82.4171957,26.7618009,20.6319949,14.9845961,6.389216,8.4098201,2.570386,0.4817106,2.1876711,5.9917827,6.2247738,4.743279,6.6811021,6.5473208,6.2607813,8.8838534,6.0687323,5.1889612,5.597305,6.111098,4.3487793,5.6823319,6.2775443,5.7627704,8.4015044,5.9407816,4.5331224,6.5493627,6.3893084,5.2807699,8.1206263,6.9290217,6.9758773,9.5930413,6.2518155,5.923206,5.8199349,6.0787755,4.2525199,6.6151904,6.9414301,6.1543029,9.6473335,6.1411079,3.8453159,5.305347,5.8849541,3.8779198,5.4221361,6.2443211,5.3872359,8.629438,5.8882365,3.3630252,6.9272669,6.4912662
1989-10-01 00:00:00,456.4300123,152.5187685,93.6712289,90.7255657,47.8034766,42.6887328,16.9731831,5.315116,6.7339407,242.5889414,87.5067989,45.2878898,44.7507599,26.3521699,23.3097665,8.7464704,3.107658,3.527428,213.8410709,65.0119696,48.3833391,45.9748058,21.4513067,19.3789663,8.2267127,2.207458,3.2065127,346.6785814,118.6190359,65.9835931,70.6850693,37.744847,32.936788,13.9097657,3.8069369,2.9925455,210.3819206,77.0441845,39.3807348,38.5130838,23.2991916,19.701107,8.0199997,2.5621277,1.8614915,136.2966608,41.5748514,26.6028583,32.1719855,14.4456554,13.235681,5.889766,1.2448092,1.131054,109.7514309,33.8997326,27.6876358,20.0404964,10.0586296,9.7519448,3.0634174,1.5081791,3.7413952,32.2070208,10.4626144,5.907155,6.2376761,3.0529783,3.6086595,0.7264707,0.5455303,1.6659365,77.5444101,23.4371182,21.7804808,13.8028203,7.0056513,6.1432853,2.3369467,0.9626488,2.0754587,5.5238384,5.4952786,4.3256083,6.5215398,6.8802199,5.3991005,7.8153423,6.5646947,4.5750528,4.9967149,5.308747,3.6090483,5.4396005,6.4714493,5.0034925,6.8047959,6.5117765,4.4227966,6.2747802,5.7680756,5.3129901,8.0872761,7.4590112,5.9665431,9.280639,6.6406675,4.7551329,5.3089466,5.3224667,3.8414342,6.4521126,7.0488512,5.4309209,8.3971631,5.5008075,2.6857911,4.7170734,5.0765261,3.393399,5.108388,6.2799927,4.6255393,6.8358371,5.7189786,2.7027034,6.5841482,5.8474418
1989-11-01 00:00:00,445.317197,145.4969761,97.0161825,84.7929005,48.6272641,39.9693018,18.3359952,4.850581,6.2279958,239.3644084,80.3234082,45.9560296,44.1738813,28.7039389,23.5471887,10.2295533,3.1663093,3.2640991,205.9527886,65.1735679,51.0601529,40.6190192,19.9233252,16.4221131,8.1064419,1.6842717,2.9638967,349.0841501,118.2218842,69.0356421,65.6919583,40.2996701,32.3309612,15.2671908,4.1226655,4.1141779,212.8034947,73.025278,39.2900357,38.5262546,26.2989518,20.9798924,9.3060394,2.9161275,2.4609153,136.2806554,45.1966062,29.7456064,27.1657037,14.0007183,11.3510688,5.9611514,1.206538,1.6532626,96.2330469,27.2750919,27.9805404,19.1009422,8.327594,7.6383406,3.0688044,0.7279155,2.1138179,26.5609137,7.2981302,6.6659939,5.6476267,2.4049871,2.5672963,0.9235139,0.2501818,0.8031838,69.6721332,19.9769617,21.3145465,13.4533155,5.9226069,5.0710443,2.1452905,0.4777337,1.3106341,5.3603114,5.2142243,4.4598445,6.0464247,6.9522455,5.0894973,8.3882832,5.6134529,4.156961,4.9222796,4.8844844,3.6573711,5.3594766,6.938928,5.0736544,7.9029472,6.2620801,4.0857609,5.9786627,5.6874174,5.5572967,7.0257589,6.9715223,5.1123873,9.0929515,4.6985385,4.2383002,5.3259834,5.2891218,4.0175332,6.0217855,7.4527597,5.2947409,9.1419484,5.6282662,3.4778247,4.7690445,4.8093034,3.3956814,5.1504984,6.9828982,4.9203256,7.8985162,6.257186,3.4534042,6.5138194,6.3055734
1989-12-01 00:00:00,500.9640184,163.2925588,102.590889,96.5372535,48.2082797,54.4622741,21.0426752,5.6069216,9.2231665,276.6074149,94.1015045,55.283979,49.9750821,27.0867982,29.620649,11.4693165,3.5502436,5.519842,224.3566035,69.1910543,47.30691,46.5621714,21.1214815,24.8416251,9.5733587,2.056678,3.7033245,397.9301251,135.2069615,78.6775917,74.5160714,39.0901327,41.8851399,17.4507811,4.5138164,6.5896304,244.6989915,84.9765584,48.8700136,43.8098052,23.8951252,25.729235,10.4052125,2.908912,4.1041296,153.2311336,50.2304031,29.8075781,30.7062662,15.1950075,16.1559049,7.0455686,1.6049044,2.4855008,103.0338933,28.0855973,23.9132973,22.0211821,9.118147,12.5771342,3.5918941,1.0931052,2.6335361,31.9084234,9.1249461,6.4139654,6.1652769,3.191673,3.891414,1.064104,0.6413316,1.4157124,71.1254699,18.9606512,17.4993319,15.8559052,5.926474,8.6857202,2.5277901,0.4517736,1.2178237,5.9380626,5.7698239,4.6618586,6.7633077,6.8677569,6.7152121,9.3080173,6.6030497,5.9735053,5.6030529,5.6274879,4.3443205,5.9624368,6.5568638,6.224963,8.6208302,7.1388484,6.7223277,6.4106237,5.9753713,5.0972553,7.9025812,7.3123964,7.4111672,10.2907768,5.8456915,5.1229305,5.9510304,5.9317867,4.5051222,6.6349687,7.2118222,6.6938858,10.0046988,6.2036845,5.3592049,5.3995649,5.5076759,4.1866883,5.695059,6.3351752,5.9321915,8.5557405,6.2170446,5.6135143,7.110773,6.8202599
1990-01-01 00:00:00,549.2955754,186.585626,106.2133781,103.423789,52.3264272,61.5932051,21.7200663,7.2145254,10.2185583,309.9283882,108.2029663,54.2199279,59.7212567,30.093849,35.31429,12.1941975,4.3806249,5.8012759,239.3671872,78.3826597,51.9934502,43.7025323,22.2325782,26.2789151,9.5258688,2.8339005,4.4172824,445.7589477,157.1881192,79.6005481,84.4710443,42.0010576,50.2334829,18.3224283,6.4335538,7.5087135,272.7460676,96.2950368,43.9851995,53.5281747,27.2558246,31.1770226,11.3530155,4.1411249,5.010669,173.0128801,60.8930824,35.6153486,30.9428696,14.745233,19.0564603,6.9694128,2.2924289,2.4980445,103.5366277,29.3975068,26.61283,18.9527447,10.3253696,11.3597222,3.397638,0.7809716,2.7098448,37.1823206,11.9079295,10.2347284,6.193082,2.8380244,4.1372674,0.841182,0.2395,0.7906069,66.3543071,17.4895773,16.3781016,12.7596627,7.4873452,7.2224548,2.556456,0.5414716,1.9192379,6.6524929,6.7630375,4.9124758,7.4517087,7.4918778,7.7585306,9.8728617,8.3180219,6.8581071,6.3459092,6.5379857,4.3210007,7.1903364,7.2917985,7.551727,9.2771331,8.6475662,7.1531513,7.0963977,7.1004356,5.7304754,7.8412165,7.7808683,8.0549579,10.7571203,7.8552858,6.5056943,6.7205053,6.9814014,4.5926909,7.6410705,7.731778,7.9757747,10.6456211,8.6568499,6.0985687,6.0634457,6.2917173,3.8165822,7.0466221,7.1772627,7.203044,9.4160863,8.651528,6.7191615,8.1051038,8.4453859
1990-02-01 00:00:00,592.6760014,199.4781791,125.1214706,112.3396945,58.0525453,62.2076795,19.1878892,7.0409296,9.2476136,310.6001659,108.9461957,59.6856496,55.6907326,31.7289615,34.7978887,11.1177397,4.035362,4.5976361,282.0758355,90.5319834,65.435821,56.6489619,26.3235838,27.4097908,8.0701495,3.0055676,4.6499775,459.052149,160.95116,94.9443516,80.7028631,47.745054,48.2779683,15.2960298,5.697062,5.4376602,273.1019884,96.8187531,53.2576451,46.7321923,29.1271671,30.30656,10.2324176,3.2835853,3.3436679,185.9501606,64.1324069,41.6867065,33.9706708,18.6178869,17.9714083,5.0636122,2.4134767,2.0939923,133.6238524,38.5270191,30.177119,31.6368314,10.3074913,13.9297112,3.8918594,1.3438676,3.8099534,37.4981775,12.1274426,6.4280045,8.9585403,2.6017944,4.4913287,0.8853221,0.7517767,1.2539682,96.1256749,26.3995765,23.7491145,22.6782911,7.7056969,9.4383825,3.0065373,0.5920909,2.5559852,7.0593087,7.1244383,5.667295,7.9363806,8.1870295,7.6941084,8.8163443,8.258423,6.0847493,6.3296452,6.5788962,4.6868714,6.6881987,7.6889886,7.381884,8.5134356,8.2420552,5.6525094,8.085656,7.9141924,7.003603,9.7196165,8.8803546,8.1306992,9.2707642,8.2805013,6.5824333,6.8858803,7.1306625,5.4175066,7.2647282,8.6850998,7.6292585,8.9569586,7.9047508,4.5092428,6.0421644,6.3326091,4.5546647,6.1176729,7.6592084,6.9430929,8.4256675,7.1132637,4.5514803,8.662401,8.8060361
1990-03-01 00:00:00,547.9221243,182.7206756,111.9623423,110.1247484,48.6524549,60.6970667,18.3080421,5.8299651,9.6268292,297.6135241,103.4549597,53.0891236,60.1719719,28.3603703,33.8617767,10.6512124,3.7452531,4.2788564,250.3086002,79.2657159,58.8732187,49.9527765,20.2920846,26.83529,7.6568297,2.084712,5.3479728,412.848471,139.1674999,79.9259939,84.7558945,40.1754602,44.4469789,14.616525,4.0411787,5.7189399,255.0464915,89.6129203,45.8202109,50.6435973,25.4956758,27.9929317,9.6493851,2.5388996,3.2928708,157.8019795,49.5545796,34.105783,34.1122972,14.6797844,16.4540472,4.9671399,1.5022791,2.4260691,135.0736533,43.5531757,32.0363484,25.3688539,8.4769947,16.2500878,3.6915171,1.7887864,3.9078893,42.5670326,13.8420394,7.2689127,9.5283746,2.8646945,5.868845,1.0018273,1.2063535,0.9859856,92.5066207,29.7111363,24.7674357,15.8404793,5.6123002,10.3812428,2.6896898,0.5824329,2.9219037,6.5058005,6.4760371,5.0831715,7.7234782,6.8899497,7.4748551,8.3371879,7.0101569,6.3668783,6.0616533,6.2385567,4.17745,7.1699549,6.8878953,7.2012364,8.1689537,7.7301725,5.3097361,7.1266686,6.8146088,6.3185095,8.5153534,6.8928231,7.8512839,8.5830781,6.0052637,7.5732505,6.2404542,6.1983332,4.6193204,7.5788234,7.3968524,7.1478268,8.6191889,5.8593592,4.832597,5.6807932,5.8963913,3.9681625,6.5821353,6.7719423,6.4944125,7.989024,5.7358582,4.5007784,7.4223024,6.8308927
1990-04-01 00:00:00,533.1808201,173.2238725,109.4932332,112.5044703,47.0069514,60.8395209,18.094537,4.4951784,7.5230564,296.4491775,96.9367104,57.3705817,64.564542,27.0954453,33.4774787,10.631636,2.8838328,3.4889506,236.7316426,76.2871621,52.1226515,47.9399283,19.9115061,27.3620422,7.462901,1.6113456,4.0341058,414.8058546,137.5372229,81.6386296,89.4672518,37.7049052,45.5051941,15.1622155,3.3973621,4.3930734,257.8088178,86.3667799,47.7134439,55.8715276,24.1958923,28.8203902,9.9604336,2.1504724,2.7298779,156.9970368,51.170443,33.9251857,33.5957242,13.5090129,16.6848039,5.2017819,1.2468897,1.6631955,118.3749655,35.6866496,27.8546036,23.0372185,9.3020462,15.3343268,2.9323215,1.0978163,3.129983,38.6403597,10.5699305,9.6571378,8.6930144,2.899553,4.6570885,0.6712024,0.7333604,0.7590727,79.7346058,25.1167191,18.1974658,14.3442041,6.4024932,10.6772383,2.2611191,0.3644559,2.3709103,6.3314647,6.180825,4.9224052,7.8818172,6.6742987,7.5152249,8.1618653,5.5489705,5.0087875,6.028683,5.8702106,4.4618185,7.7206409,6.5908855,7.0874479,8.0242621,5.9916226,4.3704279,6.7563933,6.6263577,5.5533925,8.1098283,6.7912576,8.1144513,8.3662493,4.9009618,5.7330092,6.2800715,6.1837829,4.6961267,7.9951485,6.9701928,7.2623466,8.8781248,4.9834346,3.7541528,5.7359448,5.7036998,4.1052951,7.274975,6.4120376,6.6098679,8.2133352,4.8334106,3.8437248,7.4388712,7.2077526
1990-05-01 00:00:00,548.63668,175.6861358,117.9651853,111.7673803,51.2228839,61.2097158,17.9931925,4.8133295,7.9788569,309.5610314,96.5592816,63.2134741,66.0541113,30.0435,35.2500405,11.3391958,2.7744143,4.3270138,239.0756486,79.1268542,54.7517112,45.713269,21.1793839,25.9596753,6.6539967,2.0389152,3.6518431,429.3203957,140.5951038,84.6925691,92.0388233,41.3158195,48.8117264,14.374895,3.6870712,3.8043874,273.4882392,87.4062609,52.8915467,60.1143224,27.0740511,31.0838878,10.280426,2.4359952,2.2017491,155.8321565,53.1888429,31.8010224,31.9245009,14.2417684,17.7278386,4.094469,1.251076,1.6026383,119.3162843,35.091032,33.2726162,19.728557,9.9070644,12.3979894,3.6182975,1.1262583,4.1744695,36.0727922,9.1530207,10.3219274,5.9397889,2.9694489,4.1661527,1.0587698,0.3384191,2.1252647,83.2434921,25.9380113,22.9506888,13.7887681,6.9376155,8.2318367,2.5595277,0.7878392,2.0492048,6.4872906,6.2183816,5.3071075,7.7895964,7.2176274,7.5920413,8.1051016,5.8130112,5.1981138,6.2751789,5.8273691,4.933613,7.8317489,7.221268,7.4696502,8.5615934,5.7262308,5.2407399,6.7842173,6.7729653,5.815396,7.7294828,7.2124695,7.7648002,7.4300032,5.9354095,5.1484958,6.4656718,6.2495782,4.889006,8.1134022,7.5988646,7.8758743,8.2715855,5.4000867,3.2220262,6.0599104,5.7397347,4.5531312,7.7509539,7.1043725,7.1941599,8.3962861,5.4361019,3.0323614,7.3266487,7.3177599
1990-06-01 00:00:00,539.5823236,171.7256198,114.5556229,111.2050384,48.1263192,61.2525488,20.1690343,5.0719311,7.4762091,296.8099065,94.0066854,57.3042563,63.754504,27.9005652,34.8911816,12.046658,2.8525294,4.0535266,242.7724171,77.7189344,57.2513666,47.4505344,20.225754,26.3613672,8.1223763,2.2194017,3.4226825,435.1645279,139.2808742,91.5801632,90.8415969,39.6022389,48.7953547,15.8344901,3.9941876,5.2356223,267.702582,86.0718304,50.8591716,56.9641355,25.9678608,31.5768694,10.7549838,2.3877482,3.1199823,167.4619459,53.2090438,40.7209916,33.8774614,13.6343781,17.2184853,5.0795063,1.6064394,2.11564,104.4177957,32.4447456,22.9754597,20.3634415,8.5240803,12.4571941,4.3345442,1.0777435,2.2405868,29.1073245,7.934855,6.4450847,6.7903685,1.9327044,3.3143122,1.2916742,0.4647812,0.9335443,75.3104712,24.5098906,16.530375,13.573073,6.5913759,9.1428819,3.04287,0.6129623,1.3070425,6.3932773,6.0873258,5.1690125,7.7539901,6.8139901,7.5777391,9.1706519,6.1435524,4.9399187,6.033585,5.6935995,4.4872262,7.6141509,6.6931124,7.3278715,9.0960218,5.9071202,5.0601931,6.8958795,6.6429767,6.0961068,7.9501697,6.9880844,7.9358983,9.2836221,6.4767341,4.8046691,6.5538315,6.18477,5.2596816,8.1022786,7.2889507,7.8714032,9.1065747,5.7354231,4.4090669,5.9271744,5.6603706,4.3573973,7.4263244,6.7724882,7.2152737,8.7347156,5.2378848,4.339892,7.8867987,7.2750231
1990-07-01 00:00:00,567.0410707,181.8874519,133.7193963,110.6562128,49.5316899,59.4850568,19.0877869,5.5694623,7.1040138,325.2216315,104.9459412,72.7088597,63.7021917,28.3618061,36.6993322,12.0667895,2.768821,3.9678901,241.8194392,76.9415107,61.0105366,46.9540211,21.1698838,22.7857246,7.0209974,2.8006413,3.1361237,457.838591,147.3643385,103.6811996,90.8370386,41.7302101,48.0129092,16.4077567,4.6583042,5.1468341,290.7511428,94.7192533,63.27838,56.7483836,26.22441,32.6922235,11.3037245,2.394224,3.3905439,167.0874482,52.6450852,40.4028196,34.088655,15.5058001,15.3206857,5.1040322,2.2640802,1.7562902,109.2024797,34.5231134,30.0381967,19.8191742,7.8014798,11.4721476,2.6800302,0.9111581,1.9571797,34.4704887,10.2266879,9.4304797,6.9538081,2.1373961,4.0071087,0.763065,0.374597,0.5773462,74.731991,24.2964255,20.607717,12.8653661,5.6640837,7.4650389,1.9169652,0.5365611,1.3798335,6.6816946,6.3908634,5.9798531,7.7457739,7.0208925,7.3204369,8.6870483,6.5100968,4.6642359,6.5648544,6.2714639,5.6497383,7.6001571,6.842238,7.7100425,9.0673507,5.6438486,4.7899442,6.8455511,6.5612457,6.4274175,7.9524896,7.2753925,6.7694784,8.1029516,7.6746614,4.5143384,6.8170855,6.4225199,5.8881534,8.1293044,7.6757323,7.6135977,9.4993949,6.3493846,4.1867933,6.3880912,6.1292319,5.395054,7.3845285,6.8920081,7.4158016,9.2411019,5.1149898,4.5672717,7.7191263,7.0275434
1990-08-01 00:00:00,584.565804,178.9286411,138.3345955,115.7710018,57.3603108,61.5786402,19.9291824,5.6277084,7.0357238,336.0043965,106.5252867,73.441259,66.0643621,33.7421871,36.6967443,13.0009837,3.0147652,3.5188084,248.5614075,72.4033544,64.8933365,49.7066397,23.6181237,24.8818959,6.9281987,2.6129432,3.5169154,475.7303827,144.181009,110.8773495,95.2741575,46.8938763,51.9698185,17.3027983,4.2793168,4.9520568,303.2973302,95.4848784,65.7410944,59.3036486,31.1127411,34.1147197,12.4821049,2.3370657,2.7210774,172.4330525,48.6961306,45.1362551,35.9705089,15.7811352,17.8550988,4.8206934,1.9422511,2.2309794,108.8354213,34.7476321,27.457246,20.4968443,10.4664345,9.6088217,2.6263841,1.3483916,2.083667,32.7070663,11.0404083,7.7001646,6.7607135,2.629446,2.5820246,0.5188788,0.6776995,0.797731,76.128355,23.7072238,19.7570814,13.7361308,7.8369885,7.0267971,2.1075053,0.6706921,1.285936,6.9652954,6.4086469,6.2606449,8.09481,8.0893774,7.6480014,9.160017,7.1049738,4.6978177,6.8600451,6.4715359,5.7852659,7.8859521,8.1795506,7.7531135,9.9260573,6.4019544,4.3535268,7.1128147,6.3183106,6.9025427,8.390148,7.9639466,7.4980777,8.0012677,8.1357811,5.101476,7.1892318,6.4530521,6.3416123,8.5394985,8.698153,8.3486837,10.1349035,6.4570583,4.1183263,6.7396057,6.3096416,5.6473285,7.7074367,8.2523881,7.8072299,10.2414962,5.3057355,3.7042067,8.1450092,6.7540624
1990-09-01 00:00:00,625.0224596,194.4288586,151.9730859,115.5104483,60.0926069,68.2726646,20.6328055,7.3970016,6.7149882,361.0938432,112.9521323,87.3397833,65.3727446,35.903834,39.7874189,13.0387254,3.615679,3.0835257,263.9286164,81.4767263,64.6333026,50.1377037,24.1887729,28.4852457,7.5940801,3.7813226,3.6314625,491.1381823,153.2687827,114.8674598,92.8348092,49.1566113,54.0584712,17.5696668,5.7036062,3.6787751,318.3745832,99.8799043,73.8626923,58.6050361,32.9249381,35.3939416,12.4066564,2.9523862,2.3490282,172.7635991,53.3888784,41.0047675,34.2297731,16.2316732,18.6645296,5.1630104,2.75122,1.3297469,133.8842773,41.1600759,37.1056261,22.6756391,10.9359956,14.2141934,3.0631387,1.6933954,3.0362131,42.71926,13.072228,13.477091,6.7677085,2.9788959,4.3934773,0.632069,0.6632928,0.7344975,91.1650173,28.0878479,23.6285351,15.9079306,7.9570997,9.8207161,2.4310697,1.0301026,2.3017156,7.3268658,6.8076817,6.8200648,7.9679788,8.4332996,8.3009036,9.2915203,8.547961,4.3918362,7.2578971,6.7060978,6.8223368,7.7188244,8.6548674,8.2478812,9.8134268,7.0779593,3.7352994,7.4233767,6.9537084,6.816997,8.3180625,8.1245731,8.3761153,8.5140757,10.6661432,5.1622804,7.3283051,6.7280298,6.5579783,8.2320594,9.0756358,8.4587592,10.2546214,8.1222774,3.0077835,6.9913838,6.4608748,6.3174969,7.6083271,8.6793556,7.9211538,10.1685563,6.4177097,3.163534,8.0425465,7.2921264
1990-10-01 00:00:00,603.0830995,175.2768175,154.8726466,115.768776,57.5271238,64.2762036,20.2507773,6.7796641,8.3310906,351.7572049,102.2374793,87.1727213,67.9720389,35.5656266,37.9416283,12.5562702,3.6616471,4.6497932,251.3258946,73.0393382,67.6999253,47.7967371,21.9614972,26.3345753,7.6945071,3.118017,3.6812974,480.9872332,141.6715147,120.0317509,90.0545108,47.6918628,54.283833,16.4764241,5.535072,5.2422649,312.9167319,93.2599366,75.0617186,58.8225907,33.2357833,34.679883,11.3032387,3.3206471,3.2329339,168.0705013,48.4115781,44.9700323,31.2319201,14.4560795,19.60395,5.1731854,2.2144249,2.009331,122.0958663,33.6053028,34.8408957,25.7142652,9.835261,9.9923706,3.7743532,1.2445921,3.0888257,38.840473,8.9775427,12.1110027,9.1494482,2.3298433,3.2617453,1.2530315,0.341,1.4168593,83.2553933,24.6277601,22.729893,16.564817,7.5054177,6.7306253,2.5213217,0.9035921,1.6719664,7.1354024,6.2409833,6.9813383,8.039421,8.0445384,7.9098606,9.1755852,8.0968142,5.446667,7.1190177,6.149823,6.8327326,8.0586985,8.4881473,7.9341382,9.603548,7.4979128,5.6305646,7.1584615,6.3732209,7.1824827,8.0121646,7.4168084,7.8751428,8.5535693,8.93493,5.230877,7.2369688,6.3124193,6.8534694,8.096493,8.6991927,8.6201318,9.7837029,7.8445285,4.3209183,6.9105602,6.0895977,6.4282784,7.6719054,8.6856833,7.8855176,9.4449699,7.1502353,4.3885936,7.9347495,6.7911104
1990-11-01 00:00:00,625.7790937,187.1141486,168.0476227,117.5145482,56.7564051,64.6645961,18.5134477,4.9670448,8.2012805,377.721568,114.2499698,97.6706054,71.6441041,35.7810721,39.332105,11.2991592,2.9062006,4.8383518,248.0575257,72.8641788,70.3770173,45.8704441,20.975333,25.3324911,7.2142885,2.0608442,3.3629287,511.9848728,152.5020654,135.8875935,94.6684945,49.4035174,53.1595473,16.0594999,4.167429,6.1367258,341.6320233,103.3302824,87.6640323,63.5151572,34.6254759,35.6416023,10.561281900000001,2.5868006,3.7073907,170.3528495,49.171783,48.2235612,31.1533373,14.7780415,17.517945,5.498218,1.5806284,2.4293351,113.7942209,34.6120832,32.1600292,22.8460537,7.3528877,11.5050488,2.4539478,0.7996158,2.0645547,36.0895447,10.9196874,10.0065731,8.1289469,1.1555962,3.6905027,0.7378773,0.3194,1.1309611,77.7046762,23.6923958,22.1534561,14.7171068,6.1972915,7.8145461,1.7160705,0.4802158,0.9335936,7.4033026,6.6166387,7.5700222,8.1954776,7.984178,8.0560361,8.3698858,5.9591113,5.3647093,7.6639263,6.850396,7.6719838,8.541583,8.6325117,8.3403895,8.6176792,5.9000674,5.8662787,7.0388161,6.2805976,7.4329272,7.7076784,7.0774394,7.6510301,8.0091904,6.0444121,4.7770714,7.7138906,6.7514014,7.8008016,8.5165305,9.0168679,8.6250339,9.5026798,6.030237,5.0113991,7.5617852,6.7154976,7.5170284,8.351441,9.038011,8.277489,8.8979741,5.7230262,4.9518446,8.0381445,6.8281154
1990-12-01 00:00:00,700.8391514,209.8514221,181.4357458,137.9012597,61.7010785,71.4929969,22.0208808,6.7241755,9.7115921,414.5230738,125.4744904,105.4618141,78.7530891,38.2367538,43.4614825,13.416993,4.3850684,5.3333825,286.3160776,84.3769317,75.9739317,59.1481706,23.4643247,28.0315144,8.6038878,2.3391071,4.3782096,568.6771757,169.4191668,143.5239207,113.133261,51.2099931,59.7008077,18.2867889,5.5542778,7.8489597,365.9414627,112.4993059,89.7934074,68.6430883,34.7201821,39.2840806,12.2926659,4.1336184,4.5751141,202.735713,56.9198609,53.7305133,44.4901727,16.489811,20.4167271,5.994123,1.4206594,3.2738456,132.1619757,40.4322553,37.9118251,24.7679987,10.4910854,11.7921892,3.7340919,1.1698977,1.8626324,48.5816111,12.9751845,15.6684067,10.1100008,3.5165717,4.1774019,1.1243271,0.25145,0.7582684,83.5803646,27.4570708,22.2434184,14.6579979,6.9745137,7.6147873,2.6097648,0.9184477,1.104364,8.1338049,7.2506389,8.0573914,9.4643391,8.4675053,8.6843122,9.7572989,8.4750891,6.2125107,8.2529967,7.360936,8.158461,9.2204088,9.0503576,8.9814165,10.0954361,9.1070476,6.3592827,7.9672166,7.0925984,7.9211742,9.809885,7.6632754,8.2606346,9.2729629,7.4994947,6.0426212,8.3652471,7.290972,8.0962215,9.9305179,9.1513954,9.3803546,10.592985,8.4569078,6.1276135,7.9513823,7.172925,7.591093,8.83028,8.9496179,8.8413903,10.2516551,9.0861527,6.0249851,9.2326559,7.536099
1991-01-01 00:00:00,763.3216342,228.8276773,197.9521874,140.0321132,72.4752462,80.699452,22.4075722,8.3610544,12.5663315,458.7694724,137.793864,114.1066413,86.587354,42.999366,51.0271176,13.7656834,5.7544657,6.7349804,304.5521618,91.0338133,83.8455461,53.4447592,29.4758802,29.6723344,8.6418888,2.6065887,5.8313511,631.326283,191.8856874,159.9546398,116.8891415,59.9410817,66.5928389,18.8226158,7.5350729,9.705205,415.8138084,125.9478376,102.5394432,78.2572455,39.3034149,46.1915917,12.4954765,5.0661132,6.0126858,215.5124746,65.9378498,57.4151966,38.631896,20.6376668,20.4012472,6.3271393,2.4689597,3.6925192,131.9953512,36.9419899,37.9975476,23.1429717,12.5341645,14.1066131,3.5849564,0.8259815,2.8611265,42.955664,11.8460264,11.5671981,8.3301085,3.6959511,4.8355259,1.2702069,0.6883525,0.7222946,89.0396872,25.0959635,26.4303495,14.8128632,8.8382134,9.2710872,2.3147495,0.137629,2.1388319,9.0821986,8.1448115,9.0126587,9.8915874,10.092566,9.9370638,10.2695097,10.4446126,8.1285471,9.2622275,8.2484946,8.9694454,10.2912396,10.1647957,10.5503612,10.5564118,12.1322258,7.9664966,8.8238434,7.9927372,9.0721417,9.3060823,9.9890196,9.033972,9.8433715,7.9907404,8.3241107,9.3725481,8.3121883,9.1342068,10.4212921,10.7878495,10.516001,11.1272568,11.0943929,7.5432203,9.1363937,8.1423423,8.8014473,10.1638064,10.1637819,10.457379,10.5709638,11.249088,7.7372439,9.8645001,8.6571217
1991-02-01 00:00:00,807.5466346,244.3141055,209.6120287,152.6193992,70.6950214,87.697751,22.7750536,7.8374082,11.995867,468.3850336,144.697783,114.9420347,88.9429573,42.6901259,53.426044,13.6660167,3.8962417,6.1238303,339.161601,99.6163225,94.669994,63.6764419,28.0048955,34.271707,9.1090369,3.9411665,5.8720367,649.6809954,197.0277892,162.9838,125.3157496,59.0704816,71.6111526,18.9792062,6.4552063,8.2376099,417.0009839,131.5449778,97.5625182,80.5130063,39.0279391,47.2516662,12.7419256,3.5319538,4.8269969,232.6800115,65.4828114,65.4212818,44.8027433,20.0425425,24.3594864,6.2372806,2.9232525,3.410613,157.8656392,47.2863163,46.6282287,27.3036496,11.6245398,16.0865984,3.7958474,1.3822019,3.7582571,51.3840497,13.1528052,17.3795165,8.429951,3.6621868,6.1743778,0.9240911,0.3642879,1.2968334,106.4815895,34.1335111,29.2487122,18.8736986,7.962353,9.9122206,2.8717563,1.017914,2.4614237,9.4823345,8.5626995,9.4132668,10.6480111,9.7557106,10.701764,10.3264634,9.6594794,7.6312446,9.423815,8.5970429,8.9890926,10.5915213,10.127647,11.0391032,10.4187387,8.1551929,7.2693978,9.5643556,8.5133001,9.9853487,10.7279321,9.238514,10.2151388,10.1910508,11.8137798,8.0490818,9.7054355,8.60652,9.3953225,11.2251639,10.6217302,11.3398848,11.1255858,9.3509397,6.5201833,9.1836964,8.4680687,8.3974143,10.5700031,10.1273113,10.720466,10.8025293,7.9927437,6.3987221,10.8056146,8.8987946
1991-03-01 00:00:00,818.6676259,251.2951349,213.6315088,158.8620411,67.3629836,88.9777018,22.3941803,7.2608875,8.8831879,478.398242,149.4264693,119.6890355,94.588411,37.5475051,53.192985,13.3915639,5.3533823,5.2088899,340.2693839,101.8686656,93.9424733,64.2736301,29.8154785,35.7847168,9.0026164,1.9075052,3.674298,644.4272787,200.7504125,164.0791437,124.3667406,54.8086486,70.207323,17.8427668,6.0815577,6.2906858,421.3213455,135.5416829,101.6495349,82.0742786,34.2574533,47.0590645,11.9806757,4.5496345,4.2090211,223.1059332,65.2087296,62.4296088,42.292462,20.5511953,23.1482585,5.8620911,1.5319232,2.0816647,174.2403472,50.5447224,49.5523651,34.4953005,12.554335,18.7703788,4.5514135,1.1793298,2.5925021,57.0768965,13.8847864,18.0395006,12.5141324,3.2900518,6.1339205,1.4108882,0.8037478,0.9998688,117.1634507,36.659936,31.5128645,21.9811681,9.2642832,12.6364583,3.1405253,0.375582,1.5926333,9.5929512,8.7513083,9.6910202,10.9417749,9.3312384,10.8469949,10.0509517,8.638847,5.6521918,9.6463753,8.8563262,9.5115503,11.1349374,8.9595798,11.0658043,10.2357121,10.8091224,6.1886625,9.5188332,8.6016914,9.9297298,10.6693921,9.8455619,10.5372757,9.7881347,5.5253579,5.033607,9.7173768,8.8502033,9.5802128,11.1284437,9.9653959,11.3485472,10.6194291,8.46372,5.0474651,9.360194,8.7913987,8.8791686,10.7825264,9.0193303,10.8402025,10.1834954,9.7592141,5.5928945,10.4720143,8.974986
1991-04-01 00:00:00,849.4934822,245.6700285,236.0495825,162.3712717,70.8477223,93.5799365,23.1713259,7.4910125,10.3126023,498.3582794,147.9724706,132.6865936,94.0910455,41.8421814,57.8154726,13.1726576,4.1279276,6.6499305,351.1352028,97.6975579,103.3629889,68.2802262,29.0055409,35.7644639,9.9986683,3.3630849,3.6626718,677.5991177,200.1147845,184.998638,129.1732201,56.9409105,74.6423156,18.4562397,5.8734734,7.3995359,440.1377546,135.0214003,111.8812706,83.4214895,37.4184534,51.1483358,12.1147233,3.7696443,5.3624374,237.4613631,65.0933842,73.1173674,45.7517306,19.5224571,23.4939798,6.3415164,2.1038291,2.0370985,171.8943645,45.555244,51.0509445,33.1980516,13.9068118,18.9376209,4.7150862,1.6175391,2.9130664,58.2205248,12.9510703,20.805323,10.669556,4.423728,6.6671368,1.0579343,0.3582833,1.2874931,113.6738397,32.6041737,30.2456215,22.5284956,9.4830838,12.2704841,3.6571519,1.2592558,1.6255733,9.9162278,8.5214422,10.6571066,11.1574172,9.7887507,11.3379795,10.4079994,8.8809295,6.5519535,10.0293336,8.7427467,10.5066255,11.1069822,10.0053118,11.9427111,10.0681821,8.5206517,7.834168,9.76001,8.2068025,10.8567151,11.2276726,9.4923648,10.4801161,10.8923354,9.367071,5.051008,10.2034965,8.7503224,10.8025561,11.5476914,10.5251915,12.0763184,11.0176345,8.2199561,5.9336411,9.7978444,8.728744,9.8176265,11.0235471,9.9436928,11.7958157,10.3225267,8.2320508,7.0646519,11.0515896,8.7954236
1991-05-01 00:00:00,805.4079362,241.7854223,219.6384783,153.6851194,67.9080915,83.300299,22.0225454,7.6164177,9.4515626,480.8761857,146.6632803,125.7856576,92.5512797,40.5086157,50.6918072,13.9167272,4.8165326,5.9422854,324.5317505,95.122142,93.8528207,61.1338397,27.3994758,32.6084918,8.1058182,2.7998851,3.5092772,667.8978475,199.3262315,179.1797755,127.3233369,58.1310265,71.4880719,19.53667,6.2920747,6.6206605,431.3559771,131.2592804,109.9362346,83.9628469,37.6462816,46.538422,13.418172,4.3029732,4.2917664,236.5418704,68.0669511,69.2435409,43.36049,20.4847449,24.9496499,6.118498,1.9891015,2.3288941,137.5100887,42.4591908,40.4587028,26.3617825,9.777065,11.8122271,2.4858754,1.324343,2.8309021,49.5202086,15.4039999,15.849423,8.5884328,2.8623341,4.1533852,0.4985552,0.5135594,1.650519,87.9898801,27.0551909,24.6092798,17.7733497,6.9147309,7.6588419,1.9873202,0.8107836,1.1803831,9.465227,8.3864098,10.0179991,10.6521419,9.4736396,10.1695567,10.1068222,9.1019443,6.1630451,9.7318513,8.6861369,10.0340167,10.9846859,9.7884501,10.5169171,10.8566409,9.8163605,7.1123301,9.0959694,7.9627639,9.9966116,10.1853348,9.0436251,9.6729007,9.0354269,8.0891982,5.0269278,10.0781411,8.7152008,10.5213135,11.3585246,10.8212857,11.540579,11.6377237,8.9890348,5.4444397,9.6193622,8.5110885,9.6584687,11.029162,10.1271625,10.7147807,11.44259,9.4345622,5.833814,11.0381646,9.1377905
1991-06-01 00:00:00,757.6829427,224.3599971,212.1030392,131.8259623,64.6084415,85.1964751,24.5748711,5.8082211,9.2059353,456.4840184,135.6097842,127.5579778,75.8605765,40.4036786,52.9306714,15.2554262,3.4996695,5.3662342,301.1989243,88.7502129,84.5450614,55.9653858,24.2047629,32.2658037,9.3194449,2.3085516,3.8397011,638.2341609,192.22427,177.7295314,109.989987,54.3554843,73.188314,20.3995103,4.9062451,5.4408188,422.5538368,126.8121835,117.6960865,68.8167336,37.7013011,50.2387541,14.4012696,3.0460642,3.8414442,215.6803241,65.4120865,60.0334449,41.1732534,16.6541832,22.9495599,5.9982407,1.8601809,1.5993746,119.4487818,32.1357271,34.3735078,21.8359753,10.2529572,12.0081611,4.1753608,0.901976,3.7651165,33.9301816,8.7976007,9.8618913,7.0438429,2.7023775,2.6919173,0.8541566,0.4536053,1.52479,85.5186002,23.3381264,24.5116165,14.7921324,7.5505797,9.3162438,3.3212042,0.4483707,2.2403265,8.9818121,7.9128304,9.7524285,9.1636526,9.0827074,10.4434338,11.2457719,6.7229117,5.9447145,9.3047735,8.1489005,10.2425911,9.0210474,9.7993943,11.0101459,11.9577738,6.8759645,6.3929437,8.5329467,7.5774136,9.0957001,9.3643079,8.0945156,9.630279,10.2470093,6.5034597,5.4141906,9.7162602,8.4912048,10.5467932,9.9166627,10.1991624,11.782643,12.3812611,6.7203846,4.5812955,9.4820245,8.3104861,10.3853676,9.1065845,10.1716308,11.57324,12.5119034,6.3814537,5.1988998,10.2104198,8.8649324
1991-07-01 00:00:00,797.37907,245.3064593,211.5891877,141.9536249,70.771562,87.757573,22.5890395,6.9219904,10.489633,484.7995752,148.6982967,127.8060898,83.4222824,44.8692605,56.7263433,13.5593358,4.3612918,5.356675,312.5794948,96.6081626,83.783098,58.5313426,25.9023015,31.0312297,9.0297037,2.5606986,5.1329581,675.9121781,209.6665904,178.0946944,118.9743742,61.2012031,76.4151503,19.6931689,5.7554909,6.111506,444.8662005,138.7985183,115.2615264,75.3115015,42.0320724,52.7697608,13.0385961,3.9036609,3.7505641,231.0459775,70.868072,62.833168,43.6628727,19.1691307,23.6453895,6.6545728,1.85183,2.3609418,121.4668919,35.639869,33.4944934,22.9792507,9.5703589,11.3424227,2.8958706,1.1664995,4.3781271,39.9333747,9.8997784,12.5445634,8.1107809,2.8371881,3.9565825,0.5207397,0.4576309,1.6061108,81.5335172,25.7400906,20.94993,14.8684699,6.7331708,7.3858403,2.3751309,0.7088686,2.7720163,9.514855,8.6709738,9.7967,9.9043912,10.1812544,10.8791798,10.3682266,8.4498828,6.6937428,9.9282643,8.9217924,10.2908815,9.9586919,11.1555698,11.9418564,10.6056516,9.5049469,6.2468487,8.9376475,8.3113318,9.1280383,9.8280141,8.8433229,9.3570429,10.0310177,7.1063912,7.2337971,10.2771659,9.2574389,10.5500314,10.6620615,11.5163541,12.3537111,11.8705877,8.2909118,4.9800413,9.9919134,9.0450672,10.2139004,9.9303915,11.4935459,12.2327157,11.2952075,9.0411625,4.9891467,10.8749425,9.7036649
1991-08-01 00:00:00,796.6144527,255.9427444,211.0978827,132.3829477,71.8119302,85.5701758,23.8465881,6.8830506,9.0791332,495.4711908,158.4811544,135.5009076,78.4255207,44.8356749,53.2938659,15.2626136,4.6393438,5.03211,301.1432619,97.46159,75.5969751,53.957427,26.9762553,32.2763099,8.5839746,2.2437068,4.0470232,677.4126777,217.0677163,180.7840753,113.3272392,60.2690867,73.1952156,21.1745522,6.0567488,5.5380437,458.0857244,147.230215,124.279422,73.0560336,41.2863406,49.9120071,14.388591,4.4680169,3.4650982,219.3269532,69.8375013,56.5046532,40.2712055,18.9827462,23.2832085,6.7859612,1.5887319,2.0729455,119.201775,38.8750281,30.3138074,19.0557086,11.5428435,12.3749602,2.672036,0.8263018,3.5410894,37.3854664,11.2509394,11.2214856,5.3694871,3.5493343,3.3818588,0.8740226,0.1713268,1.5670118,81.8163086,27.6240887,19.0923219,13.6862215,7.9935091,8.9931014,1.7980134,0.654975,1.9740777,9.4639942,8.9989975,9.7067967,9.2648942,10.2628939,10.5078733,10.9295688,8.376584,5.8514042,10.123874,9.4834728,10.8592422,9.3696613,11.1180882,11.2023486,11.9575292,9.9022621,5.9445863,8.5473613,8.3087805,8.1554568,9.1167291,9.0995772,9.5321393,9.4804489,6.3527294,5.7395371,10.2956392,9.5639848,10.6686631,10.2242978,11.3243182,11.8425043,12.7477922,8.5981455,4.6074044,10.2908555,9.6112964,10.9357938,9.6304652,11.4085985,11.629248,12.4915652,9.9737961,4.7185465,10.3056448,9.4657536
1991-09-01 00:00:00,854.1322661,278.9071327,236.8538815,133.3009963,75.1559636,88.1919887,24.9354979,7.0873543,9.699451,514.9691928,165.1932132,144.9208095,77.2671495,47.5077319,53.755373,15.8554995,4.3536408,6.1157754,339.1630732,113.7139196,91.933072,56.0338468,27.6482317,34.4366157,9.0799984,2.7337135,3.5836757,703.4434448,228.6861129,196.369754,108.0513721,62.5880136,75.1994848,21.4443566,5.6126509,5.4917,468.1712428,149.7763438,132.0923699,69.756439,43.5054022,50.1439028,15.0994271,3.6996515,4.0977065,235.2722021,78.909769,64.2773841,38.2949331,19.0826115,25.055582,6.3449295,1.9129994,1.3939935,150.6888212,50.2210199,40.4841274,25.2496243,12.56795,12.9925039,3.4911413,1.4747034,4.2077511,46.7979501,15.4168694,12.8284396,7.5107106,4.0023298,3.6114702,0.7560724,0.6539893,2.0180689,103.8908711,34.8041505,27.6556879,17.7389137,8.5656202,9.3810338,2.7350689,0.8207141,2.1896822,9.9695988,9.6408892,10.6391678,9.1910135,10.6040432,10.6875536,11.1910738,8.4136385,6.1843714,10.3801092,9.7779491,11.4396502,9.0850778,11.6227627,11.1475705,12.179564,9.032888,7.1938871,9.4048604,9.4484898,9.5821966,9.3412104,9.2160509,10.0407659,9.8019323,7.5854658,4.9894819,10.5689891,9.9752893,11.4167895,9.6629445,11.6129787,12.0244398,12.6541914,7.9324308,4.5598926,10.4191539,9.7283798,11.5181033,9.1090203,11.7812223,11.5373701,12.7461592,8.2496666,5.5402448,10.8803459,10.4801569
1991-10-01 00:00:00,789.0317782,253.3555929,214.1305135,125.8405373,71.6254868,83.8887157,22.6013278,8.041827,9.5477771,484.7555573,155.8781992,131.1378819,75.8573764,46.2194396,50.6126424,14.5008096,5.567923,4.9812851,304.2762209,97.4773937,82.9926315,49.9831609,25.4060472,33.2760733,8.1005182,2.4739039,4.566492,665.2059578,211.9822005,182.5253559,105.5540712,61.4836119,72.2684949,19.7389564,6.5579728,5.0952941,444.6592784,143.025892,122.4032981,68.0666652,42.8904772,46.8264168,13.8727446,4.5502717,3.0235128,220.5466793,68.9563086,60.1220578,37.487406,18.5931347,25.4420781,5.8662118,2.0077012,2.0717813,123.8258204,41.3733924,31.6051576,20.2864661,10.1418749,11.6202208,2.8623714,1.4838542,4.452483,40.0962789,12.8523072,8.7345839,7.7907112,3.3289624,3.7862256,0.628065,1.0176514,1.9577723,83.7295415,28.5210852,22.8705738,12.495755,6.8129125,7.8339952,2.2343065,0.4662028,2.4947107,9.363147,8.9512186,9.7828863,8.7510503,10.210624,10.3181296,10.3347964,9.7729082,6.1887457,9.8708517,9.3579979,10.4317024,8.9615333,11.3663153,10.6196122,11.3687638,11.7981262,5.9515263,8.6540122,8.369445,8.9074796,8.4498485,8.6167524,9.8910368,8.8878004,7.0494336,6.4700581,10.0477925,9.2819572,10.662486,9.459556,11.492805,11.6419387,11.8445138,9.5550808,4.3217512,9.9279079,9.2898025,10.7102678,8.8986729,11.6308463,10.8803569,11.9126089,10.5556122,4.1525455,10.2985231,9.2657269
1991-11-01 00:00:00,806.1713059,263.1797257,221.7954615,125.1491369,71.9358333,83.1432271,24.7866292,7.2690496,8.9122425,491.3219057,157.1950359,138.3191678,74.0499317,45.3270432,51.5253397,15.7710655,4.4710611,4.6632608,314.8494002,105.9846898,83.4762937,51.0992052,26.6087901,31.6178874,9.0155638,2.7979885,4.2489817,688.7303544,227.1338909,189.9769436,105.9068015,62.1901953,70.7948813,20.9368345,6.4988487,5.2919587,458.0126167,147.4749847,127.7650633,68.9754335,42.6803057,48.4003735,15.0899405,4.167639,3.4588767,230.7177377,79.6589062,62.2118803,36.9313681,19.5098897,22.3945077,5.8468939,2.3312098,1.833082,117.4409514,36.0458348,31.8185179,19.2423354,9.745638,12.3483459,3.8497948,0.7702009,3.6202838,33.3092889,9.7200512,10.5541045,5.0744982,2.6467376,3.1249662,0.6811249,0.3034222,1.2043841,84.1316625,26.3257836,21.2644134,14.1678372,7.0989004,9.2233797,3.1686698,0.4667787,2.4158997,9.5732156,9.2477722,10.2159136,8.7224854,10.2335198,10.2010069,11.3819458,9.1014649,5.7967675,10.0277775,9.3964461,11.1160767,8.8119244,11.1452709,10.7506596,12.3806677,9.8825313,5.588824,8.9407654,9.0357263,9.0073097,8.5960508,8.9818652,9.4164433,9.9744202,8.0808926,6.0435545,10.5268998,10.1191118,11.2423189,9.5681198,11.6615496,11.3847914,12.7915403,9.8920879,4.5324032,10.3186584,9.6793464,11.346578,9.0948225,11.6724718,11.1208395,13.071097,10.0492145,4.7470393,10.9662369,11.0484188
1991-12-01 00:00:00,906.0036808,293.4967205,250.6965641,147.9494335,80.6242322,88.1177566,26.3399568,7.1797076,11.5993095,546.2152072,173.3964389,151.7002609,91.1050784,49.7097886,53.8293481,16.1692903,4.7464604,5.5585416,359.7884736,120.1002816,98.9963033,56.8443551,30.9144436,34.2884084,10.1706665,2.4332472,6.0407679,753.4507283,246.3393369,206.8253948,121.569211,67.5642823,74.5079057,22.5141194,6.9020071,7.2284711,491.4693272,156.995485,135.7920668,80.6780646,45.0337819,49.2010056,15.0984039,4.4687599,4.2017596,261.9814011,89.3438519,71.0333281,40.8911464,22.5305004,25.3069001,7.4157155,2.4332472,3.0267115,152.5529525,47.1573836,43.8711693,26.3802225,13.0599499,13.6098508,3.8258374,0.2777006,4.3708384,54.7458799,16.4009539,15.9081941,10.4270138,4.6760067,4.6283425,1.0708865,0.2777006,1.3567819,97.8070725,30.7564297,27.9629752,15.9532087,8.3839432,8.9815083,2.754951,0,3.0140564,10.5127011,10.1301501,11.2057281,10.0120168,11.2422901,10.6481054,11.7863652,8.9066022,7.3786397,10.9126375,10.2240737,11.8391929,10.5173795,11.9417296,11.1225257,12.3535224,10.4475652,6.5199735,9.9586156,9.997551,10.3565789,9.2961167,10.2746163,9.9798309,10.9846151,6.9166005,8.3961197,11.1717003,10.6860246,11.8106082,10.5558123,12.4513002,11.7384853,13.2000453,10.3340905,5.9513834,10.806498,10.1360645,11.6400356,10.2819363,12.1078763,11.1899323,12.735366,10.7904387,5.5158981,11.9279038,11.812226
1992-01-01 00:00:00,948.5523268,303.6989273,255.2966587,158.6264857,83.4564501,100.8445328,26.5465069,8.0524555,12.03031,581.1363284,184.9252514,153.8468093,99.5181006,52.937878,61.2420709,16.9089504,5.2357617,6.5215063,367.4159984,118.7736759,101.4498494,59.1083851,30.5185721,39.6024619,9.6375565,2.8166938,5.5088037,809.9397182,259.5026134,218.5718651,135.6700065,72.3258253,85.1377089,22.8628851,7.0436563,8.8251577,531.1386547,169.2748917,141.0640169,91.0514009,48.3109749,55.7033833,15.5100429,4.8376213,5.3863228,278.8010635,90.2277218,77.5078482,44.6186056,24.0148504,29.4343256,7.3528422,2.2060349,3.4388349,138.6126086,44.1963139,36.7247936,22.9564792,11.1306248,15.7068239,3.6836218,1.0087992,3.2051523,49.9976738,15.6503597,12.7827924,8.4666997,4.6269031,5.5386875,1.3989075,0.3981404,1.1351835,88.6149348,28.5459542,23.9420012,14.4897795,6.5037217,10.1681363,2.2847143,0.6106589,2.0699688,11.2022708,10.6755002,11.621645,10.9521829,11.7731011,12.3445483,12.2034384,9.9850186,7.8311225,11.7069898,11.00308,12.1143446,11.6428945,12.7460654,12.6862422,13.0273888,11.192775,7.7646941,10.4871461,10.202579,10.9465034,9.9575948,10.396494,11.8509375,10.9845205,8.3168477,7.9112469,12.0601561,11.3049633,12.5857997,11.7921088,13.2630696,13.4365543,13.4728721,11.004388,7.3214764,11.7468758,11.0009116,12.1945038,11.6985601,12.9385038,12.6818644,13.0848512,11.7291407,7.1536192,12.7056953,11.9232141
1992-02-01 00:00:00,982.7667093,310.8269976,269.0060867,167.2499377,87.8328873,101.0453046,25.5909226,8.0340177,13.1805551,583.165801,184.9998873,158.3878749,94.9516731,55.0289607,62.2530999,15.71544,4.8452967,6.9835683,399.6009083,125.8271103,110.6182117,72.2982646,32.8039266,38.7922047,9.8754825,3.188721,6.1969868,825.9210131,260.9028456,233.4289577,133.4556236,73.9947406,85.9676051,21.5274238,6.8900334,9.7537833,531.122905,169.9654497,145.5969914,83.1797385,50.5665947,57.2542801,14.4981799,4.3119838,5.749687,294.7981081,90.9373958,87.8319663,50.2758851,23.4281459,28.713325,7.0292439,2.5780497,4.0040963,156.8456962,49.9241521,35.5771289,33.7943141,13.8381466,15.0776996,4.0634988,1.1439843,3.4267718,52.042896,15.0344376,12.7908836,11.7719346,4.4623659,4.9988199,1.2172602,0.5333129,1.2338813,104.8028002,34.8897144,22.7862454,22.0223795,9.3757807,10.0788797,2.8462386,0.6106714,2.1928905,11.4542347,10.7834044,12.1369824,11.2913781,12.304577,12.2315616,11.688104,9.7135785,8.3280542,11.7018949,10.9533952,12.4157156,11.0727891,13.2742512,12.8168233,12.1639836,10.4226653,8.1810367,11.1110554,10.5428399,11.7589908,11.5919173,10.9613613,11.3964297,11.0030832,8.8034982,8.500196,12.3131441,11.333533,13.4287929,11.7320299,13.6240913,13.594038,12.7002088,11.0472423,7.9683119,11.7821078,11.0446342,12.6073849,10.8236186,13.5458735,13.0001049,12.3077281,11.016149,7.6692028,13.4013747,11.9161009
1992-03-01 00:00:00,935.272207,287.0936894,263.8785795,158.8146625,79.9545524,99.8590787,24.9789744,7.1683041,13.5243662,557.8116646,169.3824885,158.5602853,92.3245992,49.6019143,60.5002658,15.4323023,4.9699426,7.0398666,377.4605425,117.7112008,105.3182942,66.4900633,30.3526381,39.3588129,9.5466721,2.1983615,6.4844996,772.4752784,236.6616621,221.8638894,127.8821718,66.2882782,82.8445226,20.9490533,6.7157477,9.2699534,509.0000304,156.2047068,145.2261287,83.4808154,44.6888984,54.8688959,14.6619921,4.6425668,5.2260263,263.4752479,80.4569552,76.6377607,44.4013563,21.5993798,27.9756267,6.2870611,2.073181,4.043927,162.7969287,50.4320273,42.0146901,30.9324907,13.6662742,17.0145561,4.0299212,0.4525563,4.2544128,48.8116342,13.1777817,13.3341565,8.8437837,4.9130159,5.63137,0.7703102,0.3273759,1.8138402,113.9852945,37.2542456,28.6805335,22.0887069,8.7532583,11.3831861,3.259611,0.1251805,2.4405725,10.8987931,9.9158638,11.9344447,10.7586081,11.2570294,12.071348,11.4496109,8.5499885,8.4848956,11.2251794,10.0625316,12.4501404,10.7721906,12.0318608,12.5361525,12.0717435,10.6773907,8.1746379,10.4497773,9.7121624,11.233893,10.7398048,10.1851545,11.420462,10.5691096,5.8947558,8.8495339,11.6503462,10.3597143,12.9837176,11.351811,12.4146307,13.2297815,12.6318141,10.590571,7.6407285,11.3772555,10.2261518,12.686812,10.8612592,12.1545629,12.6364535,12.6081935,11.7579352,6.9341196,12.2168552,10.629243
1992-04-01 00:00:00,894.5883631,281.3752167,251.7395343,150.3627945,81.9475306,90.2081679,22.5615707,4.7414306,11.6521179,537.1720225,167.9234692,150.7681943,88.5733587,50.4764932,55.8166873,14.0932439,3.1123263,6.4082496,357.4163406,113.4517475,100.9713399,61.7894358,31.4710374,34.3914806,8.4683268,1.6291043,5.2438683,758.3536982,238.9241684,215.7506236,126.5373617,69.2384794,75.5632659,19.551667,4.242705,8.5454273,495.2583161,157.5839268,136.9045142,81.9646237,46.3367916,51.6165598,13.1661407,2.8677394,4.81802,263.0953821,81.3402416,78.8461094,44.572738,22.9016878,23.9467061,6.3855263,1.3749656,3.7274073,136.2346649,42.4510484,35.9889107,23.8254327,12.7090512,14.644902,3.0099037,0.4987256,3.1066906,41.9137064,10.3395425,13.8636801,6.608735,4.1397016,4.2001275,0.9271032,0.2445868,1.5902296,94.3209585,32.1115059,22.1252305,17.2166978,8.5693496,10.4447745,2.0828005,0.2541387,1.5164609,10.4769046,9.7443455,11.4649693,10.2245223,11.5885153,10.9694795,10.4131348,5.6986791,7.4985503,10.844163,9.9817721,11.8806389,10.3661353,12.3275298,11.6143536,11.1473834,6.6302858,7.5952578,9.9694627,9.412949,10.8957528,10.0281429,10.5720036,10.0626886,9.3844285,4.4926907,7.3836618,11.4963405,10.5061954,12.7593061,11.1968142,12.9767847,12.1385139,11.9598646,6.6817523,7.2255581,11.099486,10.336177,12.0454871,10.6454506,12.5840545,11.885867,11.5669238,7.0589433,6.5146643,12.325937,10.8520176
1992-05-01 00:00:00,901.6900915,283.7306914,255.2663636,151.6707776,83.8600358,89.3661553,22.6061168,5.4821366,9.7078143,555.534505,173.1703557,154.7803121,94.5595396,52.2815763,57.1497168,14.2241442,3.4282323,5.9406279,346.1555865,110.5603357,100.4860515,57.1112379,31.5784595,32.2164385,8.3819726,2.0539043,3.7671864,771.4967722,240.7352467,222.4717391,128.5626713,73.7397318,75.9365658,18.9678335,4.4191943,6.6637898,514.4584619,161.7255255,144.208717,86.3458785,49.2678247,52.2140631,13.4193157,2.9840445,4.2930929,257.0383103,79.0097212,78.2630221,42.2167928,24.4719071,23.7225027,5.5485178,1.4351498,2.3706969,130.1933193,42.9954448,32.7946245,23.1081063,10.1203041,13.4295895,3.6382833,1.0629423,3.0440245,41.076043,11.4448302,10.5715951,8.2136611,3.0137516,4.9356537,0.8048285,0.4441879,1.647535,89.1172763,31.5506145,22.2230294,14.8944452,7.1065525,8.4939358,2.8334548,0.6187545,1.3964895,10.5669819,9.8482955,11.6326936,10.3081252,11.8351688,10.8365494,10.5683743,6.5946884,6.2211466,11.2072004,10.3234795,12.1933256,11.0427299,12.7248751,11.7987718,11.2537132,7.3501196,6.944743,9.679567,9.186022,10.863335,9.2853943,10.6072905,9.4669727,9.5784856,5.6290289,5.3432195,11.6996522,10.6343872,13.10856,11.4026495,13.8702708,12.026285,11.719683,6.9134926,5.6962679,11.5449958,10.6486622,12.6595924,11.315395,13.3984998,11.9036403,11.7927927,7.2801536,5.79876,12.0219834,10.6052866
1992-06-01 00:00:00,894.7916715,284.5908128,247.890198,153.7645974,80.8371194,85.7734932,25.1615294,5.463905,11.3100163,547.507088,174.7368455,149.0800924,93.8798391,51.0324646,53.8789824,15.3164161,3.2115171,6.3709307,347.2845836,109.8539673,98.8101056,59.8847583,29.8046548,31.8945108,9.8451133,2.2523879,4.9390856,760.2758973,239.4060792,214.9734398,128.8535129,70.9099045,73.5462745,21.4636418,4.5765775,6.5464671,506.2900666,161.207296,139.3597948,86.8508404,47.6685023,49.7705924,14.5357618,2.9309744,3.9663046,253.9858308,78.1987832,75.613645,42.0026725,23.2414023,23.7756821,6.92788,1.6456031,2.5801626,134.5157742,45.1847336,32.9167582,24.9110846,9.9272148,12.2272187,3.6978876,0.8873275,4.7635492,41.2170214,13.5295495,9.7202976,7.0289987,3.3639624,4.10839,0.7806544,0.2805427,2.4046261,93.2987528,31.6551841,23.1964606,17.8820858,6.5632525,8.1188287,2.9172333,0.6067848,2.3589231,10.4873555,9.8984378,11.2737913,10.4285671,11.4469464,10.4154536,11.6765966,6.6830047,7.2147755,11.059827,10.4536982,11.7145662,10.9498816,12.4908576,11.1796571,12.076115,6.9256124,7.4760914,9.6961166,9.1272904,10.668173,9.7042816,10.0139672,9.3372451,11.1050314,6.3650849,6.9035192,11.5807137,10.643178,12.6920963,11.429096,13.4367154,11.7899183,13.2318148,7.3395515,5.531387,11.3835259,10.664807,12.2322288,11.3179776,13.0244097,11.4617827,12.7297229,7.3889303,5.2706474,11.994894,10.5988655
1992-07-01 00:00:00,904.7739405,291.841,249.0644534,155.5046585,77.5806122,86.4035078,24.3145868,6.9380543,13.1270674,562.1898038,181.3695095,154.6515896,95.0594098,51.8096927,54.5116094,15.135981,4.0248053,5.6272064,342.5841368,110.4714905,94.4128639,60.4452488,25.7709195,31.8918984,9.1786058,2.9132489,7.499861,775.0390403,248.1707017,216.7620706,133.0764643,68.685838,73.202902,20.1227703,6.0554401,8.9628533,521.5789617,168.0770888,142.8961689,88.1230193,49.1238839,50.9944956,14.1090089,3.5155575,4.7397389,253.4600785,80.093613,73.8659017,44.953445,19.5619541,22.2084064,6.0137613,2.5398826,4.2231144,129.7349003,43.6702983,32.3023829,22.4281942,8.8947742,13.2006059,4.1918166,0.8826142,4.1642141,40.610842,13.2924208,11.7554207,6.9363905,2.6858088,3.5171138,1.0269721,0.5092479,0.8874675,89.1240582,30.3778775,20.5469621,15.4918038,6.2089654,9.6834921,3.1648445,0.3733663,3.2767466,10.55372,10.0640905,11.3010263,10.4732457,11.0237238,10.5065389,11.2269993,8.4163227,8.2367743,11.2814363,10.7481641,12.1354978,10.9612142,12.6421961,11.2644714,11.8244888,8.5871734,6.5702206,9.5434891,9.1119641,10.1569845,9.7879798,8.7672626,9.4228365,10.3634518,8.1911688,10.1728461,11.6667041,10.8552875,12.7142111,11.6762056,12.9583664,11.6132717,12.2408003,9.297657,7.3175035,11.6038377,11.0167601,12.4547666,11.3256446,13.2427048,11.6173165,12.1188849,8.6452726,6.1683146,11.7982403,10.5313657
1992-08-01 00:00:00,886.2375365,299.0738183,237.7489566,138.3540531,81.7230187,89.0778204,24.0452266,4.2444219,11.9702209,551.9688624,186.4459164,148.3099933,84.8221214,53.454218,54.7689841,15.9824155,2.5486025,5.6366114,334.2686741,112.6279019,89.4389633,53.5319318,28.2688007,34.3088363,8.0628111,1.6958195,6.3336095,749.7798599,254.915717,202.8636316,115.5315732,70.7042021,74.2125687,20.2457934,3.8165696,7.4898042,510.3786519,172.97253,136.2243456,77.8550743,50.3851195,51.0013568,15.0160663,2.4449531,4.4792064,239.401208,81.943187,66.639286,37.676499,20.3190826,23.211212,5.2297272,1.3716165,3.0105978,136.4576767,44.1581013,34.885325,22.8224799,11.0188166,14.8652516,3.7994332,0.4278523,4.4804167,41.5902106,13.4733864,12.0856477,6.9670471,3.0690985,3.7676273,0.9663492,0.1036494,1.157405,94.8674661,30.6847149,22.7996773,15.8554328,7.9497181,11.0976243,2.833084,0.324203,3.3230117,10.4267697,10.3859568,10.9343325,9.4341836,11.6601519,10.8279918,11.1064249,5.2232194,7.5813823,11.1872617,11.1451989,11.7667478,9.9515586,13.1568367,11.3203199,12.5127226,5.5439946,6.6735586,9.3744765,9.3334138,9.7863198,8.7161645,9.595992,10.1250463,9.08291,4.8053634,8.625625,11.500693,11.3828696,12.1443551,10.3383261,13.4512354,11.9088922,12.4863076,6.079127,6.3315974,11.5169388,11.4367447,12.1168895,10.2015917,13.7459554,11.7139751,13.0460702,6.1132215,5.9984091,11.4662112,11.2707956
1992-09-01 00:00:00,910.346127,299.5058343,243.0043605,150.2793589,83.3324391,90.5327205,24.7983585,6.1838301,12.7092251,557.4571388,184.9233458,146.4336327,89.55508,53.2458443,54.8930505,16.7282793,3.9126943,7.7652119,352.8889882,114.5824885,96.5707278,60.7242788,30.0865948,35.63967,8.0700792,2.2711358,4.9440132,753.3584516,252.5114588,201.7068173,118.1483154,70.9953194,75.1755564,20.7522105,5.004782,9.0639919,512.4087592,173.0057935,134.4197072,79.5123034,50.1548373,50.4049211,15.4240004,3.4335289,6.0536674,240.9496924,79.5056653,67.2871101,38.6360121,20.8404821,24.7706354,5.3282101,1.5712531,3.0103244,156.9876754,46.9943755,41.2975432,32.1310434,12.3371198,15.357164,4.0461481,1.1790482,3.6452332,45.0483795,11.9175523,12.0139255,10.0427767,3.091007,4.4881294,1.3042789,0.4791654,1.7115444,111.9392958,35.0768232,29.2836178,22.0882668,9.2461128,10.8690346,2.7418692,0.6998828,1.9336888,10.5607533,10.29542,11.0427205,9.9958244,11.7001886,10.8569167,11.4594327,7.4006836,7.8987098,11.1931015,11.0143257,11.5064999,10.3364024,12.905255,11.2556482,13.0922586,8.3745306,8.8613769,9.6954886,9.3142681,10.4066924,9.5326051,10.0408744,10.2951861,9.1054632,6.1655004,6.7474162,11.4227345,11.1458165,11.9537175,10.4273565,13.2976893,11.925473,12.7776387,7.8835743,7.6101109,11.4619206,11.3482715,11.8631678,10.2812011,13.5604248,11.5661995,13.3121753,8.4287852,7.8311311,11.340285,10.7292996
1992-10-01 00:00:00,893.7439917,304.9165012,241.1318692,139.1005447,81.027843,85.7126843,25.9667779,5.3250853,10.5626862,551.6495813,190.8841161,147.8154177,84.6307976,50.237019,51.0396848,17.5229824,3.4460487,6.0735149,342.0944105,114.0323851,93.3164514,54.4697471,30.7908239,34.6729995,8.4437955,1.8790366,4.4891713,740.2666876,257.140674,197.8619927,111.4413243,69.2439104,71.0325349,22.3013273,4.3410646,6.9038595,498.1782929,175.1405904,131.3223925,74.8294695,46.5974421,46.5528896,16.3138999,3.0855365,4.3360724,242.0883947,82.0000835,66.5396002,36.6118548,22.6464683,24.4796454,5.9874273,1.2555281,2.5677871,153.4773042,47.7758272,43.2698765,27.6592204,11.7839326,14.6801493,3.6654506,0.9840207,3.6588267,53.4712884,15.7435257,16.4930252,9.8013281,3.639577,4.4867952,1.2090825,0.3605122,1.7374425,100.0060158,32.0323016,26.7768513,17.8578923,8.1443556,10.1933541,2.4563682,0.6235085,1.9213842,10.4416325,10.5828732,11.0108217,9.3247236,11.4000983,10.3973316,11.9029969,6.496393,6.5505177,11.1076004,11.3840756,11.6522851,9.8086171,12.1966264,10.5206439,13.7228111,7.5353449,6.915722,9.5211032,9.4674974,10.1276764,8.6608639,10.3023557,10.2209825,9.3341926,5.1852546,6.1137224,11.2699551,11.426493,11.7943848,9.8385446,13.0067314,11.2810286,13.6440885,6.9061619,5.7787795,11.1810227,11.5401611,11.6506606,9.6955787,12.6168264,10.6318931,14.0561673,7.7155013,5.7272333,11.4574883,11.1910585
1992-11-01 00:00:00,888.2382838,291.7025691,248.4971712,148.8027251,81.1789337,77.1052403,24.1806132,7.0415521,9.7294791,558.7865555,188.1742282,156.3138503,91.0696735,50.79703,46.1353128,16.4632689,4.0475893,5.7856025,329.4517283,103.5283409,92.1833209,57.7330516,30.3819037,30.9699275,7.7173443,2.9939627,3.9438767,752.3544468,249.172754,209.7077133,123.6420009,71.3248628,64.6968903,21.2617597,5.4023795,7.1460865,514.4551819,175.1555942,142.9756016,83.0572912,47.9275378,41.9791211,15.3628122,3.6662151,4.3310088,237.8992649,74.0171598,66.7321117,40.5847097,23.397325,22.7177691,5.8989476,1.7361644,2.8150776,135.883837,42.5298151,38.7894579,25.1607242,9.8540709,12.4083501,2.9188534,1.6391726,2.5833927,44.3313736,13.018634,13.3382487,8.0123823,2.8694922,4.1561917,1.1004567,0.3813743,1.4545936,91.5524634,29.5111811,25.4512092,17.1483419,6.9845787,8.2521584,1.8183967,1.2577983,1.128799,10.4798409,10.3438964,11.3534109,9.9991487,11.4659768,9.4700565,11.2324022,8.6521771,6.0854221,11.3910485,11.4588456,12.3924517,10.5734857,12.3895304,9.7766942,13.0138194,8.7783871,6.7162567,9.2278319,8.7894468,9.9401754,9.2100022,10.1953118,9.0473414,8.6936912,8.4872112,5.3484644,11.5268194,11.2834886,12.4415721,10.9173519,13.4434497,10.3840989,13.3005262,8.2233976,5.8823654,11.6349762,11.76759,12.6174531,10.7060681,13.0668429,9.8230718,13.5139091,8.8751737,5.7681325,11.2996715,10.2824791
1992-12-01 00:00:00,969.2024169,321.450506,260.7314744,163.9797372,86.4020607,91.1153196,28.0400012,7.2296912,10.2536267,590.9585186,204.5407935,152.8018873,97.7128003,53.5439223,54.2562444,18.2336995,4.1632353,5.705936,378.2438983,116.9097125,107.9295871,66.2669369,32.8581384,36.8590752,9.8063017,3.0664558,4.5476908,809.8581487,277.6734002,215.8146429,131.6528169,74.0022022,73.8850102,23.2353257,5.7861495,7.8086011,532.7982003,189.2779493,135.4737636,85.6280037,48.8130812,48.32127,16.8371871,3.7237253,4.7232201,277.0599484,88.3954509,80.3408793,46.0248132,25.189121,25.5637402,6.3981387,2.0624242,3.085381,159.3442682,43.7771058,44.9168314,32.3269203,12.3998585,17.2303093,4.8046755,1.4435417,2.4450257,58.1603184,15.2628442,17.3281237,12.0847966,4.7308411,5.9349744,1.3965124,0.43951,0.9827159,101.1839499,28.5142616,27.5887078,20.2421237,7.6690174,11.2953349,3.4081631,1.0040317,1.4623098,11.1883689,11.1049665,11.6987162,10.7673301,12.0873094,10.9047886,12.6219489,8.949665,6.2916023,11.7827115,12.1178988,11.9074801,11.0695413,12.9368794,11.1659187,14.0649802,9.2852243,6.5347835,10.3710363,9.6881224,11.4153724,10.3506497,10.9188495,10.5418893,10.5998363,8.5310877,6.0109443,12.0618996,12.1248947,12.5363213,11.2837439,13.6458624,11.6029038,14.113299,8.8296702,6.1698139,11.805745,12.3973614,11.792333,10.8287358,13.101788,11.0123792,14.3949228,9.1690809,6.0734603,12.5870978,11.5799398
1993-01-01 00:00:00,998.9218324,332.2446884,265.0312555,171.6812496,88.8478368,91.7836973,29.9392552,6.6664059,12.7274436,626.1030102,206.6185662,167.9576207,108.9645139,56.1704001,56.1750574,19.5794666,4.1248008,6.5125844,372.8188222,125.6261222,97.0736348,62.7167357,32.6774367,35.60864,10.3597886,2.5416051,6.2148591,866.5075137,293.8672273,230.0992356,147.7787393,74.6143725,78.0754151,26.0245836,5.7143078,10.3336325,581.9647892,196.2835849,156.1536578,99.2552838,50.6108789,51.7516563,18.2709561,3.8300524,5.8087191,284.5427245,97.5836424,73.9455778,48.5234556,24.0034936,26.3237588,7.7536275,1.8842554,4.5249134,132.4143187,38.3774611,34.9320199,23.9025102,14.2334643,13.7082822,3.9146716,0.9520982,2.3938111,44.138221,10.3349813,11.803963,9.7092301,5.5595212,4.4234011,1.3085105,0.2947484,0.7038654,88.2760977,28.0424798,23.128057,14.1932801,8.6739431,9.2848812,2.6061611,0.6573497,1.6899457,11.707092,11.6059829,12.2267264,11.4417198,12.5269784,11.0393682,13.628612,8.5123869,7.802077,12.5375945,12.2700968,13.2240497,12.3870925,13.6323568,11.5451912,15.044355,9.5171355,7.3971636,10.5351275,10.6572796,10.815443,10.1021941,10.9945597,10.3256865,11.5707256,7.2672522,8.2768477,12.9033636,12.7087886,13.5916517,12.5984846,13.8515577,12.2174532,15.6552333,8.9122359,8.008075,12.8936481,12.8016514,13.6227083,12.5702703,13.7266608,11.7225185,15.6069707,9.8331168,7.42473,12.92328,12.5260223
1993-02-01 00:00:00,1039.33238,357.235623,278.754897,176.4432512,87.5338513,88.77998,27.9448962,8.383739,14.2561426,631.6887396,223.2620634,168.3289087,108.1748829,52.2922513,49.9014994,17.84623,4.8552117,7.0276922,407.6436406,133.9735596,110.4259883,68.2683683,35.2416,38.8784807,10.0986662,3.5285272,7.2284504,874.817162,306.3734569,232.8650927,149.8597418,72.2171868,71.28251,24.4748769,6.8008855,10.9434114,577.5087445,206.9542925,154.1346525,97.1772685,46.3308811,45.3154803,16.9241803,4.575938,6.0960513,297.3084175,99.4191644,78.7304402,52.6824733,25.8863058,25.9670296,7.5506966,2.2249475,4.8473601,164.5152183,50.8621661,45.8898043,26.5835094,15.3166645,17.4974701,3.4700192,1.5828535,3.3127312,54.1799951,16.3077709,14.1942563,10.9976144,5.9613703,4.586019,0.9220497,0.2792737,0.9316409,110.3352232,34.5543952,31.695548,15.585895,9.3552943,12.911451,2.5479695,1.3035798,2.3810903,12.1271529,12.400087,12.797452,11.7082585,12.2083296,10.7786524,12.8707902,10.356486,8.6171757,12.6958219,13.3224645,13.3178161,12.2609125,12.6620036,10.4305725,13.8673647,10.8445033,7.9269671,11.3400422,11.1173934,12.0780705,10.9277659,11.5920424,11.2609907,11.4204155,9.7525926,9.4141051,13.0683555,13.2734855,13.7498942,12.8177821,13.4903184,11.3702345,14.7826687,10.2220402,8.4881284,12.7826801,13.4384096,13.4475159,12.2489907,12.6402745,10.3803468,14.5561769,11.2854833,7.7719601,13.6614145,12.9428345
1993-03-01 00:00:00,972.3606533,326.2926781,264.024936,169.9820534,81.6386987,81.9812999,26.1891474,8.3175608,13.934279,585.2131526,196.4730695,160.8499438,103.4831937,50.0800889,45.3741676,17.4911641,4.8184726,6.6430524,387.1475007,129.8196086,103.1749921,66.4988598,31.5586098,36.6071324,8.6979833,3.4990882,7.2912266,800.9879782,271.5628308,218.2789312,140.8875547,69.6606486,63.9106066,21.8767662,6.2467397,8.5639005,526.3124908,179.5213183,142.0537217,95.3375508,45.3834167,39.7032533,16.11165,3.7454467,4.4561334,274.6754874,92.0415125,76.2252095,45.5500039,24.2772319,24.2073533,5.7651161,2.501293,4.1077671,171.3726751,54.7298474,45.7460048,29.0944987,11.9780501,18.0706933,4.3123812,2.0708212,5.3703784,58.9006618,16.9517512,18.7962222,8.1456429,4.6966722,5.6709143,1.3795141,1.0730259,2.186919,112.4720133,37.7780961,26.9497826,20.9488558,7.2813779,12.3997791,2.9328671,0.9977952,3.1834594,11.2827671,11.4055895,11.9674462,11.1252802,11.4736622,9.7189639,12.0527171,9.9485808,8.3307251,11.7488981,11.8400321,12.6222,11.6725476,12.2178003,9.3113737,13.6355837,10.5031437,7.4332425,10.6444012,10.8055378,11.0720458,10.3687666,10.4624525,10.2765341,9.7716476,9.2742618,9.3604241,12.0444464,12.0443458,12.8475795,11.9641276,13.1597797,10.1008379,13.5269089,9.1658288,6.7403818,11.7561811,11.9216474,12.4660761,11.9503299,12.4861238,9.1032479,13.9700604,9.1794594,5.7125584,12.6382414,12.2910772
1993-04-01 00:00:00,920.8740118,302.0059275,247.7421047,161.0123087,80.1890524,85.1103251,26.8753246,6.5051461,11.4338227,578.3835148,193.0560187,153.5825847,103.5385433,50.7860256,50.3380761,16.793657,3.8594988,6.4291107,342.490497,108.9499088,94.1595201,57.4737654,29.4030267,34.7722491,10.0816676,2.6456474,5.004712,770.6069073,252.144761,208.6802883,136.9463889,67.2039556,70.4493315,22.6040917,5.0667713,7.5113189,521.9706,174.0538508,136.7222734,95.3729547,46.6135311,45.7646393,15.5053521,3.185769,4.7522295,248.6363073,78.0909102,71.9580148,41.5734342,20.5904245,24.6846922,7.0987396,1.8810023,2.7590894,150.2671045,49.8611665,39.0618165,24.0659198,12.9850968,14.6609936,4.2712329,1.4383748,3.9225037,56.4129148,19.0021679,16.8603112,8.1655886,4.1724946,4.5734368,1.2883048,0.6737297,1.6768812,93.8541897,30.8589986,22.2015052,15.9003312,8.8126022,10.0875568,2.982928,0.7646451,2.2456226,10.8421538,10.7174922,11.4242538,10.6913041,11.3851628,10.207244,12.4404669,7.7952768,6.9985849,11.7100268,11.7278566,12.2189483,11.7590831,12.4630377,10.3103921,13.2889127,8.4235973,7.32637,9.6360994,9.2980783,10.328572,9.1882546,9.9054695,10.0615258,11.2445784,7.0302869,6.6182092,11.7134003,11.3350245,12.3945607,11.7765853,12.866994,11.1682837,13.9777363,7.355115,6.0496199,11.7325506,11.6974873,12.0816608,11.9854126,12.9308042,10.3820978,13.6032296,7.6327828,6.2081167,11.6734001,10.6027522
1993-05-01 00:00:00,915.4072899,292.8401028,268.4509314,157.0197168,74.944064,81.0205743,25.1747769,5.5819433,10.3751804,577.2050933,187.1237044,165.2984708,103.0081686,47.5289735,48.5120601,16.2188495,3.4620888,6.0527777,338.2021966,105.7163985,103.1524605,54.0115483,27.4150905,32.5085142,8.9559274,2.1198545,4.3224027,770.2137985,249.4993494,223.1939018,135.8377207,62.2730735,65.7820168,21.7308905,4.4589793,7.4378664,525.4358213,173.5029052,146.9773388,94.8004195,43.3261005,43.8840986,15.1848322,2.9066335,4.853493,244.7779772,75.9964443,76.216563,41.0373012,18.946973,21.8979182,6.5460583,1.5523458,2.5843735,145.1934915,43.3407534,45.2570296,21.1819962,12.6709905,15.2385575,3.4438864,1.122964,2.937314,51.769272,13.6207992,18.321132,8.2077491,4.202873,4.6279615,1.0340173,0.5554553,1.1992847,93.4242194,29.7199542,26.9358976,12.9742471,8.4681175,10.610596,2.4098692,0.5675087,1.7380293,10.7241859,10.3180178,12.2833756,10.4216707,10.6197584,9.6735741,11.5942616,6.9654561,6.2839697,11.6464374,11.3466317,13.0645396,11.6554617,11.6100776,9.9222422,12.7760955,7.7278045,6.8905605,9.4473889,8.8913027,11.2093427,8.671128,9.2516294,9.3248324,9.9306713,5.9989497,5.5943347,11.6675119,11.202851,13.1963069,11.6556468,11.7892208,10.3843611,13.2918144,6.7509575,5.8911233,11.7553579,11.6159827,12.9112358,11.8613092,11.900163299999999,9.9427054,13.2273922,7.1911818,6.2365488,11.4833071,10.3615152
1993-06-01 00:00:00,911.1844007,296.0035892,261.8524234,156.5403442,74.9952692,75.5287843,28.4626037,6.1247211,11.6766656,566.410961,192.1664734,157.0722117,98.5744532,47.5641672,42.4255073,17.8783376,3.8949541,6.8348566,344.7734397,103.8371159,104.7802117,57.965891,27.431102,33.103277,10.5842661,2.229767,4.841809,773.0567247,253.1758823,220.757874,135.6798187,64.6507001,60.3141321,24.5388798,5.0264306,8.9130071,520.928729,176.16741,144.1713008,90.4773512,44.942385,38.6032643,17.2450613,3.4571045,5.8648519,252.1279957,77.0084723,76.5865733,45.2024675,19.708315,21.7108678,7.2938185,1.5693261,3.0481552,138.127676,42.827707,41.0945494,20.8605255,10.3445691,15.2146522,3.9237239,1.0982905,2.7636585,45.4822321,15.9990634,12.900911,8.097102,2.6217821,3.822243,0.6332763,0.4378495,0.9700047,92.6454439,26.8286436,28.1936385,12.7634235,7.7227869,11.3924092,3.2904476,0.6604409,1.7936538,10.6707003,10.4222201,12.0066901,10.3624847,10.6696071,8.9869519,12.9668757,7.603326,7.1154841,11.4190051,11.600415,12.4356831,11.111095,11.738134,8.6642798,14.1221386,8.7385791,7.8192058,9.6335655,8.7731979,11.4163168,9.29725,9.2150789,9.4373919,11.3926356,6.1970258,6.3133942,11.667627,11.3244872,13.0326694,11.5484109,12.1566907,9.541996,14.8252631,7.6867953,7.0496645,11.6276373,11.7561207,12.6201317,11.2837603,12.3131218,8.7760358,15.0075885,8.6150267,7.5732906,11.7511283,10.4470206
1993-07-01 00:00:00,885.1702863,281.9943909,256.8083572,152.6064629,74.6352881,74.9030459,26.9876127,6.0106388,11.2244899,548.787822,181.9845907,157.6500144,89.1160692,47.9633931,44.9232334,17.2791948,3.6174845,6.253842,336.3824643,100.0098002,99.1583428,63.4903937,26.6718951,29.9798125,9.7084179,2.3931543,4.9706479,754.3106376,242.0162322,221.1736267,128.2846611,64.3727438,61.3124644,23.7523507,4.9035782,8.4949804,507.7274443,168.3378012,146.9365915,81.8986384,45.283014,40.8457614,16.3386049,3.0371016,5.0499312,246.5831933,73.678431,74.2370352,46.3860227,19.0897298,20.466703,7.4137458,1.8664766,3.4450492,130.8596487,39.9781586,35.6347305,24.3218018,10.2625443,13.5905816,3.235262,1.1070606,2.7295094,41.0603776,13.6467895,10.7134228,7.2174308,2.6803791,4.077472,0.9405899,0.5803829,1.2039108,89.7992711,26.3313692,24.9213076,17.104371,7.5821652,9.5131096,2.2946721,0.5266777,1.5255987,10.3750797,9.944476,11.7799182,10.0906604,10.630739,8.9510893,12.2971538,7.4295184,6.8290802,11.0590941,11.0076108,12.4309928,10.0679758,11.9237797,9.1224164,13.5474028,7.9156942,7.1252698,9.4241289,8.4580085,10.8744041,10.1226737,8.8959502,8.7060809,10.5622618,6.7983519,6.4896699,11.3686197,10.7901334,13.0329072,10.8938671,12.145393200000001,9.7101646,14.3359157,7.5442206,6.7779569,11.3299691,11.1965453,12.837942,10.2658409,12.4789598,9.2766945,14.2036946,7.536746,6.5615144,11.4490399,9.9638118
1993-08-01 00:00:00,909.4997134,296.5026442,262.4870299,154.9449788,70.7667379,78.6602839,28.5924769,6.4531193,11.0924426,562.2641697,186.7165054,163.9874484,92.5374597,43.9958658,46.2912213,18.4581678,3.5917458,6.6857555,347.2355437,109.7861388,98.4995815,62.4075191,26.7708721,32.3690626,10.1343091,2.8613735,4.4066871,769.7702299,249.8472488,225.0424327,129.5084287,60.2444113,66.7123483,24.6856312,5.0439341,8.6857949,517.1664276,170.7987477,152.2483063,83.6889281,41.4455957,43.3654573,17.2536299,2.8552753,5.5104874,252.6038023,79.0485011,72.7941264,45.8195006,18.7988155,23.346891,7.4320013,2.1886588,3.1753075,139.7294835,46.6553955,37.4445972,25.4365501,10.5223266,11.9479356,3.9068456,1.4091852,2.4066477,45.0977421,15.9177577,11.7391421,8.8485316,2.5502701,2.9257641,1.2045378,0.7364705,1.1752681,94.6317415,30.7376377,25.7054551,16.5880185,7.9720565,9.0221715,2.7023078,0.6727147,1.2313796,10.7013779,10.4775056,12.1069331,10.3060287,10.1579594,9.4025286,13.1658592,7.7583862,6.7679559,11.4215992,11.4127051,13.0538676,10.5458676,11.0044978,9.3832997,14.6419051,7.8318794,7.5973024,9.709927,9.195924,10.8023406,9.9698227,9.0178915,9.4301653,11.1234759,7.6680632,5.8063102,11.7226047,11.2313848,13.3751588,11.2063063,11.5957657,10.5634127,15.0615662,7.7902611,7.0012093,11.6489928,11.4842616,13.3932276,10.6280691,11.6665331,9.7898971,15.066603,7.3164838,7.2131034,11.8762538,10.7212977
1993-09-01 00:00:00,927.4446442,301.2698233,267.4554989,158.3213384,75.3526017,79.3206245,28.2004228,5.5256656,11.9986689,559.6748165,187.0595804,154.8546147,96.8859164,47.3878376,46.8994005,17.3506299,2.8781571,6.3586798,367.7698277,114.2102429,112.6008842,61.435422,27.964764,32.421224,10.8497929,2.6475085,5.639989,773.5149502,251.7091377,225.324746,131.4383153,63.3943088,64.0488668,24.7058588,4.6452529,8.2484638,509.7904532,170.2801575,142.8031011,86.4966683,44.1531646,42.3355221,16.3647753,2.6001019,4.7569625,263.724497,81.4289802,82.521645,44.9416471,19.2411442,21.7133447,8.3410835,2.045151,3.4915013,153.929694,49.5606856,42.1307529,26.8830231,11.9582929,15.2717578,3.494564,0.8804127,3.7502051,49.8843633,16.7794229,12.0515136,10.3892482,3.2346731,4.5638784,0.9858546,0.2780552,1.6017174,104.0453306,32.7812627,30.0792393,16.4937749,8.7236198,10.7078794,2.5087094,0.6023575,2.1484877,10.6909756,10.4464628,12.0643912,10.2960155,10.6264427,9.2735128,12.8079312,6.4208411,7.2368832,11.1965985,11.2514794,12.1525386,10.8659615,11.6902186,9.3410736,13.650801,6.0328358,7.2318412,10.0035073,9.3507052,11.9452343,9.5094035,9.2067634,9.1774931,11.6569191,6.9035268,7.2425762,11.6157899,11.2092156,13.1655989,11.1787813,12.0193547,9.9952345,14.7895553,6.9475453,6.6400877,11.3750455,11.3646507,12.5022696,10.828021,12.2625028,9.4337663,14.1619421,6.3023748,6.2067342,12.1112793,10.8975374
1993-10-01 00:00:00,892.5944961,297.6816309,257.3646418,141.7582118,78.222106,74.0946035,27.5778478,5.0176335,10.877821,537.2374013,181.8601799,153.497395,82.782861,48.4923506,43.2875268,17.8473226,3.2701764,6.199589,355.3570948,115.821451,103.8672468,58.9753509,29.7297554,30.8070766,9.7305251,1.7474571,4.678232,744.5033587,246.4502456,220.9900347,114.8137174,64.8688316,62.0510264,23.6396573,4.223883,7.4659627,490.6395526,163.8816515,143.5231833,74.0734904,45.3151875,39.7027109,16.6634809,3.0542242,4.425624,253.863806,82.5685941,77.4668514,40.7402269,19.5536441,22.3483156,6.9761764,1.1696588,3.0403387,148.0911374,51.2313853,36.3746071,26.9444945,13.3532744,12.043577,3.9381905,0.7937504,3.4118583,46.5978487,17.9785284,9.9742117,8.7093705,3.1771631,3.584816,1.1838418,0.2159522,1.773965,101.4932887,33.2528569,26.4003953,18.2351239,10.1761113,8.458761,2.7543487,0.5777982,1.6378933,10.341297,10.3125498,11.7085948,9.2853156,11.0610266,8.7667252,12.6230517,5.9355499,6.6080822,10.7833589,10.9337598,12.1259466,9.3304398,11.9164214,8.7155962,14.0290098,7.0172965,7.021872,9.7377791,9.4679098,11.1418764,9.2227069,9.9016842,8.8395894,10.6630227,4.6066184,6.1294218,11.1768878,10.8803725,12.9658491,9.8305489,12.2561565,9.6865754,14.4878946,6.4011526,5.989039,10.9398625,10.9184086,12.4976562,9.3360407,12.3858157,8.9421916,14.5572574,7.418446,5.7774946,11.6653633,10.8056582
1993-11-01 00:00:00,892.8823594,290.4433742,258.8443425,152.1707513,76.3482414,72.5235199,26.437807,5.8947693,10.2195538,533.5694856,175.3945212,154.9980635,86.4000066,47.7886346,42.4441587,17.6657231,3.8875922,4.9907857,359.3128738,115.048853,103.8462791,65.7707447,28.5596068,30.0793611,8.7720839,2.0071771,5.2287681,749.1251577,245.2477094,217.0379136,128.3009603,63.1750364,59.4960396,23.4678611,4.8863458,7.5132916,492.3210736,164.4304642,144.5633364,77.7320424,43.5468769,37.8541945,16.8083037,3.3675544,4.018301,256.8040841,80.8172452,72.4745772,50.5689179,19.6281595,21.641845,6.6595574,1.5187913,3.4949906,143.7572017,45.1956649,41.806429,23.869791,13.173205,13.0274803,2.9699459,1.0084235,2.7062622,41.2484121,10.964057,10.4347271,8.6679642,4.2417577,4.5899642,0.8574195,0.5200377,0.9724848,102.5087897,34.2316079,31.3717019,15.2018267,8.9314474,8.4375161,2.1125265,0.4883858,1.7337775,10.3369086,10.0550724,11.7526291,9.9566481,10.7545992,8.5785586,12.1526092,7.2692547,6.2104409,10.7317951,10.570339,12.2389089,9.7567304,11.7458112,8.5583311,14.0617751,8.5881529,5.7447199,9.8013535,9.3595192,11.0946781,10.2320656,9.4238821,8.6072642,9.5432754,5.6027465,6.7313068,11.261587,10.8311579,12.8224751,10.8583496,11.9744067,9.3387679,14.5486002,7.5628919,6.110952,10.9869258,10.9549973,12.6325523,9.7286689,11.990182,8.4982595,14.8961437,8.4032538,5.3503039,11.8284739,10.5876437
1993-12-01 00:00:00,939.282759,307.1289894,273.5189432,156.2451422,78.6391412,79.4611778,27.221826,5.705339,11.3622002,566.189385,197.9953796,156.4512755,90.6340436,47.7869112,46.7538259,17.1829652,3.1672828,6.2177013,373.093374,109.1336098,117.0676677,65.6110985,30.85223,32.7073519,10.0388609,2.5380563,5.1444989,785.6485754,258.4790066,229.6664203,128.4391404,65.7822774,65.5080889,24.2918255,4.8709189,8.6108975,515.641434,181.8341279,142.3462442,81.3218885,44.2415647,41.6020936,16.358666,2.8704039,5.0664453,270.0071415,76.6448788,87.3201761,47.1172519,21.5407127,23.9059953,7.9331595,2.000515,3.5444523,153.6341836,48.6499828,43.8525229,27.8060018,12.8568638,13.953089,2.9300006,0.8344202,2.7513026,50.5479511,16.1612517,14.1050313,9.3121552,3.5453465,5.1517323,0.8242992,0.2968789,1.151256,103.0862325,32.488731,29.7474916,18.4938466,9.3115173,8.8013567,2.1057014,0.5375413,1.6000466,10.6962924,10.4980417,12.2404473,10.0136093,10.8889346,9.2110921,12.0622935,6.9260166,6.7627914,11.1704694,11.652851,12.1794794,10.0703023,11.6026169,9.2157844,13.1682584,6.8777376,6.9686077,10.0489502,8.8982008,12.3228853,9.9363364,9.9417509,9.204393,10.5462101,6.9872238,6.5297065,11.5369224,11.2321797,13.2389862,10.6257252,12.1228245,9.9411679,14.2916864,7.3867641,6.7486575,11.2705367,11.8253777,12.2422047,10.0235565,11.9829075,9.0879972,13.9336604,7.0837331,6.4533023,12.0822884,10.0376205
1994-01-01 00:00:00,983.463237,321.5698963,279.020521,165.5365831,86.1930449,82.8221073,27.9655822,6.4963647,13.8591375,596.3812557,200.6336685,165.4405969,98.8874805,52.9543906,49.2862228,18.3120431,3.2062335,7.6606199,387.0819813,120.9362278,113.5799241,66.6491026,33.2386543,33.5358845,9.6535391,3.2901312,6.1985176,827.1390405,273.8805482,231.3098319,138.1539058,73.1529025,69.0690918,24.9921027,5.6912576,10.8894,540.8610738,180.8777175,148.6110211,90.7450333,49.8158802,44.3488642,17.1517154,3.0972066,6.2136355,286.2779666,93.0028307,82.6988108,47.4088724,23.3370224,24.7202276,7.8403873,2.594051,4.6757644,156.3241965,47.6893481,47.710689,27.3826773,13.0401424,13.7530155,2.9734795,0.8051071,2.9697375,55.5201819,19.755951,16.8295758,8.1424472,3.1385104,4.9373586,1.1603277,0.1090269,1.4469844,100.8040147,27.9333971,30.8811133,19.2402302,9.901632,8.8156569,1.8131519,0.6960803,1.5227531,11.3955236,11.1840522,12.7879693,10.7349072,12.1135536,9.6330733,12.791005,8.6340059,8.3549269,11.8564901,11.9926897,12.980085,10.91242,12.8626867,9.7715038,14.2475433,7.4607442,8.6377472,10.7514979,10.0588443,12.5180934,10.4819212,11.0850118,9.4366007,10.7134141,10.1966164,8.0299884,12.2754748,11.9997242,13.5733559,11.4897336,13.6073822,10.5299071,15.1485382,9.2581767,8.4275572,11.9480407,11.9309454,12.9576669,11.2096893,13.4863193,9.7759883,14.9867248,8.0595647,7.9244019,12.9457484,12.1357862
1994-02-01 00:00:00,1005.079581,325.573296,292.0527794,170.3321274,83.6191152,83.5053088,27.4873586,7.2078895,15.3017061,591.1252797,196.8424348,171.4881489,97.6455017,49.3825882,46.0861343,17.7561888,3.966341,7.9579421,413.9543013,128.7308612,120.5646305,72.6866257,34.236527,37.4191745,9.7311698,3.2415485,7.343764,833.056559,274.3511063,244.2769789,137.3597406,69.4538328,67.5785653,23.1047156,5.8185727,11.1130467,538.0568765,180.0172991,156.0803966,87.9132763,45.3445256,42.7545451,16.1563251,3.5811021,6.2094066,294.9996825,94.3338072,88.1965823,49.4464643,24.1093072,24.8240202,6.9483905,2.2374707,4.9036401,172.023022,51.2221897,47.7758005,32.9723868,14.1652824,15.9267435,4.382643,1.3893168,4.1886593,53.0684032,16.8251357,15.4077523,9.7322254,4.0380626,3.3315892,1.5998637,0.3852389,1.7485355,118.9546188,34.397054,32.3680482,23.2401614,10.1272198,12.5951543,2.7827793,1.0040778,2.4401239,11.4949297,11.1354306,13.1706799,10.9322498,11.7766904,9.6860043,12.3493046,9.0851201,8.9841767,11.7245402,11.6635891,13.4440797,10.8238988,12.160874,9.1321654,13.6596732,8.9027051,8.7315553,11.1822131,10.4143243,12.8004209,11.0812669,11.2634402,10.4678931,10.5096866,9.3187529,9.2749621,12.3045221,11.9112165,14.2114971,11.5345851,12.9466648,10.2865899,13.8357325,8.8418776,8.4774876,11.8569496,11.8160444,13.5639827,10.9318188,12.4344315,9.3423092,13.9460702,8.8023495,7.6977577,13.2143132,12.0971543
1994-03-01 00:00:00,945.0006625,309.8921796,276.0066957,162.7416921,78.4328316,75.4789184,25.9044377,5.4061526,11.1377549,559.8152341,190.0107656,160.8013557,93.4582997,45.7873347,43.5030409,16.9598304,3.2678142,6.0267929,385.1854284,119.881414,115.2053399,69.2833924,32.6454969,31.9758775,8.9446073,2.1383384,5.1109619,764.171017,259.3605811,221.1664026,126.5695965,62.9466725,60.1571249,21.3293676,4.9828327,7.6584391,496.817759,172.0320112,142.7062957,80.3016763,40.5000245,38.4251647,15.2744614,2.9880037,4.5901216,267.353258,87.3285699,78.4601069,46.2679202,22.446648,21.7319603,6.0549063,1.994829,3.0683174,180.8296455,50.5315985,54.8402931,36.1720956,15.4861592,15.3217935,4.5750701,0.4233198,3.4793158,62.9974751,17.9787544,18.09506,13.1566234,5.2873103,5.0778762,1.6853691,0.2798104,1.4366713,117.8321705,32.5528442,36.7452331,23.0154722,10.1988489,10.2439172,2.889701,0.1435094,2.0426445,10.776313,10.5582891,12.3651732,10.3931867,11.0311025,8.795467,11.7317885,6.7648534,6.6971439,11.1053773,11.2494571,12.5851861,10.3585517,11.2493211,8.6547166,13.2099856,7.3571371,6.737014,10.3313936,9.6213441,12.070639,10.4402753,10.7389241,8.9944745,9.6783115,6.0237652,6.6507316,11.4026835,11.3163406,13.0308717,10.6524211,11.9224884,9.3591053,13.2314231,7.5359614,6.0644639,11.0585018,11.3746079,12.5255763,10.0321621,11.2105111,8.5780313,13.4712869,7.4212937,5.9163278,12.1026608,11.2032864
1994-04-01 00:00:00,876.4264531,288.0811115,247.9237669,155.5766467,69.7326735,72.5808278,25.2788792,5.8987651,11.3537824,517.8832196,175.6684762,142.6519453,91.6127222,42.5571038,40.2627917,15.6124073,3.5779653,5.9398078,358.5432335,112.4126353,105.2718215,63.9639245,27.1755698,32.3180361,9.6664719,2.3207998,5.4139746,724.7202502,246.6682206,202.6398916,125.2659884,58.9000577,57.0378382,21.0825725,4.9208296,8.2048516,473.7882952,165.2523827,129.245436,81.5579056,39.3934056,35.893783,14.4252433,3.1737492,4.8463899,250.9319551,81.4158379,73.3944557,43.7080828,19.5066521,21.1440552,6.6573292,1.7470804,3.3584618,151.7062029,41.412891,45.2838752,30.3106583,10.8326158,15.5429896,4.1963067,0.9779355,3.1489308,44.0949244,10.4160935,13.4065094,10.0548166,3.1636982,4.3690087,1.187164,0.404216,1.093418,107.6112784,30.9967974,31.8773659,20.2558417,7.6689177,11.1739809,3.0091427,0.5737194,2.0555128,10.0694828,9.9049925,11.2038749,10.0035938,9.9104499,8.447556,11.5120887,7.447525,6.8525556,10.3285578,10.4694646,11.2274727,10.1770919,10.577364,8.0257783,12.281375,7.9250197,6.662679,9.7174144,9.1352963,11.1720557,9.7651583,9.0198452,9.039382,10.4544352,6.8145269,7.073726,10.8805345,10.8447622,12.0622486,10.5597955,11.2596727,8.8731095,13.0844865,7.4991764,6.4456107,10.5443479,10.9473372,11.3484831,10.133377,10.9596227,8.0068534,12.6845738,7.828469,6.2090108,11.5774874,10.6423624
1994-05-01 00:00:00,844.4419787,277.0623799,239.7401214,142.9499764,72.4189655,72.9141363,23.6873278,4.858878,10.8101934,506.4827827,174.6177944,142.5499672,82.2667527,41.9115344,41.0585135,15.3585447,3.1149695,5.6047064,337.959196,102.4445854,97.1901542,60.6832237,30.5074311,31.8556228,8.3287832,1.7439086,5.2054871,698.0485944,234.8937807,199.9139855,113.9500298,60.1847256,58.855012,19.5811436,4.2004369,6.4694802,461.1047939,161.6683869,129.5406813,73.2215892,38.8170302,36.6536841,14.0780524,3.0263828,4.0989871,236.9438005,73.2253938,70.3733042,40.7284407,21.3676955,22.201328,5.5030912,1.174054,2.3704931,146.3933843,42.1685992,39.8261359,28.9999466,12.2342398,14.0591243,4.1061842,0.6584412,4.3407132,45.3779888,12.9494075,13.0092859,9.0451635,3.0945042,4.4048294,1.2804923,0.0885866,1.5057193,101.0153955,29.2191917,26.81685,19.954783,9.1397356,9.6542948,2.8256919,0.5698545,2.8349939,9.7036077,9.5271032,10.8666712,9.1766625,10.2371215,8.5260873,10.6801483,6.154853,6.4765394,10.1083875,10.4286701,11.2362405,9.1313242,10.3888242,8.1933278,12.0364703,6.9336071,6.2656685,9.1542442,8.3035267,10.3665734,9.2388503,10.0357924,8.9970511,8.8426931,5.1264016,6.7200473,10.488508,10.3704114,11.9111904,9.6042816,11.4932089,9.0939281,11.9799385,6.4781281,5.1194073,10.2618798,10.7099314,11.3923517,9.1125155,10.7725339,8.1580562,12.3036949,7.2557644,5.2899912,10.9595212,9.692055
1994-06-01 00:00:00,828.6124326,280.0109844,227.694401,137.44601,72.4731232,73.2486555,22.5137551,5.229145,9.9963584,491.3961084,170.6478057,135.9397231,78.6995928,42.7404249,40.6649672,14.5229967,2.5440912,5.6365069,337.2163242,109.3631787,91.754678,58.7464172,29.7326983,32.5836883,7.9907585,2.6850537,4.3598515,681.5290916,235.4092992,184.3812409,110.3391841,60.3222224,60.3167359,19.6107229,3.7596534,7.3900329,444.1231657,156.9568713,119.5295675,70.2911132,38.9356495,38.0295253,13.706883,2.0280839,4.645472,237.405926,78.4524279,64.8516734,40.0480708,21.3865729,22.2872106,5.9038399,1.7315695,2.744561,147.083341,44.6016853,43.3131601,27.106826,12.1509008,12.9319196,2.9030323,1.4694915,2.6063254,47.2729427,13.6909344,16.4101556,8.4084796,3.8047754,2.6354419,0.8161137,0.5160073,0.9910349,99.8103982,30.9107509,26.9030046,18.6983464,8.3461254,10.2964777,2.0869186,0.9534842,1.6152905,9.5165567,9.6345272,10.3251745,8.7939881,10.2926034,8.5251468,10.2957463,6.2085411,6.010575,9.7988725,10.1944219,10.6913369,8.6984789,10.6638448,8.1204883,11.4965695,5.3686487,6.3073254,9.1331135,8.8740355,9.8265639,8.9252727,9.8020738,9.0904927,8.6530787,7.2889943,5.6659422,10.2175659,10.3888075,11.0680918,9.153807,11.4197257,9.3156546,12.1576404,5.5967209,5.7410008,9.894715,10.4795574,10.5322248,8.6518634,10.7797873,8.4877459,11.967731,4.8865461,5.9455402,10.8817838,10.2118851
1994-07-01 00:00:00,798.7352939,264.0744658,219.5112261,136.1400549,71.5792095,68.2014448,23.1399295,5.734317,10.3546464,466.6081458,157.2505401,124.8875799,78.1652175,41.6090875,41.4255475,14.2090514,3.4733524,5.5877695,332.1271481,106.8239257,94.6236462,57.9748374,29.970122,26.7758973,8.9308782,2.2609645,4.7668769,651.409566,221.8786625,175.5101816,109.3430808,59.5747439,53.2009672,19.6545122,5.0071873,7.2402306,421.1983934,144.608428,111.287475,68.6444683,39.2831314,36.9112733,12.9708283,3.0719714,4.4208178,230.2111725,77.2702345,64.2227065,40.6986126,20.2916124,16.2896939,6.6836839,1.9352159,2.8194128,147.3257279,42.1958033,44.0010446,26.7969741,12.0044656,15.0004776,3.4854173,0.7271297,3.1144158,45.4097523,12.6421121,13.6001049,9.5207492,2.325956,4.5142743,1.2382231,0.4013811,1.1669517,101.9159756,29.5536912,30.4009397,17.2762249,9.6785096,10.4862034,2.2471942,0.3257486,1.9474641,9.1130377,9.0374691,9.8753267,8.7004571,10.0009503,7.8508497,10.5181585,6.8925665,6.1799209,9.262019,9.3621969,9.7945712,8.6264602,10.3001418,8.1340345,11.1912314,7.335308,6.2444144,8.9116503,8.5984481,9.9839717,8.8022574,9.6132672,7.4495945,9.5995971,6.3076984,6.1059968,9.7157995,9.7120298,10.4416298,9.1193756,11.2781037,8.1614516,12.1060743,7.273546,5.6172225,9.347735,9.5974835,9.7810663,8.4620946,10.8844954,8.1166432,11.3977859,7.1866926,5.6710407,10.4700705,9.9339134
1994-08-01 00:00:00,796.0985108,256.1912859,229.2961103,133.4447653,72.1901084,66.5425929,22.1694103,5.7359225,10.5283152,474.6201411,157.4859359,132.3622819,77.5677473,43.9577187,39.7951105,14.7424104,3.0570939,5.6518426,321.4783697,98.70535,96.9338284,55.8770181,28.2323897,26.7474824,7.4269999,2.6788286,4.8764725,655.0024365,218.1539547,185.1683019,108.826681,59.68092,52.2155098,18.8818506,4.5364777,7.5387408,429.8518177,145.2748137,118.1435274,71.0867267,40.2226728,34.2797287,13.5237117,2.4909996,4.8296372,225.1506188,72.8791409,67.0247745,37.7399544,19.4582471,17.9357811,5.3581389,2.0454782,2.7091036,141.0960743,38.0373312,44.1278084,24.6180843,12.5091885,14.3270831,3.2875597,1.1994448,2.9895743,44.7683234,12.2111221,14.2187545,6.4810206,3.7350459,5.5153818,1.2186987,0.5660943,0.8222054,96.3277509,25.8262091,29.9090539,18.1370637,8.7741426,8.8117013,2.068861,0.6333505,2.1673689,9.1951675,8.8957313,10.4822497,8.5647097,10.1619597,7.738617,10.3598273,7.0023687,6.3374204,9.5083282,9.4419172,10.5387445,8.6071641,10.8951803,7.9044014,11.7664619,6.6755575,6.3848108,8.7687873,8.144069,10.4060778,8.5064647,9.1981561,7.5044424,8.3729576,7.4167366,6.2833676,9.9085102,9.7491338,11.2252366,9.0563941,11.3090731,8.1078104,11.9689112,6.8265916,5.999804,9.6509194,9.7942237,10.5995553,8.73796,11.1158953,7.6001057,12.1039877,6.0247781,6.3038214,10.4405325,9.6604806
1994-09-01 00:00:00,829.3238282,275.4618122,227.4993664,137.6525696,74.477287,71.2199923,23.9262233,7.1984241,11.8881533,483.6482121,165.0586826,129.9038935,77.7299782,44.6385549,40.0499503,15.3584696,4.1482586,6.7604245,345.6756161,110.4031297,97.5954728,59.9225914,29.8387322,31.1700421,8.5677536,3.0501655,5.1277288,650.9449982,216.3548403,176.462075,110.0965299,59.6729549,54.9874288,19.5524267,5.9768325,7.8419101,425.8233633,145.5999781,114.0033052,69.2832869,39.442225,34.7059078,13.9911171,3.7682974,5.0292458,225.121635,70.7548622,62.4587699,40.813243,20.2307298,20.281521,5.5613096,2.2085351,2.8126643,178.37883,59.106972,51.0372913,27.5560397,14.8043322,16.2325635,4.3737965,1.2215916,4.0462432,57.8248489,19.4587045,15.9005884,8.4466913,5.1963298,5.3440424,1.3673525,0.3799612,1.7311787,120.5539812,39.6482675,35.136703,19.1093484,9.6080023,10.8885211,3.006444,0.8416304,2.3150645,9.3353087,9.2583322,10.1505856,8.6147201,10.3576262,8.153892,10.8486741,8.2127981,7.0499538,9.5361246,9.7137284,10.1620231,8.5036545,10.9979367,7.8770846,11.9929546,8.5906869,7.5581976,9.0681282,8.6519135,10.1354016,8.7631886,9.5277743,8.5394658,9.2641686,7.7492063,6.4758389,9.6356082,9.4318509,10.421395,9.0305788,11.1595173,8.3983843,12.1189317,8.360074,6.1733233,9.3895144,9.5853575,9.9791531,8.4273879,10.8716867,7.6411072,12.3046596,8.5087452,6.5668519,10.1382186,9.130939
1994-10-01 00:00:00,750.9426262,248.7762255,203.49779,124.3054182,71.1356313,62.3816981,22.0233059,6.3702072,12.45235,439.2515989,144.5777058,119.31873,73.1195518,42.8428114,35.6951417,13.4332716,3.4284666,6.83592,311.6910273,104.1985197,84.17906,51.1858664,28.2928199,26.6865564,8.5900343,2.9417406,5.61643,606.6598138,201.4495549,167.0014731,98.5289524,57.2865163,49.8015489,18.1647858,5.5819472,8.8450352,394.7934925,131.7834998,107.0479252,65.2848195,38.4069307,31.6137601,12.2174879,3.2244333,5.214636,211.8663214,69.6660551,59.953548,33.2441329,18.8795856,18.1877889,5.9472979,2.3575139,3.6303992,144.2828123,47.3266706,36.4963169,25.7764658,13.8491151,12.5801492,3.8585201,0.78826,3.6073148,44.4581064,12.794206,12.2708048,7.8347323,4.4358808,4.0813816,1.2157836,0.2040333,1.621284,99.8247059,34.5324646,24.225512,17.9417335,9.4132343,8.4987675,2.6427365,0.5842267,1.9860308,8.5840675,8.5179496,9.223619,7.8845544,10.0152489,7.2257194,10.0821352,7.4101121,7.4725113,8.7335393,8.593873,9.3983628,8.0388427,10.5872577,7.1551414,10.4978121,7.2928298,7.6391142,8.3819049,8.4147995,8.9867773,7.6741507,9.2578396,7.3223283,9.4942345,7.5516503,7.2792856,9.1006791,8.8632435,10.0734153,8.1852507,10.7538076,7.7262986,11.5031485,7.9685144,6.9973737,8.8151274,8.7825303,9.488976,8.0087729,10.6133304,7.1592105,10.9436576,7.5596815,6.7698271,9.6853043,9.0200535
1994-11-01 00:00:00,755.0441625,240.5425579,209.2938182,130.9530003,70.4900187,64.2766798,23.2558866,6.3702571,9.8619439,445.8619685,141.8951728,123.5889232,76.9107639,41.2614702,38.3505683,14.5658825,3.5214836,5.767704,309.182194,98.647385,85.704895,54.0422364,29.2285485,25.9261115,8.6900042,2.8487735,4.0942399,607.8253359,194.4950716,172.0553162,103.8133861,57.2188513,48.9983891,19.1091314,5.3999624,6.7352277,399.03273,127.6167847,110.7921459,69.3359581,37.6073438,32.8923724,12.9784936,3.4612805,4.348351,208.7926059,66.878287,61.2631703,34.477428,19.6115075,16.1060168,6.1306378,1.9386819,2.3868767,147.2188266,46.0474863,37.238502,27.1396142,13.2711674,15.2782907,4.1467552,0.9702948,3.1267162,46.8292385,14.2783882,12.7967773,7.5748057,3.6541264,5.4581959,1.5873889,0.0602031,1.4193531,100.3895881,31.7690981,24.4417247,19.5648084,9.617041,9.8200947,2.5593663,0.9100917,1.7073632,8.620901,8.2279149,9.5404145,8.2461285,9.9584734,7.3891311,10.597739,7.2092313,5.888994,8.8851337,8.470473,9.7600482,8.4670447,10.3427444,7.6119397,11.4541329,7.2219272,6.4390081,8.2663941,7.9024157,9.2405543,7.9508951,9.4621888,7.0824719,9.4175149,7.1935988,5.2564676,9.1081882,8.6029975,10.2957917,8.6023599,10.8228017,7.5624407,11.8865916,7.6036498,5.332629,8.9009912,8.5268777,9.7619841,8.4815734,10.6124677,7.3779864,11.5547787,7.7932269,5.6452686,9.532255,8.7520853
1994-12-01 00:00:00,791.0159059,263.1986506,217.9274411,130.0966522,72.9222902,64.2062165,24.2517378,6.4122386,12.0006788,458.1258502,153.1670141,121.3923421,76.1953069,44.0819874,37.3881352,15.1184287,3.358583,7.424053,332.8900557,110.0316365,96.5350991,53.9013454,28.8403028,26.8180813,9.1333091,3.0536556,4.5766259,638.8831367,208.9625044,177.5534995,106.4654689,59.3679891,51.0220075,21.4834301,5.0083884,9.0198487,408.6245113,136.0799921,110.2306172,67.031539,39.0734801,33.0604092,14.1526433,2.8313581,6.1644723,230.2586254,72.8825123,67.3228823,39.4339299,20.294509,17.9615982,7.3307869,2.1770303,2.8553765,152.1327692,54.2361462,40.3739416,23.6311833,13.5543011,13.184209,2.7683076,1.4038502,2.9808301,49.501339,17.087022,11.1617249,9.1637679,5.0085073,4.3277259,0.9657854,0.5272249,1.2595807,102.6314302,37.1491242,29.2122167,14.4674154,8.5457938,8.8564831,1.8025222,0.8766254,1.7212494,8.8613872,8.8048974,9.7059002,8.1023421,10.2173617,7.2181989,10.8475026,7.1324525,7.0735984,8.9529569,8.9448479,9.3842673,8.2389304,10.9671988,7.2861916,11.5754723,6.76373,8.162991,8.7383884,8.6172181,10.1430546,7.916809,9.2506343,7.1254982,9.8247415,7.5873789,5.8147776,9.3803378,9.0089652,10.4379735,8.7028455,11.2183011,7.6438313,12.9215941,6.8051896,6.9144257,8.9496715,8.8797299,9.5728181,8.1073974,10.9389922,7.2303019,12.2385803,6.2437748,7.74374,10.2561846,9.2606125
1995-01-01 00:00:00,836.3557256,268.3926975,230.5248127,142.4627415,75.7097969,71.9606838,27.1124237,7.5013229,12.6912465,499.7211361,160.3856605,132.3310609,85.9403402,48.9151812,44.7207144,16.4647308,3.8591294,7.1043187,336.6345895,108.0070369,98.1937518,56.5224012,26.7946157,27.2399694,10.6476929,3.6421936,5.5869278,684.9822251,217.33053,192.9239178,117.0335396,62.0146507,58.1927373,22.6624741,5.9108779,8.9134977,443.5273389,142.3933465,119.2832085,75.5218195,43.4634977,39.5679837,14.308033,3.3075439,5.681906,241.4548862,74.9371834,73.6407093,41.5117201,18.551153,18.6247536,8.354441,2.603334,3.2315917,151.3735005,51.0621675,37.600895,25.4292018,13.6951462,13.7679465,4.4499496,1.5904451,3.7777488,56.1937972,17.992314,13.0478524,10.4185207,5.4516835,5.1527307,2.1566978,0.5515855,1.4224127,95.1797033,33.0698535,24.5530426,15.0106811,8.2434627,8.6152158,2.2932518,1.0388596,2.3553361,9.5422373,9.145677,10.503986,9.0530275,10.7480674,8.1589783,12.1413933,8.4338227,7.7758882,9.8374991,9.4206576,10.3590455,9.3990402,12.1058906,8.7031399,12.6931314,7.8051044,8.0358392,9.135222,8.7657306,10.7058549,8.5731552,8.9213437,7.399435,11.3767126,9.22082,7.4686661,10.1342127,9.462003,11.3968928,9.6695579,11.6775471,8.7972202,13.5343383,8.1291222,7.0508086,9.7531451,9.3228248,10.4660498,9.1288949,12.0752183,8.6710497,12.4755973,7.5032743,7.2716471,10.9177795,9.7382495
1995-02-01 00:00:00,873.7268519,285.9124256,229.6902919,153.7799905,77.2873021,79.0517241,26.1947491,7.5656852,14.2446835,491.9799498,154.5743953,128.4339575,86.7441567,45.8568566,48.9567392,16.1811608,3.870124,7.3625599,381.746902,131.3380303,101.2563344,67.0358338,31.4304455,30.0949848,10.0135883,3.6955612,6.8821237,691.3691486,224.2509746,182.661019,122.7159373,61.8314293,62.4645124,22.1723574,5.9056728,9.3672457,433.4086174,135.2859775,113.2304787,76.9995171,40.8311247,42.6455648,15.2273178,3.3653816,5.8232552,257.9605312,88.9649971,69.4305404,45.7164202,21.0003046,19.8189476,6.9450396,2.5402911,3.5439905,182.3577033,61.661451,47.0292729,31.0640532,15.4558727,16.5872116,4.0223916,1.6600124,4.8774378,58.5713324,19.2884178,15.2034788,9.7446396,5.0257318,6.3111744,0.9538429,0.5047423,1.5393047,123.7863709,42.3730332,31.8257941,21.3194136,10.4301409,10.2760372,3.0685487,1.15527,3.3381331,9.7911894,9.6115294,10.2502463,9.4985511,10.7099651,8.904616,11.8869732,8.4265773,8.4009171,9.6010972,9.0298693,9.9331519,9.3694316,11.1850949,9.5111969,12.5692051,7.8015618,8.132124,10.0475648,10.3999662,10.6828043,9.6710091,10.084937,8.0676305,10.9284499,9.1983001,8.7088686,10.1158453,9.6848677,10.6716273,9.9966002,11.4728202,9.2880127,13.3134334,8.1283134,7.2531298,9.4431486,8.7882883,9.8050872,9.250879,11.2254123,9.2427425,13.2598954,7.5915464,7.3890164,11.4911909,11.4632532
1995-03-01 00:00:00,804.0564894,256.4472398,209.450474,151.9463841,73.7040474,70.3460777,22.359261,6.1282998,13.6747057,450.7145114,144.5033059,114.1834891,84.4414818,43.3166727,39.133709,13.5977256,3.8204599,7.7176674,353.3419779,111.9439338,95.2669849,67.5049023,30.3873747,31.2123687,8.7615354,2.3078399,5.9570382,627.0235575,197.1319278,163.5679109,118.7363966,60.0431145,54.9539184,18.304519,5.0092282,9.2765421,396.0561717,126.1627378,101.0643908,74.0962306,38.4142945,34.4731662,12.568453,3.4128374,5.8640614,230.9673858,70.96919,62.50352,44.640166,21.62882,20.4807522,5.736066,1.5963908,3.4124807,177.0329319,59.3153119,45.8825631,33.2099876,13.6609329,15.3921592,4.054742,1.1190716,4.3981636,54.6583397,18.3405681,13.1190983,10.3452512,4.9023782,4.6605427,1.0292726,0.4076225,1.8536061,122.3745922,40.9747438,32.7634648,22.8647363,8.7585547,10.7316165,3.0254694,0.7114491,2.5445575,9.0118693,8.6648255,9.3260978,9.3341081,10.2984925,7.8762956,10.1102404,6.8148651,8.093979,8.8532304,8.5178669,8.90122,9.1239723,10.7270668,7.6251445,10.6452899,7.5293598,8.5079664,9.2226695,8.8621964,9.8920251,9.6109968,9.7435788,8.2155684,9.378658,5.8896542,7.6139922,9.3071267,8.6738474,9.6794145,9.6938101,11.4087209,8.3051214,11.2328773,6.9100075,7.3528373,8.7485272,8.3028047,8.8806377,8.9818737,10.8733946,7.58301,11.1202442,7.5681534,7.4606872,10.4514485,9.4223992
1995-04-01 00:00:00,737.7760684,226.0320241,192.7038202,142.1441773,72.3107453,65.8382422,21.5694067,5.6029934,11.5746592,434.7286756,134.0058654,110.1360757,84.597307,42.5570327,40.8447611,13.4354285,3.2367099,5.9154954,303.0473927,92.0261587,82.5677446,57.5468703,29.7537126,24.9934811,8.1339781,2.3662835,5.6591638,593.352763,180.7585743,154.6270838,113.648667,62.1293399,51.1022292,18.6481219,4.3124725,8.1262745,388.2346355,122.5002874,98.3421735,73.6452456,39.1475697,34.3611171,12.4464763,2.756422,5.0353438,205.1181276,58.2582869,56.2849103,40.0034214,22.9817702,16.7411122,6.2016455,1.5560505,3.0909307,144.4233054,45.2734498,38.0767365,28.4955103,10.1814054,14.736013,2.9212848,1.2905209,3.4483847,46.4940402,11.5055779,11.7939022,10.9520614,3.409463,6.483644,0.9889522,0.4802879,0.8801516,97.9292652,33.7678719,26.2828343,17.5434489,6.7719424,8.252369,1.9323326,0.810233,2.5682331,8.2780857,7.6403116,8.6571554,8.7236202,10.1216349,7.2854188,9.6903646,6.2339328,6.8880983,8.5258759,7.869994,8.6254867,9.1207147,10.5292721,7.8623314,10.5429722,6.3339377,6.6037708,7.9467688,7.3288519,8.6997618,8.1988685,9.5905672,6.5053403,8.548477,6.1021474,7.2127101,8.7812628,7.9281824,9.1826764,9.1975717,11.7780347,7.6351394,11.462125,5.9978261,6.4419605,8.5550026,8.0548532,8.637276,8.9035959,10.9990633,7.4794001,11.1389905,6.039494,6.3859276,9.2440041,7.6744108
1995-05-01 00:00:00,750.8307972,228.3139571,196.3351194,150.2683902,70.3082164,66.5982107,22.0417674,5.1521595,11.8129766,451.6986585,138.4670223,115.2950579,90.2190643,43.1376292,39.8819788,14.1883274,2.9995251,7.5100535,299.1321387,89.8469348,81.0400615,60.0493258,27.1705872,26.716232,7.8534399,2.1526344,4.3029232,609.7634086,183.2146708,162.1492897,121.1723159,60.156609,52.6706982,17.7387437,4.3441096,8.3169718,400.5505545,124.5553615,102.5883107,77.4266132,39.5809103,35.4200249,12.2438902,2.8771286,5.8583152,209.2128541,58.6593093,59.560979,43.7457026,20.5756988,17.2506733,5.4948535,1.466981,2.4586566,141.0673886,45.0992863,34.1858297,29.0960743,10.1516074,13.9275125,4.3030236,0.8080499,3.4960049,51.148104,13.9116609,12.7067472,12.7924511,3.5567189,4.4619539,1.9444372,0.1223964,1.6517383,89.9192847,31.1876255,21.4790825,16.3036232,6.5948885,9.4655586,2.3585864,0.6856535,1.8442665,8.4211313,7.7230001,8.768506,9.2421645,9.7966039,7.4049228,9.9135677,5.9307157,7.0113777,8.8669911,8.1405262,9.0158911,9.724912,10.6520476,7.7412053,11.1094498,6.0773273,8.3948742,7.8268466,7.157255,8.4390704,8.6007197,8.6887717,6.9539711,8.2995084,5.7378362,5.4451548,9.0045465,8.0334009,9.5785247,9.8003752,11.3196856,7.8405486,10.9822926,6.2541652,6.5163469,8.8246797,8.1811863,9.0140998,9.3678743,11.0950754,7.6844225,10.936984,6.6021401,7.4422418,9.3702,7.736649
1995-06-01 00:00:00,723.4592261,221.3213716,189.2588358,141.1509366,71.9564592,62.6660465,21.5954246,5.0944161,10.4157358,434.1860223,136.3616677,111.278879,81.4139934,45.836144,35.5976012,14.4609448,2.9104476,6.3263446,289.2732038,84.9597039,77.9799568,59.7369431,26.1203152,27.0684453,7.1344798,2.1839685,4.0893912,594.2033715,183.6001055,154.6093521,112.3792869,60.2740145,52.9364367,18.4524106,4.0684655,7.8832998,389.3297925,124.3491663,100.6408711,70.1571086,41.1311192,32.1172728,13.0049395,2.6830812,5.2462338,204.873579,59.2509392,53.968481,42.2221783,19.1428953,20.8191639,5.4474711,1.3853843,2.6370659,129.2558545,37.7212661,34.6494837,28.7716497,11.6824447,9.7296098,3.143014,1.0259506,2.532436,44.8562298,12.0125014,10.6380079,11.2568848,4.7050248,3.4803284,1.4560053,0.2273664,1.0801107,84.3996248,25.7087647,24.0114758,17.5147649,6.9774199,6.2492814,1.6870087,0.7985841,1.4523253,8.1022665,7.4511597,8.460891,8.6371405,10.0334442,7.0047669,9.8709998,5.7914732,6.1567006,8.5275688,8.0215872,8.7299289,8.7484256,11.2872305,6.9211865,11.4440983,5.8475373,7.0467069,7.5379855,6.6878418,8.1044748,8.4899539,8.3967201,7.1178057,7.7200558,5.7184098,5.1503723,8.7708088,8.008156,9.1512808,9.0345036,11.5449645,7.9393209,11.3029763,5.7688026,6.2503484,8.5823957,8.1578395,8.8574649,8.4676244,11.6281917,6.9984959,11.5868024,6.0481789,6.7182512,9.1526485,7.7112156
1995-07-01 00:00:00,708.7947423,211.8945968,192.085906,135.3871979,68.0900075,64.2175008,19.8101795,6.6775915,10.6317624,427.4838226,130.883836,116.6536286,80.5729879,41.5815593,35.440719,12.19189,4.0214697,6.1377321,281.3109198,81.0107608,75.4322774,54.81421,26.5084483,28.7767818,7.6182895,2.6561218,4.4940303,579.9785691,177.5675813,155.865807,107.2466225,57.5825322,52.3847654,16.2737911,5.5015903,7.5558794,379.5500721,117.3702741,104.5728502,67.9688615,38.119776,31.8739674,11.3174284,3.6631417,4.6637729,200.428497,60.1973072,51.2929568,39.277761,19.4627562,20.510798,4.9563627,1.8384486,2.8921066,128.8161732,34.3270155,36.220099,28.1405754,10.5074753,11.8327354,3.5363883,1.1760012,3.075883,47.9337505,13.5135619,12.0807784,12.6041265,3.4617833,3.5667516,0.8744616,0.358328,1.4739592,80.8824227,20.8134536,24.1393207,15.5364489,7.0456921,8.2659838,2.6619268,0.8176732,1.6019237,7.9302894,7.1442132,8.5214799,8.3206427,9.5409584,7.1614788,9.0105575,7.4704412,6.2179849,8.3778122,7.6821709,9.1152515,8.6690416,10.3076044,6.8457351,9.6646954,7.9706407,6.6768673,7.3348865,6.4180856,7.7416085,7.8565205,8.5441279,7.5927749,8.1299497,6.8222345,5.6844206,8.5062391,7.6675587,9.1397917,8.6581031,10.9510049,7.8068482,10.047559,7.6874133,5.9011746,8.3186497,7.6193013,9.1741283,8.2187032,10.7206623,6.8762751,10.0888977,8.0767033,5.9261743,8.8856906,7.7634289
1995-08-01 00:00:00,718.9452359,227.0851375,184.4933895,137.0399303,68.4506473,62.0590455,21.8707078,6.1469649,11.799413,427.1996946,133.2695124,110.3516004,78.988063,42.6834454,36.1108055,14.3827506,4.1149908,7.2985265,291.7455413,93.8156251,74.1417891,58.0518673,25.767202,25.94824,7.4879572,2.0319742,4.5008865,581.1098673,182.3606134,149.2465725,111.2235261,56.5353907,49.5506004,18.6312015,4.9950495,8.5669132,382.8452429,121.1715846,98.648037,69.2262189,38.7772134,32.4384836,13.0866931,3.4554916,6.0415207,198.2646244,61.1890288,50.5985356,41.9973072,17.7581774,17.1121168,5.5445083,1.5395578,2.5253925,137.8353686,44.7245242,35.246817,25.8164042,11.9152566,12.5084451,3.2395063,1.1519155,3.2324998,44.3544517,12.0979279,11.7035634,9.7618441,3.906232,3.6723219,1.2960575,0.6594992,1.2570058,93.4809169,32.6265963,23.5432535,16.0545601,8.0090246,8.8361231,1.9434488,0.4924163,1.9754941,8.0917979,7.6484475,8.2973756,8.4927245,9.5823155,6.9785221,10.0966029,7.0669942,6.88125,8.4186674,7.8303409,8.7024996,8.5544076,10.5446341,7.0760101,11.5561915,8.3947206,7.8927611,7.6564986,7.4041238,7.7597184,8.4102104,8.3239445,6.8472394,8.1253716,5.3525788,5.6972672,8.619275,7.9440557,8.8994554,9.067344,10.8363678,7.4664791,11.5257179,7.1511586,6.8049072,8.4749106,7.9516853,8.7703509,8.4295615,10.9030596,7.0875557,11.781675,7.8236838,7.6527467,8.9124312,7.9289902
1995-09-01 00:00:00,756.7674555,228.1100113,203.7846384,146.1865103,72.1691308,68.7547863,21.0275683,6.0724524,10.6623578,455.3637203,142.244543,118.385427,86.6881578,45.0835429,39.6203046,13.4128013,3.7944092,6.1345346,301.4037352,85.8654683,85.3992114,59.4983525,27.0855879,29.1344817,7.614767,2.2780432,4.5278231,598.0811879,182.6649972,158.0889146,118.2247491,57.0350752,52.6832447,17.5689579,4.9224516,6.8927976,394.1976639,123.6792009,100.6642556,75.7532654,38.4465654,35.1229046,12.5561829,3.174233,4.8010561,203.8835239,58.9857963,57.424659,42.4714837,18.5885097,17.5603401,5.0127751,1.7482186,2.0917415,158.6862676,45.4450141,45.6957237,27.9617612,15.1340556,16.0715416,3.4586104,1.1500008,3.7695601,61.1660564,18.5653422,17.7211713,10.9348924,6.6369774,4.4974,0.8566184,0.6201762,1.3334785,97.5202112,26.879672,27.9745524,17.0268688,8.4970782,11.5741416,2.601992,0.5298246,2.4360816,8.3554625,7.5340394,8.9855973,8.8456502,10.0240422,7.5923878,9.4609068,6.9059142,6.1572222,8.8094515,8.1829683,9.2101219,9.1800981,10.9813676,7.5898743,10.6719961,7.5479666,6.6295823,7.7519102,6.6592052,8.6918622,8.3997845,8.7538178,7.5958086,7.8848048,6.0488808,5.6151688,8.7161966,7.8059093,9.2611098,9.4310468,10.8462725,7.783675,10.7048014,7.2438455,5.4583887,8.5851978,7.9867833,8.7678393,9.0800688,10.7361879,7.4925463,11.2632497,7.3113578,6.0856373,8.9811572,7.452051
1995-10-01 00:00:00,725.7475482,214.9542653,199.9758409,143.8538149,68.0168928,62.7743213,19.8049549,6.4989567,9.8685014,430.763811,128.200088,114.0170319,87.5750273,43.1573341,36.3228904,11.7879245,3.9497378,5.7537771,294.9837372,86.7541773,85.958809,56.2787876,24.8595588,26.4514309,8.0170304,2.5492189,4.1147243,585.9891524,173.0151994,162.876722,116.8946538,54.865,49.9867774,16.2250691,6.034706,6.0910247,382.9613884,114.0711248,99.9232522,79.1590511,38.429334,32.5281608,10.5431973,3.8460479,4.4612204,203.027764,58.9440747,62.9534698,37.7356026,16.435666,17.4586167,5.6818718,2.1886581,1.6298043,139.7583959,41.9390658,37.0991189,26.9591611,13.1518928,12.7875439,3.5798859,0.4642507,3.7774767,47.8024226,14.1289633,14.0937797,8.4159761,4.7280001,3.7947296,1.2447272,0.1036898,1.2925567,91.9559732,27.8101026,23.0053392,18.543185,8.4238928,8.9928143,2.3351586,0.3605608,2.48492,8.1013605,7.1676227,8.9058389,8.8000117,9.5705179,7.045018,9.0268114,7.3553102,5.8139977,8.4389833,7.5025866,8.9210639,9.3744374,10.621716,7.0785576,9.5472375,7.8475508,6.3789863,7.6541813,6.7240011,8.8857242,8.0339668,8.1672877,6.9994762,8.3569958,6.7037942,5.1732806,8.5991256,7.4876114,9.4962019,9.4123455,10.4766615,7.4750701,10.1185975,8.5585782,4.9333254,8.4167992,7.4800357,8.7398103,9.5375094,10.7216368,7.0536471,9.6060312,8.4722432,5.7986302,8.9654572,7.5023159
1995-11-01 00:00:00,719.9429847,223.6589405,182.6837375,145.1827127,63.4945897,64.6016578,22.374004,6.2922987,11.6550438,419.216593,129.8568888,102.8808867,85.9783788,40.3577804,36.2985777,13.7473307,3.7717273,6.3250226,300.7263917,93.8020517,79.8028509,59.2043339,23.1368093,28.3030801,8.6266733,2.5205714,5.3300212,585.4024931,182.0504074,149.0128854,118.1209459,54.4258307,49.9128303,18.5643079,4.7841769,8.5311087,376.7007984,117.2326458,91.8082627,76.8783056,38.163711,31.8427403,12.4869591,3.1389556,5.1492182,208.7016947,64.8177616,57.2046227,41.2426403,16.2621196,18.0700901,6.0773487,1.6452213,3.3818905,134.5404916,41.6085332,33.6708522,27.0617668,9.068759,14.6888275,3.8096961,1.5081218,3.1239351,42.5157946,12.624243,11.072624,9.1000732,2.1940694,4.4558374,1.2603716,0.6327717,1.1758043,92.024697,28.9842902,22.5982282,17.9616936,6.8746897,10.23299,2.5493245,0.8753501,1.9481307,7.9814481,7.4082733,8.112655,8.7974495,8.8898266,7.1997884,10.0911845,6.8027128,6.7246512,8.1891537,7.5535336,8.072522,9.1739252,9.9199527,7.0762651,10.9866859,7.1630959,6.9678857,7.7088845,7.2161608,8.1649867,8.3026446,7.526506,7.3646628,8.9311238,6.3264313,6.4571662,8.5709813,7.847529,8.746632,9.4606669,10.2729886,7.4614069,11.4486018,6.8683924,6.6936957,8.2629291,7.6638977,8.0614405,9.2108191,10.5609193,6.9213878,11.2146583,6.8986089,6.6470473,9.1893474,8.2030174
1995-12-01 00:00:00,736.0367399,219.9090619,188.6874502,151.2116549,65.6817723,68.6462807,23.3128087,6.0838684,12.5038428,440.0185728,131.7992081,112.3680058,91.6359341,40.1826569,38.998472,14.650031,3.8516859,6.532579,296.0181671,88.1098538,76.3194444,59.5757208,25.4991154,29.6478087,8.6627777,2.2321825,5.9712638,599.9495054,181.6320571,153.0524702,122.03152,54.9437849,54.5452837,20.0792846,4.8015766,8.8635285,391.4807837,116.9040264,99.8280362,82.3382083,36.015177,34.4958345,13.5586745,3.1799607,5.160866,208.4687218,64.7280307,53.224434,39.6933117,18.9286079,20.0494492,6.5206101,1.6216159,3.7026625,136.0872345,38.2770049,35.6349801,29.1801349,10.7379874,14.100997,3.2335241,1.2822918,3.6403143,48.5377892,14.8951817,12.5399696,9.2977258,4.1674799,4.5026374,1.0913565,0.6717252,1.371713,87.5494453,23.3818232,23.0950104,19.8824091,6.5705075,9.5983596,2.1421676,0.6105667,2.2686013,8.0602398,7.223715,8.2492845,9.0291272,9.0538575,7.5801751,10.2401231,6.6598934,7.1315035,8.4659912,7.5835352,8.6368255,9.6079781,9.7721865,7.5018267,11.3659385,7.401609,7.0426535,7.5242022,6.7449927,7.7380696,8.2633743,8.1139646,7.6857607,8.770900900000001,5.6780703,7.2313095,8.6198526,7.6796704,8.7933166,9.6198818,10.1317281,8.0645755,12.0180179,6.8881223,6.7938843,8.4205338,7.4901646,8.5691061,9.6429911,9.8669397,7.4125858,11.8017341,7.1088168,6.490436,9.0208348,8.0473956
1996-01-01 00:00:00,817.7147073,247.9550193,206.0185075,167.4932004,74.4106573,77.2912881,23.8900219,6.4914245,14.1645883,497.2690978,154.0225638,119.0296461,104.6833084,45.0665123,46.8342715,15.3241167,3.997478,8.3112011,320.4456095,93.9324556,86.9888614,62.8098919,29.3441451,30.4570166,8.5659052,2.4939465,5.8533872,663.8904462,201.4948718,166.176374,140.8805898,60.4757153,59.3258056,19.8808249,5.2270204,10.4292444,438.9737544,133.5896712,106.9520984,94.0494888,40.1966708,39.6863534,14.2576241,3.3703989,6.8714488,224.9166918,67.9052006,59.2242756,46.831101,20.2790445,19.6394522,5.6232008,1.8566215,3.5577956,153.8242611,46.4601476,39.8421335,26.6126106,13.934942,17.9654825,4.0091969,1.2644042,3.7353439,58.2953434,20.4328926,12.0775477,10.6338197,4.8698414,7.1479181,1.0664925,0.6270791,1.4397523,95.5289177,26.027255,27.7645858,15.9787909,9.0651006,10.8175644,2.9427044,0.6373251,2.2955916,9.1014612,8.2874977,9.1395708,10.2009049,10.3857412,8.6454288,10.7475813,7.0979844,8.2249725,9.6297292,8.9251453,9.2415013,11.0417687,11.0130786,9.0176303,11.8952858,7.6549823,8.984597,8.3874466,7.4184434,9.0036853,9.0520074,9.5502539,8.1294596,9.1655473,6.3566156,7.3434072,9.5807864,8.5244501,9.6833615,11.0078865,11.4248029,8.8180158,12.068723,7.3690208,7.902794,9.4663699,8.5247537,9.2824442,11.0048125,11.1891978,8.5663499,12.3633898,7.5330071,8.5144775,9.8122544,8.5238528
1996-02-01 00:00:00,839.7218402,253.9716072,225.0239022,161.9951368,76.2030555,77.9309376,22.9609437,6.5506346,15.0856226,483.737971,147.1619178,128.1783342,91.0591977,47.1989792,44.762086,14.0957517,3.7712984,7.510406,355.9838692,106.8096893,96.8455679,70.9359392,29.0040763,33.1688516,8.865192,2.7793362,7.5752166,670.8624007,205.5614653,177.9786979,133.1617029,61.3050733,59.0431315,18.3746747,5.6575795,9.7800757,429.5426799,130.5222147,111.6116267,83.6228027,42.398706,39.3373956,12.9280907,3.3486418,5.7732019,241.3197208,75.0392506,66.3670712,49.5389002,18.9063673,19.705736,5.4465841,2.3089378,4.0068737,168.8594395,48.4101419,47.0452043,28.8334339,14.8979823,18.8878061,4.586269,0.8930551,5.3055469,54.1952911,16.6397031,16.5667075,7.436395,4.8002732,5.4246904,1.1676611,0.4226566,1.7372041,114.6641485,31.7704387,30.4784968,21.397039,10.097709,13.4631157,3.4186079,0.4703985,3.5683429,9.2416,8.3948727,9.8390366,9.7908175,10.5406424,8.5865064,10.1743218,7.3420303,8.6721999,9.3255998,8.4983671,9.8371904,9.5859465,11.5083677,8.6129407,10.8184106,7.4370433,8.1816532,9.1298507,8.2563396,9.8414812,10.0670043,9.2718814,8.5510889,9.2944748,7.2169223,9.2202903,9.6799033,8.7717062,10.2706159,10.4548586,11.5065347,8.665501,11.0467635,7.9736226,7.5815475,9.2633188,8.4249399,9.5794637,9.8043062,11.6729786,8.4226086,11.1638589,7.5291993,7.2880682,10.522182,9.4481182
1996-03-01 00:00:00,799.1970913,254.4171147,199.729359,157.7861206,69.2028361,72.5290215,22.9016619,7.409686,15.2212915,466.9733824,149.0643164,114.2026679,93.0485676,42.2707028,41.9024138,14.0731517,3.6850473,8.7265149,332.223709,105.3527983,85.5266911,64.7375531,26.9321333,30.6266076,8.8285102,3.7246387,6.4947767,620.5187444,198.5191069,155.2860193,125.9963214,53.8830715,52.5122691,18.6465747,5.6465932,10.0287884,404.397625,128.6787221,99.8436356,79.9959038,37.5563169,35.3297894,13.1056031,3.1456262,6.7420278,216.1211194,69.8403847,55.4423837,46.0004176,16.3267545,17.1824797,5.5409716,2.500967,3.2867606,178.6783469,55.8980078,44.4433398,31.7897992,15.3197647,20.0167524,4.2550871,1.7630928,5.1925032,62.5757574,20.3855943,14.3590324,13.0526637,4.7143859,6.5726244,0.9675485,0.5394211,1.9844871,116.1025896,35.5124136,30.0843074,18.7371355,10.6053788,13.444128,3.2875386,1.2236717,3.2080161,8.8020822,8.3534985,8.8173938,9.5438709,9.6414396,8.0062532,10.2043029,7.9958084,8.708592,9.0561865,8.6344371,8.9114395,9.7921732,10.427097,8.0595536,10.9383367,7.1682405,9.3958304,8.4681067,7.9858554,8.6948676,9.2082625,8.6218214,7.9344611,9.2182152,9.026877,7.929327,9.0709072,8.5154455,9.1168553,10.061041,10.3657138,7.8412093,11.479137,7.7728973,7.7579501,8.8525601,8.4238416,8.7373425,9.4997602,10.5366394,7.6676844,11.5547497,7.108474,8.332589,9.5098028,8.6895465
1996-04-01 00:00:00,782.1743214,245.7856712,201.824069,157.4034843,70.5813216,63.6566,21.1675137,7.2522234,14.5034382,455.3725547,144.858979,113.4717597,90.9764843,43.2225797,38.1922038,13.5752266,2.9609694,8.1143522,326.8017666,100.9266922,88.3523093,66.427,27.3587419,25.4643962,7.5922871,4.2912541,6.389086,612.5810908,194.2387149,154.4766505,126.6901862,55.7740353,48.7123026,16.9757074,5.7639054,9.9495886,398.3748275,125.787203,98.3981881,80.5120772,38.6919582,33.5651307,12.1983557,2.5848173,6.6370973,214.2062633,68.4515119,56.0784624,46.1781089,17.0820771,15.1471719,4.7773518,3.1790881,3.3124913,169.5932306,51.5469563,47.3474185,30.7132981,14.8072863,14.9442975,4.1918063,1.4883181,4.5538496,56.9977272,19.071776,15.0735716,10.4644071,4.5306215,4.6270731,1.3768709,0.3761521,1.4772549,112.5955034,32.4751803,32.2738469,20.248891,10.2766648,10.3172243,2.8149353,1.112166,3.0765947,8.6617504,8.1586563,8.904338,9.517679,9.7966853,7.1334291,9.4710774,8.1125496,8.4553423,8.8404685,8.4096155,8.8395169,9.5553525,10.6339089,7.382396,10.6023655,6.0268151,8.8485819,8.42444,7.8235592,8.9889961,9.466562,8.7129387,6.7899861,7.9536399,10.6574759,8.0036066,8.9819314,8.3573317,9.066398,10.1099345,10.8383995,7.3187744,10.4521504,8.3903181,7.7897053,8.7279022,8.2075758,8.6366447,9.5113175,10.9740138,7.3064303,10.8699571,6.0887296,8.3624832,9.4959412,8.6472671
1996-05-01 00:00:00,758.0569203,234.5901826,189.9476038,154.7411524,69.5958976,67.6404547,21.8617515,5.6973149,13.9825629,438.8813011,136.7467,108.2431992,87.3098472,41.6000889,39.8157327,13.8517563,3.2373436,8.0766332,319.1756192,97.8434826,81.7044045,67.4313052,27.9958087,27.824722,8.0099952,2.4599713,5.9059297,594.9906891,182.023313,151.6157551,122.3257378,55.1922322,50.4488451,18.4216448,4.7748305,10.1883307,385.9107428,117.9774852,95.6838783,78.5750716,37.1885503,34.2679855,12.8987021,2.8237512,6.4953187,209.0799463,64.0458279,55.9318768,43.7506662,18.0036819,16.1808596,5.5229427,1.9510793,3.693012,163.0662312,52.5668696,38.3318487,32.4154146,14.4036654,17.1916096,3.4401067,0.9224844,3.7942322,52.9705584,18.7692149,12.559321,8.7347755,4.4115386,5.5477472,0.9530542,0.4135924,1.5813145,110.0956729,33.7976547,25.7725277,23.6806391,9.9921268,11.6438624,2.4870525,0.508892,2.2129177,8.3715257,7.7738522,8.3452036,9.3563022,9.7090021,7.4556243,9.8187108,6.413959,8.1312766,8.5142426,7.9266889,8.3846905,9.2194499,10.3647307,7.6565134,10.8521789,6.4105868,8.7767974,8.18292,7.5698624,8.2934599,9.5396525,8.8747041,7.185834,8.430361,6.4184023,7.388167,8.7171203,7.9226922,8.7987081,9.7663069,10.5938932,7.5069831,11.4004576,6.8590522,7.9500884,8.4412718,7.7389368,8.3162768,9.3286195,10.516717,7.3961758,11.3996517,6.3023505,8.1706647,9.2766572,8.2850713
1996-06-01 00:00:00,723.8099243,223.9356858,175.1947663,152.5121087,63.2756203,68.8772109,22.9566438,4.2799278,12.7779608,424.3065247,135.2890388,99.256272,87.2333434,39.0255401,39.1722476,14.6828546,2.3864309,7.2607974,299.5033996,88.646647,75.9384943,65.2787653,24.2500802,29.7049633,8.2737892,1.8934969,5.5171635,568.7068171,172.728782,134.6937354,123.0663322,52.7028123,53.3928072,19.3770802,3.4533764,9.2918914,373.2246722,116.5218018,86.6859927,77.2398616,35.3784664,35.3554832,13.74865,1.9729746,6.3214419,195.4821449,56.2069802,48.0077427,45.8264706,17.3243459,18.037324,5.6284302,1.4804018,2.9704495,155.1031072,51.2069038,40.5010309,29.4457765,10.572808,15.4844037,3.5795636,0.8265514,3.4860694,51.0818525,18.767237,12.5702793,9.9934818,3.6470737,3.8167643,0.9342046,0.4134563,0.9393555,104.0212547,32.4396668,27.9307516,19.4522947,6.9257342,11.6676394,2.645359,0.4130951,2.546714,8.0107443,7.4120376,7.7845399,9.1872193,8.8441105,7.6251082,10.2595324,4.7674863,7.4563731,8.2410527,7.8466601,7.7461054,9.1726234,9.7049481,7.544302,11.3888834,4.6844713,7.9851986,7.7056635,6.834311,7.835355,9.2067967,7.7393499,7.7343526,8.7242691,4.8763993,6.8586073,8.3736782,7.5216765,7.9515864,9.8268044,10.221192,7.9368071,11.9009933,4.8767558,7.3203464,8.1942684,7.6571592,7.599031,9.2088895,10.0517035,7.6281425,12.0542482,4.3874082,8.0032826,8.7389871,7.2555409
1996-07-01 00:00:00,727.3223828,222.7248383,183.4271673,149.1727735,64.7771238,63.9392567,23.631185,6.0602718,13.5897663,415.5190848,130.8295992,100.2331867,82.6613677,39.0761091,37.4949342,14.3874941,3.151284,7.6851099,311.803298,91.8952391,83.1939806,66.5114058,25.7010147,26.4443225,9.2436909,2.9089878,5.9046565,574.5376214,177.431815,140.7743009,117.2003,52.9855308,51.3944838,19.2481498,4.9002127,10.6028283,365.7011908,114.205723,86.7423859,74.718518,35.3088658,32.4767013,13.0433715,2.7431117,6.4625136,208.8364306,63.2260921,54.031915,42.481782,17.676665,18.9177825,6.2047783,2.157101,4.1403148,152.7847614,45.2930233,42.6528664,31.9724735,11.791593,12.5447729,4.3830352,1.1600591,2.986938,49.817894,16.6238763,13.4908008,7.9428497,3.7672433,5.0182329,1.3441226,0.4081723,1.2225963,102.9668674,28.6691471,29.1620656,24.0296238,8.0243497,7.52654,3.0389126,0.7518869,1.7643417,8.028352,7.3772829,8.1120273,8.9743757,9.0299108,7.0264491,10.5169151,6.4717471,7.9334808,8.0610062,7.5969566,7.8258203,8.6794189,9.7018437,7.1501023,11.1339849,6.156573,8.37254,7.985245,7.085589,8.4859398,9.3701246,8.1696394,6.8582792,9.6817413,6.8517239,7.426594,8.3528158,7.6191449,8.166461,9.3330686,10.1558579,7.513646,11.9393994,6.5914735,8.2353272,7.9898674,7.4529274,7.6057641,8.8560981,9.9950574,6.9334207,11.4531998,6.0498158,8.1160726,9.0746822,7.9389647
1996-08-01 00:00:00,763.6328692,238.1087574,195.3707601,154.7957795,66.0358857,67.8570843,22.1974095,4.607084,14.6601086,452.1023163,146.2619809,109.1529877,90.8365013,40.7836322,40.6040319,13.8016795,2.5157451,8.1457577,311.5305529,91.8467765,86.2177725,63.9592782,25.2522535,27.2530524,8.39573,2.0913389,6.5143509,608.929909,188.5172103,156.8771504,123.6912717,54.2532678,52.5882893,18.3816459,3.3007687,11.320305,398.8268017,127.4552523,96.0600076,81.5332236,36.3984107,36.033376,12.7980034,1.892043,6.6564851,210.1031073,61.061958,60.8171428,42.1580481,17.8548571,16.5549133,5.5836425,1.4087256,4.6638199,154.7029602,49.5915471,38.4936098,31.1045078,11.7826179,15.268795,3.8157636,1.3063153,3.3398036,53.2755146,18.8067287,13.0929801,9.3032776,4.3852215,4.5706559,1.0036761,0.6237021,1.4892726,101.4274456,30.7848185,25.4006297,21.8012301,7.3973964,10.6981391,2.8120876,0.6826133,1.850531,8.4570913,7.914989,8.6434547,9.3689261,9.2766963,7.4287398,10.0001183,5.02423,8.6410014,8.7850722,8.4696042,8.5064845,9.6200886,10.1775523,7.7831324,10.7614838,4.9593366,8.9960894,8.0224356,7.1675638,8.8233199,9.0339527,8.1164179,6.9567927,8.9582395,5.1045786,8.2345733,8.9321355,8.1685586,9.2035382,9.8622222,10.5616793,7.7710676,11.4028346,4.6187776,8.8672054,8.7671667,8.3573573,8.4566158,9.68324,10.4480219,7.8004527,11.303895,4.2774357,8.4965039,9.2629969,7.8007246
1996-09-01 00:00:00,785.3668098,243.4906661,211.5893019,152.4183731,67.7147672,67.908975,23.4171831,5.3344689,13.4930743,454.3192225,140.7630439,121.2301564,86.0588076,41.6998189,40.1620102,14.4193282,2.8355584,7.1504989,331.0475873,102.7276223,90.3591455,66.3595656,26.0149483,27.7469648,8.9978549,2.4989105,6.3425754,615.404057,187.3900684,167.1789071,119.2227437,54.488307,52.9337009,19.5498034,3.9123649,10.7281617,398.0953372,122.0975036,105.7460161,76.0605916,37.5424963,35.1546545,13.0301498,2.3928217,6.0711036,217.3087198,65.2925648,61.432891,43.1621521,16.9458107,17.7790463,6.5196537,1.5195432,4.657058,169.9627527,56.1005977,44.4103948,33.1956294,13.2264602,14.9752742,3.8673797,1.4221041,2.7649127,56.2238853,18.6655402,15.4841403,9.9982159,4.1573226,5.0073557,1.3891785,0.4427367,1.0793953,113.7388675,37.4350575,28.9262546,23.1974135,9.0691376,9.9679185,2.4782012,0.9793673,1.6855174,8.5754273,7.9863765,9.2091012,9.0527829,9.4305263,7.3975745,10.4624672,5.5502091,7.8320863,8.7414924,8.0882551,9.3458948,8.9861113,10.3720342,7.632788,11.1860777,5.3180581,7.8014078,8.357535,7.8508738,9.0317415,9.1407341,8.2326527,7.0816985,9.479747,5.8394624,7.8669632,8.9327012,8.0345227,9.7247163,9.3821978,10.48241,7.7517126,11.9621011,5.3580728,8.3774721,8.681074,7.9126128,9.2708662,8.9631429,10.7210418,7.5510827,11.4868054,5.1848352,7.7665204,9.4336263,8.2728745
1996-10-01 00:00:00,751.8673334,225.9268125,202.6962848,151.0485786,67.8380874,64.2056514,22.9739176,4.1974014,12.9805997,435.5433349,129.1192336,115.963477,88.2484213,41.4376038,37.5096011,13.5149692,2.2513163,7.4987126,316.3239985,96.8075788,86.7328078,62.8001574,26.4004836,26.6960503,9.4589485,1.9460851,5.4818871,586.8553239,173.8118086,159.3947469,116.9253004,55.3525077,49.205765,18.6203132,3.3206639,10.2242182,377.8851348,111.5124836,100.3349146,75.4535485,37.0342937,33.0389825,12.1583798,2.1476831,6.204849,208.9701891,62.299325,59.0598323,41.4717519,18.3182139,16.1667825,6.4619334,1.1729809,4.0193692,165.0120095,52.1150039,43.3015379,34.1232783,12.4855797,14.9998864,4.3536044,0.8767374,2.7563815,57.6582002,17.6067501,15.6285624,12.7948728,4.4033101,4.4706186,1.3565893,0.1036332,1.2938637,107.3538094,34.5082538,27.6729755,21.3284055,8.0822697,10.5292678,2.997015,0.7731042,1.4625178,8.2884595,7.4653392,8.8872917,9.0890813,9.5010683,7.0907945,10.3280306,4.5879475,7.6859862,8.4465045,7.4907092,8.9819098,9.2867889,10.3509509,7.1800509,10.6589971,4.3666687,8.3005771,8.0802841,7.4317677,8.7638566,8.8250703,8.4164202,6.9690689,9.8892929,4.8736531,6.9791231,8.565397,7.4843225,9.2913887,9.266731,10.6341647,7.2864702,11.574669,4.7636272,8.1508821,8.2831438,7.2954305,8.7885835,8.9402792,10.5345257,7.1353478,10.9131727,4.8266067,8.0105756,9.1278519,7.8480399
1996-11-01 00:00:00,722.8594813,210.6008163,200.6362724,141.3796564,65.4874327,65.9421102,21.8215399,4.3525504,12.6391031,423.5947921,129.1321818,114.3587969,78.9860048,41.527669,38.4506141,12.8123526,2.1315604,6.1956126,299.2646892,81.4686346,86.2774755,62.3936516,23.9597637,27.4914961,9.0091873,2.22099,6.4434906,576.8213739,163.0066459,163.9732648,112.7729268,54.070189,51.9178772,18.4580913,3.5698183,9.0525605,375.377088,113.3260399,102.2868317,70.6717429,37.1907577,33.6446279,11.5060062,1.8415493,4.9095323,201.4442859,49.680606,61.6864331,42.101184,16.8794313,18.2732494,6.9520851,1.728269,4.1430282,146.0381074,47.5941704,36.6630076,28.6067295,11.4172437,14.0242329,3.3634486,0.7827321,3.5865426,48.2177042,15.8061419,12.0719652,8.3142619,4.3369113,4.8059862,1.3063464,0.2900111,1.2860802,97.8204033,31.7880286,24.5910424,20.2924676,7.0803324,9.2182467,2.0571022,0.4927211,2.3004623,7.9986847,7.0298774,8.7615798,8.53977,9.2058174,7.2867765,9.8461479,4.840458,7.5204986,8.2439941,7.5462453,8.830467,8.3489683,10.3356102,7.4152549,10.1464996,4.2413217,6.957456,7.6754089,6.3420176,8.6719108,8.7941923,7.7394926,7.1143731,9.4483934,5.599619,8.1550716,8.4612122,7.0829701,9.517541,9.0417237,10.4706606,7.6982313,11.4844061,5.209273,7.20232,8.2439931,7.4255743,8.9308751,8.4291725,10.6054876,7.2876466,10.4359311,4.2520556,6.3314561,8.8981005,6.4085012
1996-12-01 00:00:00,786.889119,237.780228,209.7318521,154.8753837,70.7823929,69.4487547,25.329243,4.5619145,14.3793501,451.9669034,138.3268726,116.9192569,87.6123552,42.4952098,39.8157443,15.5276224,2.5801556,8.6896867,334.9222155,99.4533554,92.8125952,67.2630285,28.2871831,29.6330104,9.8016206,1.9817588,5.6896634,611.7425712,185.476608,161.9502279,118.0600572,58.1691929,54.5599406,20.1169117,3.3780714,10.0315615,387.8030649,117.9437195,100.6721845,75.7049662,37.9618178,33.5584277,13.6386784,2.1011591,6.2221117,223.9395064,67.5328885,61.2780434,42.355091,20.2073752,21.0015129,6.4782333,1.2769122,3.8094499,175.1465478,52.30362,47.7816242,36.8153265,12.6132,14.8888141,5.2123313,1.1838431,4.3477886,64.1638386,20.383153,16.2470724,11.907389,4.533392,6.2573166,1.888944,0.4789965,2.467575,110.9827092,31.920467,31.5345518,24.9079375,8.0798079,8.6314975,3.3233874,0.7048466,1.8802136,8.5361898,7.7313436,9.067083,9.1757082,9.7296874,7.4749647,11.2881284,5.0904352,8.40118,8.6342047,7.878201,8.9390572,9.1060489,10.4197923,7.5073839,11.9980333,5.1923835,9.5070037,8.4073962,7.5359573,9.2336771,9.2680561,8.8492236,7.4318436,10.3207254,4.9635529,7.1338648,8.7670278,7.8093311,9.3107387,9.2481303,10.973421,7.8388137,12.32444,4.8269911,7.8740318,8.3672028,7.5468032,8.7059271,8.8729364,10.6111947,7.1628242,12.0065201,4.7874728,7.9111507,9.5579523,8.3144645
1997-01-01 00:00:00,833.1217712,248.7322477,207.9990473,178.7396579,74.6574954,76.1292426,24.8881648,6.7471999,15.2287156,488.3166496,146.824942,121.7073799,104.0920519,46.2363856,41.9357102,14.7315081,3.8979764,8.8906955,344.8051217,101.9073056,86.2916674,74.6476061,28.4211099,34.1935324,10.1566566,2.8492235,6.3380201,667.8744156,200.6567571,167.8063109,141.9973694,60.2200139,60.0031561,20.4562643,5.5791006,11.1554434,424.0235823,128.9426896,105.2848077,88.8839784,39.722251,37.2851264,13.4003648,3.5279408,6.9764237,243.8508332,71.7140675,62.5215032,53.113391,20.4977629,22.7180297,7.0558995,2.0511598,4.1790197,165.2473557,48.0754906,40.1927364,36.7422886,14.4374816,16.1260866,4.4319005,1.1680993,4.0732722,64.2930673,17.8822525,16.4225721,15.2080735,6.5141345,4.6505838,1.3311434,0.3700356,1.9142718,100.9542884,30.1932381,23.7701643,21.5342151,7.923347,11.4755028,3.1007571,0.7980637,2.1590004,9.187152,8.2209802,9.1825431,10.7710524,10.415874,8.2516842,11.1414886,7.7539177,9.043275,9.3862481,8.4082076,9.3797577,10.8898042,11.436309,7.9102109,11.5116086,7.904847,9.7576329,8.9192195,7.9654337,8.9180789,10.6097185,9.0955745,8.7129754,10.6450663,7.556532,8.2010591,9.634482,8.4958349,9.7144773,11.2082846,11.4636706,8.6744156,12.688239,8.0759953,8.6692565,9.1834679,8.2653817,9.1340253,10.5253632,11.1949146,7.9241355,11.9483507,8.0777993,8.8422722,10.5340739,8.9442239
1997-02-01 00:00:00,886.8586258,278.3675099,228.6440267,176.4026577,75.5354262,79.7717735,25.9099535,6.3060579,15.9212203,502.6202277,157.007866,129.0590135,100.7843214,45.351532,42.6133726,15.1741865,3.7416482,8.8882876,384.2383981,121.3596439,99.5850132,75.6183363,30.1838942,37.1584009,10.735767,2.5644097,7.0329327,697.6675667,216.0755712,180.6652626,144.2350815,60.5921155,58.327691,21.9415505,5.1503774,10.679917,441.7969404,138.8664111,110.1449012,91.0797161,40.7545343,37.021608,14.1239191,3.5709792,6.2348714,255.8706263,77.20916,70.5203614,53.1553654,19.8375812,21.3060829,7.8176314,1.5793982,4.4450457,189.1910591,62.2919387,47.9787641,32.1675762,14.9433107,21.4440826,3.968403,1.1556805,5.2413033,60.8232874,18.1414549,18.9141123,9.7046053,4.5969976,5.5917646,1.0502674,0.170669,2.6534162,128.3677718,44.1504839,29.0646518,22.4629709,10.3463131,15.852318,2.9181356,0.9850115,2.5878871,9.6626154,9.1124304,9.946328,10.4679511,10.399081,8.5900298,11.6918437,6.9629103,9.2407848,9.6533911,9.0069436,9.9139653,10.558515,11.1634719,8.0231382,11.895143,7.2730735,9.7920905,9.6747082,9.2526256,9.9885848,10.3496352,9.429019,9.3474517,11.4160684,6.5550389,8.6269441,10.0475725,9.184561,10.3875228,11.2954611,11.554488,8.4741801,13.3235352,7.4079145,8.3466135,9.550794,8.9456782,9.5108009,10.6963726,11.4869041,7.8417093,12.3581993,7.9074294,8.0473724,11.038986,9.647938
1997-03-01 00:00:00,823.7247357,248.5008003,214.0772867,173.3766224,71.7564584,74.0258662,23.1229918,5.375975,13.4887351,477.0590438,144.2834209,122.0673428,104.800471,42.2622778,39.011601,13.5352341,2.6313324,8.4673637,346.6656919,104.2173793,92.0099439,68.5761514,29.4941806,35.0142651,9.5877577,2.7446426,5.0213713,636.8033747,193.2302317,164.1299565,137.1511547,56.2676142,55.0032485,18.676919,3.7025813,8.6416688,409.4074852,124.0892905,102.7282778,90.2160457,38.131197,34.0573544,12.21379,2.1964461,5.7750837,227.3958895,69.1409412,61.4016787,46.935109,18.1364172,20.9458941,6.4631291,1.5061352,2.8665851,186.9213611,55.2705686,49.9473303,36.2254677,15.4888442,19.0226177,4.4460727,1.6733937,4.8470662,67.6515586,20.1941305,19.339065,14.5844254,4.1310808,4.9542466,1.3214441,0.4348863,2.69228,119.2698025,35.0764382,30.6082653,21.6410423,11.3577634,14.0683711,3.1246286,1.2385074,2.1547862,8.9816342,8.1274525,9.3290959,10.3237203,9.8354811,7.9975899,10.4682083,5.8112859,7.8895521,9.1658969,8.272007,9.3772855,10.9818545,10.3498585,7.372412,10.6874659,5.1715645,9.46917,8.7398501,7.9354665,9.2659232,9.4575422,9.1816229,8.8320473,10.1735616,6.593192,6.1574705,9.2894832,8.2305225,9.617327,10.9493872,10.9136532,8.1139045,11.8708089,5.230155,6.8266929,8.9436191,7.9874791,9.0028372,10.8039594,10.8775451,7.2991318,11.1008798,4.9652963,7.5390299,9.9846657,8.7059557
1997-04-01 00:00:00,785.1125851,236.9207756,205.324726,164.4343089,71.5599349,65.3505358,22.9188522,5.6920173,12.9114343,453.4847408,136.9332383,114.9554036,97.3112225,43.7245075,35.7559606,14.607542,3.0271523,7.169714,331.6278443,99.9875373,90.3693224,67.1230864,27.8354274,29.5945752,8.3113102,2.664865,5.7417203,615.5348998,184.9459569,157.0490588,133.5874379,57.1933232,50.650566,19.4465228,4.5369661,8.1250681,391.1780074,119.416915,96.1641495,84.4460299,38.7772279,31.1822524,13.5327731,2.6819561,4.9767035,224.3568924,65.5290419,60.8849092,49.1414081,18.4160954,19.4683136,5.9137497,1.85501,3.1483646,169.5776853,51.9748187,48.2756673,30.846871,14.3666117,14.6999698,3.4723294,1.1550512,4.7863662,62.3067334,17.5163233,18.7912541,12.8651927,4.9472796,4.5737082,1.0747689,0.3451962,2.1930104,107.2709519,34.4584954,29.4844132,17.9816783,9.4193321,10.1262616,2.3975605,0.809855,2.5933557,8.6009808,7.7796327,8.9631225,9.8385539,9.9081039,7.1266872,10.4818408,6.1768026,7.565828,8.7538385,7.8665356,8.896919,10.2554706,10.7817532,6.7842041,11.6324802,5.9496519,7.992271,8.4003949,7.6636878,9.0487749,9.2909758,8.789357,7.5895957,8.9294555,6.4568304,7.0932272,9.0202208,7.9331173,9.2433542,10.7324415,11.0510498,7.4736342,12.3289707,6.4110714,6.4940362,8.5979685,7.777514,8.4748732,10.1624649,11.0085141,6.680481,12.2832502,6.1312632,6.5779489,9.8649255,8.2332989
1997-05-01 00:00:00,774.9469481,237.3470323,202.7702066,163.2751555,69.5339569,62.4579082,21.7933521,5.2349479,12.5343886,449.7292176,139.2278541,114.0434953,93.5021811,43.090749,37.380144,12.9472339,3.2787002,6.25886,325.2177304,98.1191782,88.7267113,69.7729744,26.4432079,25.0777642,8.8461182,1.9562477,6.2755286,609.0268716,188.5645836,159.2946813,128.7921812,56.6869749,45.8049799,17.5657379,4.4818158,7.8359171,395.3646484,124.2236717,100.4586363,82.2201968,39.2744533,30.3334635,11.7011861,3.0581156,4.0949252,213.6622232,64.3409119,58.836045,46.5719844,17.4125216,15.4715165,5.8645518,1.4237002,3.7409919,165.9200765,48.7824487,43.4755253,34.4829743,12.8469821,16.6529283,4.2276143,0.7531321,4.6984715,54.3645692,15.0041824,13.584859,11.2819843,3.8162958,7.0466806,1.2460479,0.2205845,2.1639348,111.5555073,33.7782663,29.8906663,23.20099,9.0306863,9.6062477,2.9815664,0.5325475,2.5345367,8.5110993,7.8322385,8.8797238,9.7531423,9.6933985,6.828601,9.9937213,5.5392462,7.2625512,8.7022159,8.0552226,8.8475388,9.8582946,10.6317095,7.0627364,10.3942934,6.1799092,6.9587397,8.2602357,7.5362179,8.9214378,9.6156962,8.4745977,6.5070636,9.4601318,4.7192716,7.5931813,8.940498,8.1562886,9.3748779,10.3096404,10.9748801,6.7368478,11.1553851,6.2738258,6.2007579,8.6906841,8.1414049,8.8241091,9.8599079,11.1760939,6.4657878,10.6970571,6.7412888,5.4006743,9.4427616,8.1851793
1997-06-01 00:00:00,735.2092682,215.0542998,201.8718768,146.0590958,67.1091952,64.1832807,23.1990136,4.907679,12.8248274,427.5022884,124.1878183,118.0805637,84.3635258,40.4618661,36.4875224,14.0427053,2.752981,7.1253057,307.7069798,90.8664814,83.7913131,61.69557,26.6473292,27.6957583,9.1563082,2.154698,5.6995216,587.2598261,175.561763,160.588841,115.5412651,54.1363742,49.3411474,19.4150946,4.2607256,8.4146152,376.8565157,112.5640828,102.7462763,74.3556424,36.0967549,30.7191231,12.8065091,2.5036075,5.0645196,210.4033104,62.9976802,57.8425647,41.1856227,18.0396193,18.6220242,6.6085855,1.757118,3.3500956,147.9494421,39.4925368,41.2830357,30.5178307,12.972821,14.8421333,3.7839189,0.6469535,4.4102121,50.6457727,11.6237356,15.3342874,10.0078834,4.3651112,5.7683993,1.2361962,0.2493735,2.0607861,97.3036694,27.8688012,25.9487484,20.5099473,8.6077098,9.073734,2.5477227,0.39758,2.349426,8.0963095,7.1751892,8.8064819,8.7156657,9.3227335,7.0095056,10.8589832,5.1432938,7.5040346,8.2858234,7.2396314,9.1493169,8.8758341,9.9800242,6.8786435,11.4106057,5.1162229,7.8974562,7.8469602,7.0889487,8.364779,8.50578,8.4751802,7.189705,10.1094495,5.1783011,7.0640953,8.6686385,7.6375324,9.4432201,9.4033539,10.3949298,7.3453018,12.4937592,5.8881064,6.6638785,8.3142391,7.3897744,9.0761986,8.9933855,10.2284311,6.5788048,11.7477168,5.445923,6.6841798,9.3851716,8.1242238
1997-07-01 00:00:00,731.4210942,230.6186658,190.6373691,143.5833027,67.0220586,60.5699831,23.7838755,4.0908416,11.1149978,435.7254792,140.0376878,111.5296033,85.2224431,39.835266,35.9373014,14.9319865,2.1955952,6.0355959,295.695615,90.580978,79.1077658,58.3608596,27.1867926,24.6326817,8.851889,1.8952464,5.0794019,588.2103264,185.758304,151.9200657,118.0645927,54.7302559,47.2190808,19.1137592,3.3370392,8.067229,386.9764213,125.5361286,97.7155075,75.8886564,36.4465726,30.9208051,13.4430176,2.0665404,4.9591931,201.2339051,60.2221754,54.2045582,42.1759363,18.2836833,16.2982757,5.6707416,1.2704987,3.1080358,143.2107678,44.8603618,38.7173034,25.5187099,12.2918028,13.3509023,4.6701163,0.7538025,3.0477689,48.7490579,14.5015593,13.8140958,9.3337867,3.3886935,5.0164963,1.4889689,0.1290547,1.0764028,94.4617099,30.3588026,24.9032076,16.1849233,8.9031093,8.334406,3.1811474,0.6247477,1.9713661,8.0320487,7.6002146,8.3647883,8.5503587,9.3601686,6.6015089,11.0377054,4.3408182,6.5256217,8.4192015,8.0941396,8.6743083,8.9065019,9.8433085,6.7766807,11.9674164,4.1786449,6.6805842,7.5223286,6.9450181,7.9641396,8.0786348,8.7321632,6.3615996,9.7588333,4.5451711,6.3505832,8.5686316,7.9521487,8.8978084,9.3602031,10.5115179,6.8784286,12.4582817,4.6577883,6.3127601,8.4510912,8.143843,8.6227267,8.9489598,10.2914696,6.5624929,12.3124681,4.6391197,6.4212246,8.8041055,7.5802084
1997-08-01 00:00:00,743.4329501,222.0451093,197.6609406,153.8020413,66.0367862,62.5525083,23.3991086,4.6912556,13.2452003,432.9222825,130.6114808,113.0689659,88.7980982,40.1885777,36.2859771,13.7727444,2.7869182,7.4095202,310.5106676,91.4336286,84.5919747,65.0039431,25.8482084,26.2665312,9.6263642,1.9043374,5.8356801,594.3901812,180.2011174,155.1085299,125.4128223,53.6681388,47.8651441,19.4115547,3.6474967,9.0753774,384.9877404,116.1635727,98.4888068,80.4716189,37.2754145,32.1696856,12.776226,2.237773,5.4046429,209.4024407,64.0375447,56.6197231,44.9412034,16.3927243,15.6954584,6.6353286,1.4097237,3.6707345,149.042769,41.843992,42.5524107,28.389219,12.3686474,14.6873642,3.987554,1.0437589,4.1698228,47.9345421,14.4479081,14.5801591,8.3264793,2.9131633,4.1162915,0.9965184,0.5491452,2.0048773,101.1082269,27.3960839,27.9722516,20.0627396,9.4554841,10.5710728,2.9910356,0.4946137,2.1649455,8.2661166,7.4803014,8.8013487,9.2053998,9.2660454,6.8021714,10.8958566,5.1234761,7.7835043,8.4648305,7.7175202,8.8808501,9.3560678,9.925279,6.8470902,11.1801798,5.4777008,8.1635528,8.0041425,7.1656691,8.6972805,9.0072544,8.3987202,6.7410789,10.5133298,4.6805253,7.3491014,8.8212012,7.9047508,9.2843715,10.0199895,10.4933092,7.0576508,12.6779042,5.4275948,7.1851529,8.5442674,7.7196408,8.8163739,9.637231,10.5516433,6.8615364,11.8302438,5.3221403,7.041698,9.3801557,8.2642273
1997-09-01 00:00:00,744.6723833,227.6991231,201.1634807,146.4152394,67.6327485,60.8586801,23.6082963,4.522466,12.7723492,442.768659,137.8986082,117.8981715,85.4157293,40.4998802,38.2790287,12.7240729,3.3093805,6.7437877,301.9037243,89.8005149,83.2653092,60.9995101,27.1328683,22.5796513,10.8842234,1.2130855,6.0285615,588.4290927,182.9768154,154.5556674,114.6107891,55.2896526,48.7504287,20.0777014,3.6644703,8.503568,380.8074068,119.7512976,97.3590758,74.2807805,36.8977475,32.8426232,12.05807,2.7386041,4.8792082,207.621686,63.2255178,57.1965916,40.3300087,18.3919051,15.9078056,8.0196314,0.9258661,3.6243598,156.2432906,44.7223078,46.6078134,31.8044503,12.3430959,12.1082514,3.5305949,0.8579957,4.2687812,61.9612523,18.1473106,20.5390958,11.1349488,3.6021328,5.4364056,0.6660029,0.5707764,1.8645795,94.2820383,26.5749972,26.0687176,20.6695015,8.7409632,6.6718458,2.864592,0.2872194,2.4042017,8.077874,7.4059305,8.7266417,8.61127,9.3586219,6.5197781,10.8979984,4.874348,7.3768447,8.4920468,7.8776958,9.1191122,8.9322898,9.8945904,7.1405394,10.2112853,6.3328855,7.3268789,7.5386477,6.7822243,8.225392,8.1986747,8.6585471,5.6823203,11.8278865,2.9935085,7.4335522,8.5538425,7.7811936,9.0798858,9.1483894,10.6778885,7.0338183,12.8697405,4.7840806,6.5850858,8.3052452,7.6927502,8.643944,8.8806678,10.3863964,6.8856837,11.0928763,5.8386628,6.264979,9.0507324,7.9544061
1997-10-01 00:00:00,692.0659114,224.6753676,174.8348534,138.2660144,64.805054,50.0752406,24.1913388,2.8539248,12.3641179,403.4458891,129.8312247,96.7894521,83.2444411,40.2975119,28.7285735,14.6919206,2.1023507,7.7604146,288.6200223,94.8441429,78.0454013,55.0215733,24.5075422,21.3466671,9.4994182,0.7515741,4.6037033,554.4933171,182.1271892,137.4452927,109.4110267,53.8569445,40.151722,20.1618406,1.9475312,9.3917703,354.031214,114.8679877,83.3967385,71.4541361,37.1158077,25.8117518,13.4771218,1.5134282,6.3942422,200.462103,67.2592015,54.0485542,37.9568906,16.7411368,14.3399702,6.6847188,0.434103,2.9975281,137.5725944,42.5481784,37.3895607,28.8549878,10.9481096,9.9235186,4.0294982,0.9063936,2.9723476,49.4146751,14.963237,13.3927136,11.790305,3.1817042,2.9168217,1.2147988,0.5889225,1.3661724,88.1579193,27.5849415,23.9968471,17.0646828,7.7664054,7.0066969,2.8146994,0.3174711,1.6061752,7.6073718,7.4529948,7.7124327,8.1114248,9.031723,5.4861348,11.1487196,3.0385179,7.2714688,7.8037804,7.5354279,7.5759531,8.6099421,9.8971319,5.4590221,11.717774,3.9872916,8.5303079,7.348829,7.3430341,7.8886771,7.4580982,7.8963995,5.5230513,10.3698534,1.8242705,5.8229445,8.1283846,7.7907549,8.1769159,8.742035,10.457229,5.9663517,12.7363252,2.5288121,7.3255621,7.7726258,7.4391235,7.4703105,8.5070555,10.4864715,5.5684583,12.1526202,3.1143878,8.2552628,8.8432228,8.4748991
1997-11-01 00:00:00,690.7709965,214.2680306,170.4624264,143.3481003,65.8848447,57.9369371,23.073151,3.8396113,11.957895,408.2572623,129.8919156,96.3859619,83.5445096,40.1518759,34.4517321,14.7083167,2.3758546,6.7470959,282.5137342,84.3761151,74.0764645,59.8035907,25.7329688,23.485205,8.3648343,1.4637567,5.2107991,556.4788128,173.2986001,135.9366268,114.9228927,54.6748871,46.3191756,18.9919882,3.5397071,8.7949352,358.7800077,113.1269304,84.2359703,73.8972306,37.3428821,29.5006613,13.3290362,2.3758546,4.9714422,197.6988051,60.1716697,51.7006566,41.025662,17.332005,16.8185143,5.662952,1.1638525,3.823493,134.2921836,40.9694306,34.5257996,28.4252076,11.2099576,11.6177615,4.0811628,0.2999043,3.1629598,49.4772546,16.7649852,12.1499916,9.647279,2.8089939,4.9510707,1.3792804,0,1.7756537,84.8149291,24.2044454,22.3758079,18.7779287,8.4009638,6.6666907,2.7018823,0.2999043,1.3873061,7.5470544,7.0218106,7.4954006,8.427885,9.1247673,6.3048437,10.6446728,3.9390614,6.9895952,7.8629411,7.446537,7.5367742,8.7090916,9.8616351,6.4703847,11.7987541,4.3667726,7.4130672,7.1329499,6.4550291,7.4422418,8.0641365,8.1720038,6.0767751,9.0825546,3.3987328,6.5082015,8.1353094,7.4266245,8.0716977,9.1478178,10.5197916,6.8075295,12.1831532,4.4121372,6.7573781,7.8570968,7.3162253,7.4946718,8.8133712,10.5397,6.2959155,12.3259958,4.8012147,6.4429168,8.6939822,7.6434665
1997-12-01 00:00:00,720.4636632,216.8949183,184.2049438,145.9801456,67.5000279,62.8919833,25.796906,4.5937131,12.6010252,421.3177116,129.0223711,104.0583137,85.7647941,40.5059613,35.6221153,17.1656357,2.1236787,7.0548419,299.1459515,87.8725472,80.1466302,60.2153515,26.9940666,27.269868,8.6312703,2.4700344,5.5461833,575.7409155,177.8285012,139.9050862,117.8266346,56.1787737,50.414115,20.78686,3.4979716,9.3029733,361.7075377,112.9075848,83.4803549,73.6371111,36.9856035,31.1423441,15.4141665,1.983952,6.1564209,214.0333778,64.9209165,56.4247313,44.1895235,19.1931702,19.2717708,5.3726934,1.5140196,3.1465525,144.7227477,39.066417,44.2998576,28.1535111,11.3212542,12.4778683,5.010046,1.0957416,3.2980519,59.6101739,16.1147863,20.5779588,12.1276831,3.5203578,4.4797712,1.7514691,0.1397267,0.898421,85.1125737,22.9516307,23.7218989,16.025828,7.8008964,7.9980971,3.2585769,0.9560149,2.3996309,7.7795918,7.0447644,7.9507025,8.5282431,9.2898183,6.7132194,11.6740757,4.6974578,7.3534489,8.0079884,7.3450551,7.96267,8.8334432,9.8328121,6.5833841,13.4375143,3.8693971,7.7333361,7.4791601,6.6458244,7.9352181,8.128249,8.5789307,6.8907389,9.2578535,5.7566494,6.920986,8.2779627,7.5424268,8.1410779,9.203379,10.5781035,7.2234573,12.975081,4.3567381,7.2043499,7.8252538,7.2230571,7.3613549,8.7117307,10.2675982,6.4959201,13.765068,3.9717446,7.8632174,9.1749821,8.1707342
1998-01-01 00:00:00,770.0699041,232.78708,198.3769022,154.97876,73.8059448,68.2851936,23.0370966,4.8093309,13.989596,451.1575585,136.7348541,113.0255677,92.193993,43.9683214,39.7851466,14.8744798,2.6075133,7.9676825,318.9123456,96.0522259,85.3513345,62.7847671,29.8376234,28.500047,8.1626168,2.2018175,6.0219135,630.3207797,193.5226452,156.9592018,127.9646167,61.3605485,56.7283052,19.265139,3.4912138,11.0291094,400.0912181,123.8717036,96.6712103,82.176107,39.6798247,35.1958893,13.4539234,2.0233458,7.0192139,230.2295616,69.6509416,60.2879915,45.7885097,21.6807238,21.5324159,5.8112156,1.467868,4.0098955,139.7491244,39.2644348,41.4177004,27.0141434,12.4453963,11.5568884,3.7719575,1.3181171,2.9604866,51.0663404,12.8631505,16.3543574,10.017886,4.2884967,4.5892573,1.4205563,0.5841676,0.9484686,88.6827841,26.4012843,25.063343,16.9962574,8.1568996,6.9676311,2.3514012,0.7339495,2.012018,8.4578496,7.695937,8.7419018,9.1618313,10.3443685,7.3551278,10.6854238,5.1307186,8.3303811,8.6384505,7.8291532,8.7689758,9.4822991,10.8009505,7.3931667,11.7548656,4.972133,8.775912,8.2148854,7.5139328,8.7063056,8.7286534,9.7377824,7.3026767,9.1658416,5.3321216,7.80604,9.0870845,8.2330283,9.1465219,10.0374908,11.6033417,8.0756444,12.1453001,4.6322442,8.5040261,8.643874,7.9374241,8.4769117,9.6271331,11.0741386,7.3368387,12.2142643,4.2882852,8.9241206,9.97599,8.8170074
1998-02-01 00:00:00,794.682036,249.0354117,195.0583431,164.3097279,71.1813215,70.1805839,23.5808424,6.6365064,14.6992992,455.3306367,145.1053197,108.8191164,92.6824186,43.0297113,38.5972175,14.7084731,4.3111943,8.0771859,339.3513993,103.930092,86.2392267,71.6273092,28.1516102,31.5833664,8.8723693,2.3253121,6.6221133,634.054726,195.3992984,154.6675311,132.7924033,58.2430205,57.2940799,20.238773,4.6155913,10.8040286,395.5378063,125.8181728,92.7009865,80.4894423,37.8729802,33.9340698,13.8562909,3.487844,7.3780199,238.5169197,69.5811256,61.9665446,52.302961,20.3700403,23.3600102,6.3824821,1.1277473,3.4260087,160.62731,53.6361133,40.390812,31.5173246,12.9383009,12.886504,3.3420695,2.0209151,3.8952706,59.7928304,19.2871469,16.1181299,12.1929763,5.1567311,4.6631478,0.8521822,0.8233503,0.6991659,100.8344796,34.3489664,24.2726821,19.3243483,7.7815699,8.2233563,2.4898873,1.1975648,3.1961046,8.6306448,8.2053404,8.4628917,9.5082176,9.9245877,7.4901966,10.80973,7.1439992,8.4255139,8.6947254,8.336728,8.348927,9.5084219,10.5557562,7.1641664,11.5742848,8.2037808,8.7653738,8.5461329,8.0286776,8.6112132,9.5079533,9.0934906,7.9312932,9.7428214,5.76358,8.0450431,9.1426277,8.3819287,8.912074,10.3631281,11.118415,8.2368115,12.6544395,6.1820243,8.1202729,8.5602764,8.0993848,8.071215,9.4726252,10.7286979,7.1061918,12.5293707,7.4136677,9.1339516,10.3052077,8.9462508
1998-03-01 00:00:00,757.876651,234.9354304,197.8457885,146.5058776,69.6618596,66.1942438,23.0462216,6.3306921,13.3565375,437.6005605,136.331726,109.9135202,85.8704702,40.6979903,38.2325221,14.158586,4.2287247,8.167021,320.2760904,98.6037044,87.9322683,60.6354074,28.9638693,27.9617217,8.8876356,2.1019674,5.1895165,604.8155125,191.9855868,153.0996937,117.1947364,57.7068782,52.2982158,19.1363899,4.6081359,8.7858758,380.6784934,120.6256393,92.7893741,74.2095191,36.9466227,33.0530538,13.3343488,3.6506584,6.0692772,224.1370191,71.3599476,60.3103196,42.9852174,20.7602554,19.245162,5.802041,0.9574775,2.7165985,153.0611385,42.9498436,44.7460948,29.3111412,11.9549815,13.896028,3.9098317,1.7225561,4.5706617,56.9220672,15.7060867,17.1241462,11.6609512,3.7513676,5.1794683,0.8242372,0.5780663,2.0977438,96.1390713,27.2437569,27.6219486,17.65019,8.2036139,8.7165596,3.0855945,1.1444898,2.4729179,8.2218502,7.6906827,8.5329277,8.5647336,9.7762426,7.0876551,10.4935742,6.7096978,7.704085,8.3686228,7.824973,8.4151516,8.8767686,10.0481325,7.1227217,11.2138983,7.95186,8.8712946,8.0294392,7.512426,8.6848637,8.1585887,9.4181544,7.0402631,9.5194449,5.1052937,6.3825143,8.7899533,8.2482005,8.9011399,9.3285657,11.0878437,7.5586907,12.0840874,6.0716425,6.7454165,8.29697,7.8086749,8.1288051,8.834516,10.5202863,6.9606791,12.169301,7.601196,7.7547292,9.7765587,9.1155075
1998-04-01 00:00:00,702.9068089,209.4217815,186.6080174,143.3578528,64.6222423,61.8920505,20.4685923,4.7166887,11.8195833,400.0853028,120.2013934,103.8339305,81.2382637,37.5089943,35.0953207,12.8038316,2.7988686,6.6047,302.8215061,89.2203882,82.7740869,62.1195892,27.113248,26.7967298,7.6647607,1.9178201,5.2148834,556.0290398,165.7585344,145.2166581,112.7479088,54.5934145,48.9575293,16.953939,3.255778,8.5452776,349.9364731,104.2574502,88.587442,71.2831407,34.8017744,31.3499604,11.8650604,2.2508486,5.5407963,206.0925667,61.5010842,56.6292161,41.4647681,19.7916401,17.6075689,5.0888785,1.0049295,3.0044813,146.8777691,43.6632471,41.3913593,30.609944,10.0288278,12.9345212,3.5146533,1.4609107,3.2743057,50.1488297,15.9439431,15.2464885,9.955123,2.7072199,3.7453603,0.9387712,0.5480201,1.0639036,96.7289394,27.719304,26.1448708,20.6548211,7.3216079,9.1891608,2.5758821,0.9128906,2.2104021,7.6379274,6.8834144,8.0521423,8.3554519,9.1101198,6.6213985,9.2954676,5.0423383,6.9779083,7.6779955,6.9386476,7.9580932,8.4304204,9.2905565,6.5384662,10.1156108,5.2465076,7.3663605,7.5856265,6.8103776,8.1733105,8.259399,8.8717526,6.7332495,8.1866837,4.7713585,6.54105,8.1186681,7.1772589,8.4488249,8.9214154,10.5984951,7.160852,10.8231341,4.3371029,6.7709683,7.659153,6.8000918,7.7787257,8.4772195,9.9665599,6.6154421,10.9246767,4.7391107,7.2156255,9.0395235,7.9221378
1998-05-01 00:00:00,711.1953804,218.9359835,183.5070029,139.7188421,68.2487223,64.3865572,20.0240555,4.5671962,11.8070206,419.1892049,130.9593634,106.8582378,82.1168259,40.321903,37.0699786,12.1884064,2.8968044,6.7776855,292.0061754,87.9766201,76.6487651,57.6020162,27.9268194,27.3165786,7.8356491,1.6703918,5.0293351,580.1696427,182.3166968,148.5787989,112.5127293,57.4429687,50.7013513,17.2964681,3.33246,7.9881696,369.698617,115.1805078,93.3395672,72.6031788,36.7519127,32.2961951,11.7270987,2.4082539,5.3919029,210.4710256,67.136189,55.2392318,39.9095506,20.691056,18.4051562,5.5693694,0.9242061,2.5962666,131.0257377,36.6192867,34.928204,27.2061128,10.8057536,13.6852059,2.7275874,1.2347362,3.818851,49.4905879,15.7788556,13.5186706,9.5136472,3.5699903,4.7737835,0.4613077,0.4885505,1.3857826,81.5351498,20.8404312,21.4095334,17.6924656,7.2357634,8.9114224,2.2662797,0.7461857,2.4330684,7.735652,7.2033073,7.9417799,8.1777365,9.6857907,6.8220898,9.0951007,4.809374,6.8796051,8.0392275,7.5532419,8.1581579,8.5539775,10.0549333,6.8596075,9.7016817,5.4288949,7.5101673,7.3378742,6.7385871,7.6585932,7.6952185,9.1982192,6.7718279,8.288955,4.0148382,6.1803115,8.4962814,7.9049009,8.6931021,9.0001826,11.184942,7.3398833,11.1850425,4.415728,6.2204842,8.0956592,7.4998943,8.17944,8.7323906,10.5305852,6.7802029,10.8789756,5.0931757,6.9232474,9.3051165,8.7120417
1998-06-01 00:00:00,702.7840789,215.4362538,177.2383157,143.216974,66.0101628,65.8100132,21.2825181,3.7593979,10.0304435,419.9072739,133.0464508,101.660252,82.5121755,38.2401789,41.532669,13.6808444,2.5357321,6.6989712,282.8768051,82.389803,75.5780637,60.7047984,27.769984,24.2773442,7.6016737,1.2236658,3.3314723,571.2442311,175.437288,141.3464155,115.402801,55.9697408,53.6636167,18.4487435,3.2695218,7.7061039,375.8015885,118.4570277,91.1496064,73.6462846,35.3512773,36.1803395,13.031346,2.238997,5.7467101,195.4426425,56.9802603,50.1968091,41.7565163,20.6184635,17.4832772,5.4173975,1.0305248,1.9593939,131.5398479,39.9989659,35.8919002,27.814173,10.040422,12.1463965,2.8337746,0.4898761,2.3243396,44.1056853,14.5894231,10.5106456,8.8658909,2.8889016,5.3523295,0.6494984,0.2967351,0.9522611,87.4341626,25.4095428,25.3812546,18.9482821,7.1515205,6.794067,2.1842762,0.193141,1.3720784,7.622749,7.0461229,7.6631513,8.3275271,9.4063514,6.9699719,9.7888109,4.0229355,5.8127365,8.0415323,7.6380505,7.8107941,8.5210074,9.5368764,7.6708342,11.0483836,4.7975777,7.3712848,7.0757587,6.2624092,7.4731416,8.0782078,9.2323534,6.0277859,8.1223031,3.0143489,4.078665,8.351373,7.5626986,8.3356271,9.1495825,10.9015481,7.7388504,11.9671439,4.4040381,6.0143405,8.211125,7.6692669,8.0533192,8.7455421,10.1246247,7.5884805,12.1728134,4.8062505,7.3055213,8.634965,7.3503647
1998-07-01 00:00:00,686.71768,205.089719,171.9136938,142.9224509,65.8486596,62.238261,22.3018333,4.7660345,11.637028,412.6331136,121.6947092,98.4894327,86.7430651,40.6130626,38.5213311,15.479457,3.7117234,7.3803325,274.0845664,83.3950098,73.4242611,56.1793857,25.235597,23.7169299,6.8223763,1.0543111,4.2566955,564.628546,170.3296907,138.3436158,117.549732,55.6691274,50.4368597,18.9495484,4.0827229,9.2672492,371.8021869,112.6572097,87.5851573,77.6595421,36.9660193,33.7148577,14.1424413,3.0284118,6.0485475,192.8263592,57.6724809,50.7584584,39.8901899,18.7031081,16.722002,4.8071071,1.0543111,3.2187017,122.0891339,34.7600283,33.570078,25.3727188,10.1795322,11.8014013,3.3522848,0.6833116,2.3697789,40.8309268,9.0374994,10.9042754,9.083523,3.6470433,4.8064734,1.3370156,0.6833116,1.331785,81.2582072,25.7225289,22.6658027,16.2891958,6.5324889,6.9949279,2.0152692,0,1.0379939,7.4411983,6.6718576,7.4542741,8.3546501,9.3971622,6.5783886,10.1678793,4.9363885,6.6503105,7.8993072,6.9758384,7.5916408,8.9718401,10.0821087,7.1401637,12.4645254,6.6674291,7.9542719,6.8436828,6.2729664,7.2776352,7.5524495,8.4709902,5.8329902,7.1702755,2.5790684,5.1784479,8.147775,7.201636,8.0843665,9.2387806,10.7089659,7.2404354,12.2006309,5.1797083,7.1000948,8.071159,7.2412473,7.7269729,9.1438778,10.4261955,7.0554385,13.1283274,6.196656,7.6588754,8.2996865,7.1254963
1998-08-01 00:00:00,690.2203426,210.4733366,175.8549152,137.3451643,67.8892384,60.3647449,23.9344388,3.6666048,10.6918996,416.6618931,128.6411191,101.3985872,84.560641,39.7190049,37.6573827,15.6041271,2.939731,6.1413003,273.5584495,81.8322175,74.456328,52.7845234,28.1702335,22.7073622,8.3303117,0.7268738,4.5505993,556.2040241,172.9999644,135.0647505,110.4148683,58.471976,48.7521067,19.5453934,3.1677592,7.7872055,363.9810521,111.3752838,85.9775906,74.6240362,36.5377358,33.7845893,14.5565754,2.554783,4.570458,192.222972,61.6246806,49.08716,35.7908321,21.9342401,14.9675173,4.9888181,0.6129763,3.2167475,134.0163185,37.4733721,40.7901647,26.9302961,9.4172624,11.6126383,4.3890454,0.4988455,2.9046941,52.680841,17.2658352,15.4209966,9.9366048,3.1812691,3.8727933,1.0475517,0.384948,1.5708423,81.3354775,20.2075369,25.3691681,16.9936913,6.2359933,7.7398449,3.3414937,0.1138975,1.3338518,7.5471415,6.9958882,7.6151874,8.0971025,9.6378325,6.4003576,10.9542639,3.8550781,6.2791034,8.0534663,7.5019813,7.8619298,8.8196497,9.8432436,6.9940691,12.6382861,5.4152906,6.7687551,6.887592,6.3251114,7.3030478,7.1577032,9.3623596,5.6105291,8.7662435,1.7804499,5.7206165,8.1635908,7.5255351,7.9455032,8.826205,11.2905452,7.0542421,12.6852328,4.1353076,6.2881501,8.0126054,7.3122431,7.6535584,8.8927869,10.3875768,7.1209478,13.6325763,5.2507583,6.0669434,8.4656523,7.9443441
1998-09-01 00:00:00,716.0703934,220.0805703,183.6283026,145.8736031,67.7404496,61.7448859,21.6918551,4.6985236,10.6122033,418.9755448,127.8949413,101.7306275,86.2156998,41.7124518,37.7428273,14.3950349,3.1713256,6.1126367,297.0948486,92.185629,81.8976751,59.6579033,26.0279979,24.0020586,7.2968202,1.527198,4.4995665,568.8957837,174.0863403,140.1001306,114.8654902,59.5688889,49.1402399,18.792889,4.2500936,8.0917111,366.864865,112.6240944,85.0385993,74.8272118,39.2049934,33.5630232,13.5845572,2.9210349,5.1013508,202.0309187,61.4622459,55.0615313,40.0382784,20.3638955,15.5772167,5.2083319,1.3290587,2.9903602,147.1746097,45.99423,43.5281719,31.0081129,8.1715607,12.604646,2.898966,0.44843,2.5204922,52.1106798,15.2708469,16.6920281,11.388488,2.5074584,4.179804,0.8104777,0.2502907,1.0112859,95.06393,30.723383,26.8361438,19.6196249,5.6641024,8.4248419,2.0884883,0.1981393,1.5092063,7.6427696,7.0509082,7.8044777,8.4342125,9.4468431,6.4446668,9.9015597,4.6984433,6.1945132,7.9257434,7.2622406,7.720315,8.7965813,10.2024887,6.8921751,11.6551707,5.6240516,6.7170956,7.2764025,6.777292,7.9116122,7.9603139,8.4445113,5.8476181,7.6352593,3.5016972,5.6023993,8.1852423,7.3400805,8.1188218,9.0413333,11.2928472,7.0855375,12.2124096,5.235828,6.4020924,7.9280322,7.206525,7.4371013,8.8223234,10.9063029,6.9885766,12.7999011,5.819571,6.62626,8.6976464,7.5981068
1998-10-01 00:00:00,640.4187194,187.6814999,164.3686963,137.0436581,60.8145466,55.8868467,22.2545322,2.7327439,9.6361957,373.8797056,104.7110657,95.3632082,78.3854474,38.0025742,35.4651879,13.9597016,1.6778007,6.3147199,266.5390138,82.9704342,69.0054881,58.6582107,22.8119724,20.4216588,8.2948306,1.0549432,3.3214758,504.535653,146.7485164,125.235345,108.0898494,50.3415905,46.8579077,18.7092329,2.0012284,6.5519827,326.9274952,93.4904913,79.7749793,67.6277409,34.0431939,32.9483906,12.9567695,1.3465862,4.7393436,177.6081577,53.2580252,45.4603657,40.4621085,16.2983965,13.9095171,5.7524634,0.6546422,1.8126392,135.8830664,40.9329834,39.1333513,28.9538086,10.4729562,9.028939,3.5452994,0.7315156,3.0842129,46.9522104,11.2205745,15.5882289,10.7577065,3.9593803,2.5167973,1.0029322,0.3312145,1.5753763,88.930856,29.712409,23.5451224,18.1961022,6.5135759,6.5121417,2.5423672,0.4003011,1.5088366,6.9298585,6.1184414,7.1505022,7.9209211,8.5666877,5.8989848,10.1483675,2.7801846,5.660375,7.1594183,6.0304844,7.3826466,8.0092256,9.4275433,6.5513181,11.2547088,3.0131273,6.9186031,6.6315903,6.2331768,6.8527149,7.8059145,7.4355962,5.0293038,8.7078047,2.4757777,4.2061074,7.3491163,6.2921494,7.3728072,8.4864575,9.7634752,6.7980504,12.0631236,2.627061,5.2603352,7.1480008,6.0818425,7.0948216,7.9216313,9.6992038,6.927828,12.0879342,2.8006233,6.1944232,7.750519,6.6987763
1998-11-01 00:00:00,665.3496727,210.7530717,168.2907077,130.7386873,64.6743185,57.07409,20.2573937,3.9769992,9.5844046,389.1073916,122.0876625,93.9893877,75.6694735,40.031411,35.5942315,12.8582371,2.5488606,6.3281276,276.2422811,88.6654091,74.3013199,55.0692138,24.6429075,21.4798585,7.3991566,1.4281386,3.256277,525.6763511,164.2587083,130.3590309,101.3574295,55.9675244,46.2394016,17.2555779,3.2971197,6.9415587,342.250814,105.4700178,81.4225641,65.6937415,38.4061354,31.8575198,12.1500329,2.3049643,4.9458383,183.4255371,58.7886905,48.9364669,35.6636881,17.5613891,14.3818818,5.105545,0.9921554,1.9957203,139.6733216,46.4943633,37.9316767,29.3812578,8.706794,10.8346885,3.0018158,0.6798795,2.6428459,46.8565776,16.6176447,12.5668237,9.975732,1.6252757,3.7367117,0.7082042,0.2438963,1.3822893,92.816744,29.8767186,25.3648531,19.4055258,7.0815184,7.0979768,2.2936116,0.4359832,1.2605566,7.2166521,6.8963254,7.3218023,7.5749721,9.0695327,6.0531035,9.3626731,4.1065557,5.6373812,7.4666689,7.0227571,7.2925247,7.7662891,9.8682003,6.6239652,10.5140636,4.7133757,7.0130549,6.8916082,6.7295052,7.3591763,7.3269585,8.0156854,5.2966804,7.8657735,3.339273,4.0814858,7.6743911,7.0794745,7.7173099,7.9423881,10.760735,6.7309012,11.2014233,4.2941762,5.4964769,7.4960504,6.8691976,7.2755819,7.7013643,10.7849437,6.758512,11.3791795,4.8679349,6.4561837,8.0308971,7.4908635
1998-12-01 00:00:00,659.091475,195.3707144,163.0380832,138.1657843,62.9193321,63.3480725,23.3862919,3.1027982,9.7603984,387.2899901,114.58717,93.3679275,78.994037,38.5579479,39.7211301,13.9918635,2.0012548,6.0686594,271.8014849,80.7835444,69.6701557,59.1717472,24.3613842,23.6269425,9.3944284,1.1015434,3.691739,525.3095575,157.5814079,123.8756184,112.8976957,53.4046696,49.7390865,18.668883,2.7503683,6.3918281,337.0631633,102.0300931,77.6422927,69.302541,35.3672596,34.0956922,12.1290092,1.8368044,4.6594712,188.2463943,55.5513148,46.2333257,43.5951548,18.03741,15.6433943,6.5398738,0.913564,1.7323569,133.7819174,37.7893065,39.1624647,25.2680885,9.5146625,13.6089861,4.7174089,0.3524299,3.3685703,50.2268268,12.5570769,15.7256347,9.691496,3.1906883,5.6254379,1.8628543,0.1644505,1.4091882,83.5550907,25.2322297,23.43683,15.5765925,6.3239742,7.9835482,2.8545546,0.1879795,1.9593821,7.04486,6.2989778,7.003104,7.9075258,8.6623558,6.5862562,10.5859835,3.2026571,5.6522193,7.3346943,6.5378596,7.1442304,7.9864882,9.3588523,7.229289,11.205278,3.7159411,6.6386328,6.6693384,5.9886032,6.8224918,7.8045133,7.7495381,5.729481,9.7808696,2.5601771,4.5426561,7.5197937,6.6604412,7.2011115,8.6750995,10.1319183,7.0517537,11.8813621,3.5224377,4.8984655,7.2935876,6.5628022,6.8586068,8.0423598,9.8839468,7.0964051,11.2043232,3.8434265,5.9283582,7.9619406,6.8475541
1999-01-01 00:00:00,702.5281191,213.1203826,171.9812403,142.7004568,70.0774533,67.2212933,22.8672402,3.4592253,11.1008273,415.4453431,128.3565333,100.4726371,80.4798798,41.8629914,40.4624684,15.4458732,2.0168859,6.348074,287.082776,84.7638493,71.5086032,62.220577,28.2144619,26.7588249,7.4213671,1.4423394,4.7527533,570.8151952,175.8852603,136.9756025,114.3302193,59.5456773,52.6299391,20.5556858,2.8715446,8.0212664,367.2889769,115.4167739,85.7496124,71.0033622,38.3593848,35.9053673,13.9540382,1.7449433,5.1554948,203.5262184,60.4684864,51.2259902,43.326857,21.1862925,16.7245718,6.6016476,1.1266013,2.8657716,131.7129239,37.2351223,35.0056378,28.3702375,10.531776,14.5913543,2.3115544,0.5876807,3.0795609,48.1563663,12.9397594,14.7230248,9.4765176,3.5036067,4.5571011,1.4918349,0.2719425,1.1925792,83.5565576,24.2953629,20.2826131,18.8937199,7.0281694,10.0342531,0.8197195,0.3157382,1.8869817,7.652854,7.0033422,7.5370754,8.2897826,9.857483,7.113664,10.5740455,3.7240093,6.5838888,7.9356017,7.3469564,7.7582407,8.2300377,10.3013547,7.4550176,12.4434216,3.8456792,7.0926787,7.2776092,6.5401525,7.2468133,8.368359,9.2651397,6.6530255,8.0553757,3.5662359,6.0082224,8.2203695,7.4807542,7.9921452,8.8150582,11.3806075,7.542178,13.0375608,3.8509029,6.2366993,7.9756135,7.4219061,7.6098899,8.2673653,10.8450566,7.4969617,12.9724331,3.7859979,6.5996217,8.7023077,7.5957086
1999-02-01 00:00:00,735.7690122,224.8931027,189.5139899,144.6546799,65.7111267,72.791491,22.8368557,3.341727,12.0260393,418.5843148,125.5901066,106.3606148,83.1541446,38.6118632,41.6226845,15.3178809,1.8016681,6.1253523,317.1846973,99.3029962,83.1533752,61.5005353,27.0992635,31.1688065,7.5189748,1.540059,5.9006869,568.4922358,173.2167313,145.1391867,111.6637224,54.7322789,54.4337076,19.1531766,2.6994627,7.4539697,363.0434343,108.2507324,91.8634147,73.6444232,35.1254509,34.3505397,13.5955991,1.511095,4.7021792,205.4488016,64.9659989,53.275772,38.0192992,19.606828,20.0831679,5.5575775,1.1883676,2.7517905,167.2767763,51.6763715,44.3748032,32.9909575,10.9788478,18.3577834,3.6836791,0.6422643,4.5720695,55.5408805,17.3393742,14.4972,9.5097214,3.4864123,7.2721448,1.7222818,0.290573,1.4231731,111.7358958,34.3369973,29.8776031,23.4812361,7.4924356,11.0856386,1.9613973,0.3516913,3.1488965,7.918099,7.3116795,8.1673213,8.3377335,9.1544624,7.632333,10.5110916,3.4055106,6.9042847,7.9518387,7.1695875,8.1199898,8.463196,9.4671831,7.6740146,12.3119114,3.3136059,6.741021,7.8740089,7.4996588,8.2286728,8.173896,8.7429734,7.5773725,8.098048,3.5197146,7.0823461,8.1846779,7.3818155,8.360398,8.7138716,10.4366659,7.8279273,12.2703371,3.5509403,5.739022,7.848158,6.9938016,7.966108,8.5317434,9.9194488,7.2119328,12.7049151,3.2533003,6.0434249,8.8556733,8.1337299
1999-03-01 00:00:00,683.5448656,211.2622981,168.7476357,135.9679282,63.1321069,66.3702049,21.7051586,4.9783495,11.3811839,381.3512961,115.3969,94.1672177,73.6775852,36.7760626,38.1141435,14.1546085,2.6628416,6.401937,302.1935696,95.8653982,74.5804179,62.2903429,26.3560442,28.2560614,7.5505501,2.3155079,4.9792469,512.2945947,156.6550851,126.8878202,103.4620864,50.5556242,46.431117,17.4396611,3.6399388,7.223262,320.9485169,95.6484109,80.0979103,62.8427831,32.2028079,30.901808,12.653043,2.0135972,4.5881566,191.3460778,61.0066742,46.78991,40.6193034,18.3528163,15.529309,4.7866181,1.6263416,2.6351053,171.250271,54.6072131,41.8598155,32.5058417,12.5764827,19.9390879,4.2654975,1.3384107,4.1579219,60.4027792,19.7484891,14.0693075,10.8348022,4.5732547,7.2123355,1.5015655,0.6492444,1.8137804,110.8474918,34.858724,27.790508,21.6710396,8.0032279,12.7267524,2.763932,0.6891663,2.3441415,7.3480196,6.8279724,7.2949442,7.8539595,8.7611583,6.9586707,9.9821102,4.9880341,6.604081,7.2495071,6.5491858,7.2190332,7.5687363,9.0296735,7.0250698,11.4087767,4.810511,7.0159378,7.4762247,7.19674,7.3931025,8.2203697,8.412109,6.8710694,8.0864497,5.2091019,6.1406128,7.4562302,6.728473,7.4261941,8.1202222,9.7014874,6.8328311,11.2854968,4.6725143,5.7057949,7.0045863,6.2103215,7.0373385,7.4032553,9.0657546,6.5700894,11.9885039,4.1977039,6.0593995,8.360415,7.74109
1999-04-01 00:00:00,652.7793847,198.9147066,170.233409,130.9550769,56.3075501,65.1358636,18.4321737,3.3102071,9.4903977,375.0370229,108.9195253,102.2491703,74.8207506,33.3112334,36.081264,12.0074343,1.3794,6.268245,277.7423618,89.9951813,67.9842387,56.1343263,22.9963166,29.0545996,6.4247394,1.9308071,3.2221528,503.6718783,151.2252227,129.582825,103.7792794,46.2606224,48.1896679,14.8813628,2.5432399,7.2096582,321.1242663,91.3803854,86.0336877,65.0812166,30.2196116,31.28089,10.6737432,1.1640041,5.2907277,182.547612,59.8448373,43.5491372,38.6980628,16.0410108,16.9087779,4.2076196,1.3792358,1.9189305,149.1075064,47.6894839,40.6505841,27.1757975,10.0469277,16.9461957,3.5508109,0.7669672,2.2807395,53.9127566,17.5391399,16.2154826,9.7395341,3.0916219,4.800374,1.3336911,0.2153959,0.9775172,95.1947498,30.150344,24.4351015,17.4362635,6.9553058,12.1458217,2.2171198,0.5515713,1.3032223,7.0307116,6.4781094,7.3536443,7.5022494,7.919509,6.8219685,8.4501328,3.3395955,5.5636887,7.1417256,6.2313761,7.8051463,7.6369515,8.3042418,6.6350122,9.7120187,2.4853927,6.994601,6.8861728,6.8041755,6.7650685,7.3299247,7.4214505,7.0693367,6.7990969,4.4264549,3.9798352,7.3419129,6.5077594,7.6410337,8.0813831,9.0379825,6.9926257,9.6825402,3.3484797,5.7328945,7.0203113,5.9385344,7.5930152,7.6175544,8.7210388,6.6042779,10.1679931,2.4806354,6.9644503,7.9854253,7.6235668
1999-05-01 00:00:00,649.0186814,187.2738875,170.3293569,138.8261809,60.7366624,58.3167557,19.9322596,3.3165415,10.2870369,375.8515821,103.4882361,103.1763927,78.5305657,34.9375659,34.8791405,12.9488276,1.8873269,6.0035268,273.1670993,83.7856515,67.1529642,60.2956152,25.7990965,23.4376152,6.983432,1.4292146,4.2835101,493.5694644,143.3321522,127.3314974,105.9107767,46.1169227,46.1463146,16.043207,2.3591394,6.3294543,318.648958,88.7177391,84.6278326,67.5135466,29.4997315,30.7591693,11.9447409,1.4750722,4.1111258,174.9205064,54.6144131,42.7036648,38.3972301,16.6171912,15.3871453,4.0984662,0.8840672,2.2183285,155.4492169,43.9417353,42.9978595,32.9154042,14.6197397,12.1704411,3.8890525,0.9574021,3.9575825,57.2026241,14.7704969,18.5485601,11.0170191,5.4378345,4.1199711,1.0040867,0.4122547,1.8924009,98.2465929,29.1712384,24.4492994,21.898385,9.1819053,8.0504699,2.8849658,0.5451474,2.0651816,7.0122193,6.1071766,7.4157442,7.9844929,8.4773849,6.1669559,9.1856426,3.2913818,5.9230524,7.183672,5.93677,7.947006,8.0499187,8.5987227,6.4884061,10.4730633,3.3939295,6.5339931,6.7892686,6.3316552,6.7250068,7.9008585,8.3184237,5.7435032,7.4805697,3.1650946,5.2367873,7.2356539,6.1918632,7.5687538,8.345093,8.9650334,6.747519,10.3712379,3.1343069,4.9928942,6.993686,5.7845804,7.5042526,7.9509734,8.5117861,6.5496297,11.2578806,3.1289598,5.3924605,7.722368,6.9915104
1999-06-01 00:00:00,600.5734614,172.6662585,157.1818709,131.0592606,52.2305909,58.0114186,18.8686094,3.0092858,7.5461667,348.5769043,98.0222846,92.4357031,73.5379315,29.5504944,36.7483511,12.3087757,1.2602033,4.7131608,251.9965571,74.643974,64.7461679,57.5213291,22.6800965,21.2630675,6.5598337,1.7490825,2.833006,477.8439372,137.6369127,127.0328526,101.1282162,42.5076623,46.6909732,15.581459,2.4981644,4.7676968,308.2525705,86.503125,83.1634403,63.4488356,26.6541378,32.4904915,11.0996483,1.2602033,3.6326887,169.5913667,51.1337877,43.8694124,37.6793805,15.8535245,14.2004817,4.4818107,1.2379611,1.1350082,122.7295242,35.0293458,30.1490183,29.9310444,9.7229286,11.3204454,3.2871504,0.5111214,2.7784699,40.3243339,11.5191595,9.2722628,10.0890958,2.8963565,4.2578596,1.2091274,0,1.0804721,82.4051904,23.5101863,20.8767555,19.8419486,6.826572,7.0625858,2.078023,0.5111214,1.6979978,6.4760354,5.6197103,6.8059277,7.5136643,7.3101295,6.1261703,8.7607522,3.0903437,4.3540591,6.6442041,5.6136886,7.060813,7.4890129,7.3254842,6.8319446,10.0339924,2.3521036,5.1460425,6.2569716,5.6276376,6.472364,7.5454172,7.2902197,5.198105,7.0759675,3.9933986,3.4664977,6.9798665,5.9209912,7.5209977,7.8698167,8.3826863,6.7881517,10.2006565,3.3025797,3.8416272,6.7531063,5.6533086,7.3431564,7.3818759,7.7278089,6.9123243,10.5371523,2.6750436,4.8421156,7.4335606,6.4365709
1999-07-01 00:00:00,575.4814914,166.2432911,154.7329751,122.2695838,50.1295268,52.5138929,17.9372358,3.3202391,8.3347468,337.3188126,95.6417979,87.2274924,72.0146744,28.4727605,33.7390241,12.7543744,1.7381129,5.730576,238.1626788,70.6014932,67.5054827,50.2549094,21.6567664,18.7748687,5.1828614,1.5821262,2.6041708,445.538255,132.9367963,114.75438,95.6235706,38.5651564,40.9345762,14.8872449,2.1195141,5.7170165,291.7341834,81.2775304,76.7890973,62.0077289,24.9867718,29.1368965,11.5091504,1.4554669,4.5715412,153.8040716,51.6592659,37.9652827,33.6158417,13.5783846,11.7976797,3.3780945,0.6640472,1.1454753,129.9432364,33.3064948,39.9785951,26.6460132,11.5643704,11.5793167,3.0499909,1.200725,2.6177303,45.5846291,14.3642675,10.438395,10.0069456,3.4859886,4.6021276,1.2452241,0.282646,1.1590348,84.3586073,18.9422273,29.5402,16.6390677,8.0783818,6.977189,1.8047668,0.918079,1.4586956,6.1998798,5.3872746,6.6865209,7.0512794,7.0251075,5.5179556,8.3901384,3.5068808,4.7778841,6.4265661,5.4308548,6.7088875,7.3632794,7.0931494,6.2545274,10.3902761,3.2678929,6.1786466,5.9048785,5.3293413,6.6578396,6.6476403,6.9376125,4.5541608,5.6931672,3.8132463,3.1876268,6.4511263,5.6316343,6.7449362,7.4401709,7.5668273,5.9053531,9.7440399,2.8473073,4.4252201,6.341214,5.2224247,6.7657414,7.1868108,7.2570629,6.1717142,10.8488708,3.1662263,5.8571826,6.6704308,6.4235333
1999-08-01 00:00:00,619.6948093,196.4037231,156.5097575,124.2262209,56.2355621,56.2333573,18.0913747,2.8142093,9.1806044,363.3023557,112.1329561,91.3668494,72.3867031,34.047029,34.9217959,11.5577103,0.8439903,6.0453216,256.3924536,84.270767,65.1429081,51.8395178,22.1885332,21.3115614,6.5336644,1.970219,3.1352828,468.8461308,148.7418311,114.2236418,93.5790799,44.8856161,43.5023019,15.8696969,1.9316214,6.1123418,305.8896342,94.3069463,76.1381966,59.3265928,30.0614538,29.655257,11.2238628,0.6084953,4.5688295,162.9564966,54.4348848,38.0854451,34.252487,14.8241623,13.8470449,4.6458341,1.3231261,1.5435123,150.8486785,47.661892,42.2861157,30.647141,11.3499461,12.7310554,2.2216778,0.8825879,3.0682626,57.4127215,17.8260099,15.2286528,13.0601102,3.9855751,5.2665389,0.3338475,0.235495,1.4764921,93.435957,29.8358821,27.0574629,17.5870308,7.3643709,7.4645165,1.8878303,0.6470929,1.5917705,6.7187837,6.40995,6.8430123,7.2102085,7.8514052,5.9307461,8.5468887,2.8225944,5.2939964,6.9526229,6.3981955,7.0841108,7.4466366,8.4093957,6.4684007,9.6147363,1.5427881,6.6179837,6.4131488,6.4256579,6.5312477,6.9041213,7.125882,5.2197929,7.1434461,4.3785167,3.8203238,6.868787,6.4034557,6.7839401,7.4145961,8.8076691,6.3108092,10.2523264,2.5272966,4.8162141,6.6981445,6.1098265,6.7458373,6.9681289,8.7100287,6.3274038,10.4739851,1.2887243,6.0924252,7.2137618,6.9850298
1999-09-01 00:00:00,668.8212084,213.5830261,167.7472296,136.1532267,54.9918014,63.2399679,20.1210231,3.7071491,9.2777845,386.304722,123.4732848,95.2903624,76.2602358,31.6165497,38.8365245,13.1779167,1.8122834,5.8375647,282.5164864,90.1097413,72.4568672,59.8929909,23.3752518,24.4034434,6.9431064,1.8948657,3.4402198,501.6565239,158.1785607,123.8706024,101.4502015,42.1513131,50.3148587,16.6878442,2.8194955,6.1836478,320.4124512,98.1487938,79.4897872,64.3346875,26.8570708,33.924078,11.9836203,1.4691016,4.2053119,181.2440727,60.0297669,44.3808152,37.1155141,15.2942422,16.3907807,4.7042239,1.3503939,1.9783358,167.1646844,55.4044653,43.8766272,34.7030251,12.8404884,12.9251092,3.4331789,0.8876535,3.0941368,65.8922708,25.324491,15.8005753,11.9255483,4.7594789,4.9124465,1.1942964,0.3431817,1.6322528,101.2724137,30.0799744,28.076052,22.7774768,8.0810095,8.0126627,2.2388825,0.5444718,1.461884,7.0805553,6.7525052,7.1788208,7.7445335,7.5840819,6.5466075,9.2467898,3.6565998,5.2110175,7.2729864,6.873788,7.2782066,7.7941241,7.7964431,7.066672,10.6915569,3.2102262,6.2963577,6.8333365,6.593103,7.0521744,7.6822968,7.3146013,5.8602538,7.3592941,4.2174702,4.0317432,7.1988855,6.6248514,7.258416,7.8250188,8.2283869,7.1842491,10.5498685,3.5887633,4.8140476,6.9040219,6.2193857,6.9866516,7.4294315,7.7725939,7.0629406,11.0750668,2.9688251,5.5605999,7.7868139,7.4152594
1999-10-01 00:00:00,600.3002602,172.7464496,143.7827772,135.9781305,57.6756574,58.3950999,19.5639877,3.2568652,8.9012927,348.0504819,101.8992597,81.4919971,73.8989889,35.4607376,36.6826945,12.1281776,1.7127168,4.7759098,252.2497783,70.84719,62.2907801,62.0791416,22.2149199,21.7124054,7.4358101,1.5441485,4.1253828,461.5104024,137.137968,108.1459807,104.271283,44.8470256,43.3246864,15.3285918,2.6490929,5.805774,295.1705434,87.7319793,67.6594046,62.1975772,31.5271691,30.410722,10.6931235,1.4953235,3.4552441,166.339859,49.4059886,40.4865761,42.0737058,13.3198565,12.9139644,4.6354683,1.1537694,2.3505299,138.7898578,35.6084817,35.6367965,31.7068475,12.8286318,15.0704135,4.2353959,0.6077723,3.0955187,52.8799386,14.1672803,13.8325925,11.7014117,3.9335684,6.2719725,1.4350541,0.2173933,1.3206657,85.9099193,21.4412013,21.804204,20.0054358,8.8950634,8.798441,2.8003418,0.390379,1.774853,6.4165067,5.5407066,6.237286,7.7420044,7.9790084,6.0889707,9.0318718,3.291875,4.9786261,6.6079469,5.7571401,6.2961392,7.5807397,8.6836057,6.6877287,9.9310254,3.1070973,5.0847666,6.169872,5.2564823,6.1619324,7.9431513,7.0640568,5.2889593,7.8697119,3.5243465,4.8611523,6.6535949,5.7566526,6.4197837,8.0437203,8.747651,6.2247188,9.8225595,3.4146584,4.438535,6.4118967,5.5895583,6.0332591,7.2454469,9.0949113,6.3979814,10.0139226,3.141653,4.4472842,7.1305607,6.079369
1999-11-01 00:00:00,565.6957447,157.4570892,141.0653947,123.0998258,52.1162316,59.7857272,20.2608133,2.6948591,9.2158038,326.7199563,91.1585547,81.2798203,65.6446181,32.0395935,36.8715827,12.9876235,1.6481636,5.09,238.9757884,66.2985345,59.7855745,57.4552077,20.0766382,22.9141445,7.2731898,1.0466955,4.1258038,445.7423614,126.9775424,106.7660911,97.2599802,42.9663265,47.5773998,15.7767849,2.0607243,6.3575121,284.6922103,78.7100738,69.4206214,56.7400162,29.2469037,33.473641,11.5038096,1.4124842,4.1846605,161.0501511,48.2674687,37.3454698,40.519964,13.7194229,14.1037589,4.2729753,0.6482401,2.1728515,119.9533833,30.4795468,34.2993036,25.8398456,9.1499051,12.2083274,4.4840283,0.6341347,2.8582917,42.0277461,12.448481,11.8591989,8.904602,2.7926897999999998,3.3979417,1.4838138,0.2356794,0.9053394,77.9256373,18.0310659,22.4401047,16.9352436,6.3572153,8.8103857,3.0002145,0.3984554,1.9529523,6.0636051,5.0922618,6.1365603,7.0091029,7.2187601,6.1899345,9.202301,2.7650681,5.2131046,6.2376039,5.2008008,6.3163753,6.7101845,7.9344372,6.747854,10.547385,3.0629533,5.4810677,5.8408507,4.9502146,5.9079069,7.3849722,6.3104075,5.4631036,7.4954132,2.3978599,4.9165662,6.4478529,5.3768534,6.3656145,7.5319462,8.3693171,6.7527702,9.9985363,2.6928432,4.8646199,6.1950899,5.0551118,6.2059763,6.5861391,8.417696,7.0030893,10.6160308,2.9838169,5.423066,6.9490464,5.9995409
1999-12-01 00:00:00,625.7150634,183.297303,154.1673681,139.7904957,57.3962994,58.3430851,19.6287028,4.3835185,8.7082909,366.1793792,110.2007976,88.8002985,77.9701776,33.72686,35.3830872,12.6632464,2.1884791,5.246433,259.5356842,73.0965054,65.3670696,61.8203181,23.6694395,22.959998,6.9654564,2.1950394,3.4618579,484.4515509,144.0496929,111.5264855,112.2764308,44.985433,45.4150591,16.1574593,3.5025394,6.5384509,308.5611221,92.5618054,70.8336042,67.4890445,29.5245031,30.6514379,11.019,2.0562746,4.4254525,175.8904289,51.4878876,40.6928813,44.7873863,15.4609299,14.7636212,5.1384593,1.4462648,2.1129985,141.2635125,39.24761,42.6408826,27.514065,12.4108664,12.9280261,3.4712435,0.8809791,2.16984,57.6182572,17.6389922,17.9666943,10.4811332,4.2023569,4.7316493,1.6442464,0.1322045,0.8209805,83.6452553,21.6086178,24.6741883,17.0329318,8.2085095,8.1963767,1.8269971,0.7487746,1.3488594,6.5682269,5.7820834,6.5288476,7.8661983,7.7109908,5.979698,8.7897869,4.4934852,4.9205988,6.8409775,6.1289031,6.714239,7.8827808,8.0837963,6.3999087,10.0548767,4.0139827,5.6748947,6.2184232,5.327578,6.2928039,7.8453831,7.2355192,5.430238,7.1535023,5.101022,4.0955952,6.8315488,5.9209682,6.4173889,8.5530629,8.5122436,6.3846574,10.1548841,4.5216733,4.9698274,6.5823627,5.7961642,6.1876654,7.7441355,8.3271305,6.3298049,10.0131626,4.292315,5.6914228,7.3175134,6.1593936
2000-01-01 00:00:00,674.7543041,193.2644762,163.4836374,149.7363855,61.70992,71.248241,20.3131311,4.8426228,10.1558901,394.0207296,116.4758334,88.8049212,86.0431721,36.7315534,44.8524244,12.4481179,2.2952193,6.3694877,280.7335745,76.7886428,74.6787161,63.6932134,24.9783665,26.3958166,7.8650132,2.5474035,3.7864024,516.1598088,154.5057604,117.9504031,113.6728046,49.4793025,53.2577196,16.1278588,3.6752166,7.4907432,333.5740742,101.7892291,75.901857,69.6903289,31.215493,37.0588032,11.1758998,1.7598964,4.9825668,182.5857346,52.7165313,42.0485461,43.9824757,18.2638095,16.1989164,4.951959,1.9153202,2.5081765,158.5944954,38.7587158,45.5332343,36.063581,12.2306174,17.9905214,4.1852723,1.1674063,2.6651469,60.4466554,14.6866043,12.9030643,16.3528432,5.5160604,7.7936212,1.2722182,0.5353229,1.386921,98.14784,24.0721115,32.63017,19.7107377,6.714557,10.1969003,2.9130541,0.6320834,1.2782259,7.2531202,6.2448355,7.1352093,8.5982838,8.5585677,7.3712472,9.2740051,5.1961217,5.7822073,7.4665221,6.5682053,6.8831741,8.7283823,9.0113777,8.1181065,10.1409091,4.4065355,6.8542545,6.9733843,5.8108908,7.4600375,8.4285705,7.9696692,6.3747065,8.1687693,6.1965301,4.5777675,7.4002632,6.4462815,6.9270069,8.7725793,9.6672853,7.543174,10.3086417,5.0608789,5.6491992,7.2243291,6.4561573,6.7468176,8.1326398,9.0172224,7.6973329,10.358476,3.9980681,6.284103,7.7448438,6.4272979
2000-02-01 00:00:00,699.2381039,205.8951057,171.6079306,150.9475678,67.2135772,69.0391924,19.4891033,5.2090683,9.8365586,380.9008661,110.6531206,89.4092859,83.311537,37.1911178,41.0942493,11.4138111,2.8822903,4.9454542,318.3372378,95.2419851,82.1986447,67.6360309,30.0224594,27.9449432,8.0752922,2.3267779,4.8911044,512.7026316,148.7889358,120.4627155,117.5296883,51.1789073,50.2914656,14.5069327,3.7211843,6.2228021,315.9465022,92.7648136,71.3972811,70.738063,31.9846455,33.5844141,9.3989754,2.2135309,3.8647786,196.7561294,56.0241222,49.0654344,46.7916254,19.1942618,16.7070515,5.1079572,1.5076534,2.3580235,186.5354723,57.1061699,51.1452151,33.4178795,16.0346698,18.7477269,4.9821707,1.4878839,3.6137565,64.9543639,17.888307,18.0120048,12.573474,5.2064722,7.5098352,2.0148357,0.6687594,1.0806756,121.5811084,39.2178629,33.1332103,20.8444055,10.8281976,11.2378917,2.967335,0.8191245,2.5330809,7.3964942,6.5474635,7.3390016,8.5295576,9.1654522,7.0616419,8.9507039,5.6033867,5.4865468,7.1654953,6.2076809,6.8382639,8.428012,8.9708788,7.3950796,9.3517857,5.6425044,5.2696491,7.6932491,6.9921104,7.9741365,8.6580516,9.4185123,6.6225316,8.43913,5.5556753,5.7247965,7.314287,6.2472,6.9843504,9.0601391,9.664846,7.0700024,9.3625029,4.972051,4.5998003,6.7930711,5.8883128,6.2602416,8.2043537,8.9621896,6.9086753,8.894224,4.931883,4.870203,8.3420946,6.9484328
2000-03-01 00:00:00,652.8376317,191.0578757,161.3979407,147.4327805,58.0670361,64.2574725,18.3698786,3.2769897,8.977658,356.6062106,107.1901493,85.577133,77.8875313,32.3994102,36.5514587,10.3441144,1.5708204,5.0855934,296.2314211,83.8677264,75.8208077,69.5452492,25.6676259,27.7060139,8.0257642,1.7061693,3.8920646,487.3589919,144.5861925,114.3000872,111.9430511,45.6907061,48.4375286,13.8646282,2.6555383,5.88126,295.2176146,89.8499292,68.1106768,64.7950163,27.8951601,30.7130297,8.6767596,1.4899668,3.6870761,192.1413773,54.7362633,46.1894104,47.1480348,17.795546,17.7244989,5.1878686,1.1655715,2.1941839,165.4786398,46.4716832,47.0978535,35.4897294,12.3763299,15.8199439,4.5052504,0.6214514,3.0963981,61.388596,17.3402201,17.4664562,13.092515,4.5042501,5.838429,1.6673547,0.0808535,1.3985174,104.0900438,29.1314631,29.6313973,22.3972144,7.8720799,9.9815149,2.8378957,0.5405978,1.6978807,6.8839213,6.032446,6.8653336,8.3604344,7.9261373,6.5911844,8.3651579,3.3874058,5.0399407,6.7199292,5.9963229,6.553753,7.9445551,7.8336492,6.6424775,8.5219588,2.9726458,5.3616941,7.0922752,6.079253,7.2546153,8.8811078,8.0460473,6.5247152,8.1713769,3.8866772,4.6734834,6.976657,6.0593689,6.6858202,8.6481389,8.7394103,6.8642503,8.9680087,3.4279532,4.3606917,6.4015744,5.737953,6.0628838,7.552182,7.8980325,6.4021508,8.2854341,3.1667213,4.6268041,8.0938255,6.6729484
2000-04-01 00:00:00,612.1574975,168.2488436,149.1786864,142.7309914,58.5902027,62.7437556,18.3670144,4.1797617,8.1182418,341.1915315,93.6342664,82.9600928,79.8372695,34.2537639,33.0133323,10.7670338,2.0000749,4.7256978,270.965966,74.6145772,66.2185935,62.8937219,24.3364388,29.7304233,7.5999807,2.1796868,3.392544,456.6322558,126.2743652,108.9865155,106.6183213,46.9837164,45.4364098,13.8897496,3.2694876,5.1736903,280.4576425,76.7494357,66.0571914,65.8781841,30.0213918,27.6270277,8.9089896,1.8526323,3.3627898,176.1746133,49.5249295,42.9293242,40.7401371,16.9623246,17.8093822,4.98076,1.4168553,1.8109004,155.5252417,41.9744784,40.1921709,36.1126701,11.6064863,17.3073458,4.4772648,0.910274,2.9445515,60.733889,16.8848307,16.9029015,13.9590854,4.2323721,5.3863047,1.8580441,0.1474426,1.362908,94.7913528,25.0896477,23.2892694,22.1535848,7.3741142,11.9210411,2.6192207,0.7628315,1.5816435,6.4475999,5.3177556,6.3688863,8.0103811,7.9796627,6.4126388,8.3643029,4.3567057,4.5582313,6.4177592,5.2444453,6.3593689,8.0494704,8.245479,6.0006824,8.8302649,3.7889436,5.0115728,6.4855714,5.4127047,6.3808502,7.9613047,7.6333013,6.9418302,7.7824955,5.0512488,4.0481406,6.5574731,5.2853032,6.4449389,8.2664052,9.0164744,6.4171674,8.9568175,4.2611917,3.9009334,6.0959819,4.9203688,5.9127979,7.6651511,8.4702868,5.755191,8.4797586,3.9822651,4.3017376,7.4560436,5.9716841
2000-05-01 00:00:00,607.3043193,170.1607771,156.8197473,132.9105382,61.7167175,54.5593277,18.0329103,4.3107533,8.7935479,339.7701843,92.9188979,88.3358943,72.9436103,37.8113005,30.803913,10.4154796,1.9645797,4.576509,267.534135,77.2418792,68.483853,59.9669279,23.905417,23.7554147,7.6174306,2.3461736,4.2170389,466.7672537,125.9294938,118.6124047,106.2802795,50.3950542,41.6016217,14.7201351,3.2975967,5.9306681,286.5065247,75.7013466,72.5684358,65.1240112,33.2820995,25.6794142,9.2113604,1.6374033,3.3024536,180.260729,50.2281472,46.0439688,41.1562684,17.1129547,15.9222074,5.5087747,1.6601934,2.6282144,140.5370656,44.2312833,38.2073427,26.6302587,11.3216633,12.9577061,3.3127752,1.0131566,2.8628798,53.2636596,17.2175513,15.7674584,7.8195991,4.529201,5.1244987,1.2041192,0.3271764,1.2740553,87.273406,27.013732,22.4398842,18.8106595,6.7924623,7.8332073,2.1086559,0.6859802,1.5888245,6.4113685,5.3833464,6.670466,7.4989892,8.48517,5.645613,8.1970951,4.5367497,4.9034342,6.4112968,5.2191072,6.7724895,7.3969987,9.1248161,5.6429968,8.5363465,3.7184905,4.8877212,6.4114596,5.5951552,6.543321,7.6269062,7.6382634,5.6490091,7.7746215,5.5615221,4.9206014,6.7091277,5.3019131,6.9487609,8.2196402,9.7320335,5.9623979,9.3857587,4.39936,4.4024083,6.2272309,4.8782767,6.4294196,7.5607972,9.3934026,5.4105384,8.690907,3.6240758,4.1841669,7.6500571,6.1003446
2000-06-01 00:00:00,564.3245278,164.2898274,139.1204131,124.1532231,55.7204228,51.0753787,18.4296681,3.814269,7.7213258,327.3312013,96.0396379,77.6360546,70.9721521,33.3839015,29.873288,12.364063,2.4560146,4.6060896,236.9933265,68.2501895,61.4843585,53.1810709,22.3365213,21.2020906,6.065605,1.3582544,3.1152362,425.4078255,119.3099646,105.1555715,93.1392773,45.2376142,38.4615823,15.6744656,3.1921078,5.2372423,278.4784237,82.1596503,63.2577493,61.5629743,29.5348368,25.2609111,11.129215,2.0904078,3.4826792,146.9294018,37.1503143,41.8978221,31.5763031,15.7027775,13.2006712,4.5452506,1.1017,1.7545632,138.9167023,44.9798628,33.9648416,31.0139458,10.4828086,12.6137964,2.7552025,0.6221612,2.4840834,48.8527776,13.8799876,14.3783052,9.4091779,3.8490648,4.612377,1.234848,0.3656068,1.1234104,90.0639247,31.0998752,19.5865364,21.6047679,6.6337439,8.0014195,1.5203545,0.2565544,1.360673,5.9488316,5.1903338,5.912119,6.9905253,7.6804112,5.2628049,8.3990063,3.9241714,4.3079813,6.1665956,5.3768604,5.9793706,7.129702,8.1181147,5.4707314,10.0851746,4.5269904,4.9004019,5.6721748,4.9487572,5.8293315,6.8130381,7.1076514,4.9953008,6.264157,3.1626553,3.6547111,6.0972093,4.9980649,6.1565696,7.1814731,8.6413665,5.5406296,9.9724476,4.1602427,3.9251948,6.0236052,5.2182913,5.6585534,7.0830287,8.3293802,5.3328295,10.4178776,4.4406139,4.3855645,6.2417653,4.5714005
2000-07-01 00:00:00,525.5750459,145.3496129,131.6531604,119.7710514,50.1650735,51.7400807,16.5892637,3.9420289,6.3647745,311.654172,91.2890397,69.7318847,72.1850311,29.8845985,31.2302537,10.774345,2.5045659,4.0544533,213.9208739,54.0605732,61.9212757,47.5860203,20.280475,20.509827,5.8149186,1.437463,2.3103211,402.9785566,109.2568445,98.6142536,91.3307339,40.6175992,41.6923569,13.6821035,3.1983327,4.5863323,263.78553,76.0821352,59.1778823,60.4202472,26.1729735,27.1313173,9.6675642,2.2552738,2.8781366,139.1930266,33.1747093,39.4363713,30.9104867,14.4446256,14.5610396,4.0145393,0.943059,1.7081957,122.5964893,36.0927684,33.0389069,28.4403175,9.5474743,10.0477237,2.9071601,0.7436962,1.7784422,47.868642,15.2069046,10.5540025,11.7647839,3.7116249,4.0989364,1.1067808,0.2492921,1.1763167,74.7278473,20.8858638,22.4849044,16.6755336,5.8358494,5.9487873,1.8003793,0.4944041,0.6021254,5.5059457,4.5697685,5.5507298,6.655415,6.8671667,5.3333522,7.6048091,4.1171204,3.5562438,5.8337449,5.0794655,5.31798,7.2082,7.2438476,5.6811899,8.8121092,4.6296149,4.3251801,5.0893254,3.9076343,5.8384928,5.9618628,6.378417,4.8785317,6.0651513,3.451421,2.7105642,5.7043653,4.5284286,5.6688894,6.9566676,7.7330216,5.8782463,8.9654094,4.2244255,3.3612822,5.670398,4.8239087,5.1999979,6.9607015,7.3370476,5.6441332,9.2123623,4.8401817,3.6079602,5.769866,3.970645
2000-08-01 00:00:00,556.1381076,156.7657833,136.8674234,123.6481694,53.36083,55.5769012,20.4157008,3.0969214,6.4063782,330.8452009,94.1430336,79.7326847,71.9228787,31.1410706,35.5240382,12.5755897,1.9633699,3.8425355,225.2929067,62.6227497,57.1347387,51.7252907,22.2197594,20.0528629,7.8401111,1.1335515,2.5638427,426.4288504,119.5712402,102.3858692,98.2208938,41.3785351,41.0463371,16.8374766,2.1489991,4.8394993,283.2252777,82.5665596,63.3114456,64.7246635,26.3383884,30.2349829,11.2517041,1.4077491,3.3897844,143.2035727,37.0046805,39.0744237,33.4962302,15.0401467,10.8113542,5.5857724,0.74125,1.449715,129.7092572,37.1945431,34.4815542,25.4272756,11.9822949,14.5305641,3.5782243,0.9479222,1.5668789,47.6199232,11.5764739,16.4212392,7.1982152,4.8026821,5.2890553,1.3238856,0.5556208,0.4527511,82.089334,25.6180692,18.060315,18.2290604,7.1796128,9.2415088,2.2543387,0.3923014,1.1141278,5.874041,4.9771949,5.8259425,6.9825731,7.2941587,5.7163664,9.3768601,3.2523804,3.5352057,6.2593914,5.3217558,6.1047852,7.3324919,7.5533917,6.4775003,10.3199305,3.6902923,4.0943829,5.387018,4.5357131,5.4768385,6.5480698,6.9594128,4.7314604,8.1781153,2.6978719,2.9345461,6.1369125,5.0520184,6.0209614,7.5496197,7.8952815,5.9136513,11.0145358,2.8512079,3.6150996,6.1677683,5.322464,5.6383606,7.5244429,7.4705012,6.364038,10.8245441,3.0386288,4.2508004,6.0767867,4.5375742
2000-09-01 00:00:00,578.0955765,162.3407001,147.0649767,129.7824121,52.372247,54.043135,19.7648529,4.754581,7.9726717,342.0282552,96.2542147,81.2041416,76.4583538,32.1766404,35.9160731,12.2572581,2.9294796,4.8320939,236.0673214,66.0864854,65.860835,53.3240583,20.1956066,18.1270619,7.5075947,1.8251015,3.1405779,434.401196,121.1058071,108.7961864,98.0258929,40.447838,41.4089173,16.26572,3.2451784,5.1056558,286.5546451,81.1337853,67.0255786,64.5564134,26.6011394,30.5326995,11.1397454,2.3622942,3.2029895,147.8465509,39.9720219,41.7706079,33.4694795,13.8466987,10.8762179,5.1259747,0.8828842,1.9026663,143.6943805,41.234893,38.2687902,31.7565192,11.924409,12.6342177,3.4991328,1.5094027,2.8670159,55.4736101,15.1204295,14.1785631,11.9019404,5.575501,5.3833736,1.1175128,0.5671853,1.6291044,88.2207705,26.1144636,24.0902272,19.8545788,6.3489079,7.2508441,2.38162,0.9422173,1.2379116,5.9971911,5.0397064,6.140106,7.2025869,7.0977832,5.5227298,8.9860026,4.68763,4.3480965,6.360244,5.314871,6.1169619,7.6310441,7.7592548,6.550281,9.9805464,5.2527742,5.058938,5.5390906,4.6863282,6.1688842,6.6659422,6.2490193,4.2131963,7.7286284,3.9973217,3.5751733,6.1323974,5.0152503,6.2359661,7.395988,7.6440459,5.9142732,10.5257956,4.1262188,3.7421858,6.1449192,5.1471189,5.8452716,7.3728866,7.4862975,6.4252858,10.5523846,4.9915091,3.9393403,6.1082725,4.7673378
2000-10-01 00:00:00,541.0934644,154.6197209,131.1913178,123.3733297,50.3855258,52.8435358,18.5041772,3.7467887,6.4290686,320.5513237,93.9167426,75.3099367,68.6610641,30.4290475,33.85253,11.6625951,2.6499205,4.0694871,220.5421407,60.7029782,55.8813811,54.7122656,19.9564783,18.9910058,6.8415821,1.0968682,2.3595815,412.7695921,118.6058463,97.6040513,92.3294281,39.1153242,41.9007718,15.5713755,2.9933275,4.6494674,273.7736149,80.8353512,65.0365616,57.5106851,25.7036047,28.8502973,10.5380691,2.2733831,3.0256629,138.9959772,37.7704951,32.5674897,34.8187431,13.4117195,13.0504745,5.0333064,0.7199444,1.6238045,128.3238723,36.0138746,33.5872665,31.0439015,11.2702015,10.942764,2.9328017,0.7534612,1.7796012,46.7777088,13.0813915,10.2733751,11.150379,4.7254428,5.0022327,1.124526,0.3765375,1.0438243,81.5461635,22.9324831,23.3138914,19.8935225,6.5447587,5.9405313,1.8082757,0.3769237,0.7357769,5.6872127,4.8801916,5.5408447,6.9370555,6.9312006,5.4356496,8.4675781,3.7292023,3.5399904,6.0159888,5.2544408,5.6835841,6.9444911,7.4060633,6.2125163,9.5797972,4.8223416,4.2962763,5.2687052,4.3957913,5.3594491,6.9277466,6.3139181,4.4448622,7.0686129,2.4096042,2.7155543,5.8916852,4.9955735,5.6096993,7.0661966,7.4992502,5.9917073,10.1799236,3.8480374,3.4815625,5.9206741,5.174761,5.6545321,6.6983289,7.2831482,6.1513654,10.0445571,4.8805677,3.7938654,5.8354095,4.6509037
2000-11-01 00:00:00,557.3731459,163.4845321,127.4916408,127.6559813,51.4831896,57.2685217,18.4457759,4.8715568,6.6719476,328.7539752,98.6336424,76.0496843,70.5044987,30.3594763,34.1574528,11.167739,3.3544104,4.5270712,228.6191707,64.8508897,51.4419565,57.1514826,21.1237133,23.1110689,7.2780369,1.5171464,2.1448764,433.4353805,126.0934421,97.4919716,98.966683,41.1524994,45.9645844,14.6201159,4.3918311,4.7542531,283.5503521,84.2357648,63.1186569,62.1066049,27.0742565,30.553382,9.8200537,3.0808558,3.5607775,149.8850284,41.8576772,34.3733146,36.8600781,14.0782429,15.4112024,4.8000622,1.3109753,1.1934756,123.9377654,37.39109,29.9996693,28.6892984,10.3306902,11.3039373,3.8256601,0.4797257,1.9176945,45.2036231,14.3978776,12.9310274,8.3978938,3.2852198,3.6040708,1.3476853,0.2735546,0.9662938,78.7341423,22.9932124,17.0686419,20.2914046,7.0454704,7.6998664,2.4779748,0.2061711,0.9514008,5.8856145,5.2016767,5.4069508,7.2153571,7.0828193,5.8820756,8.3919809,4.9853617,3.6654883,6.1996959,5.5689415,5.7310922,7.194657,7.4360193,6.2668856,9.0966548,6.2112505,4.7861487,5.4859617,4.7274928,4.9897405,7.2410584,6.6302022,5.3926752,7.5004345,3.4707918,2.4531441,6.1902609,5.3114769,5.6337239,7.6044184,7.8453513,6.5175018,9.4247989,5.6917114,3.5509388,6.1429843,5.4350224,5.4892167,7.2502408,7.6335147,6.4488924,9.3179638,6.7106875,4.4655662,6.281718,5.0791301
2000-12-01 00:00:00,592.1527919,176.1649582,136.2257515,140.1666123,50.9997133,56.2795718,19.5353343,5.8344127,6.9464378,349.3942127,104.1490716,82.7644462,75.3177587,30.7872413,35.5568386,12.5277344,3.9536634,4.3374585,242.7585792,72.0158866,53.4613054,64.8488536,20.2124721,20.7227332,7.0076,1.8807492,2.6089792,454.1293773,140.0350603,96.8365365,106.2427689,39.5652991,45.004201,16.0063713,5.0680476,5.3710926,291.8690412,88.0848945,64.7405109,63.8376517,26.5280386,30.5548693,11.1435463,3.3952478,3.5842821,162.2603361,51.9501659,32.0960256,42.4051172,13.0372606,14.4493316,4.8628249,1.6727998,1.7868105,138.0234146,36.1298979,39.3892151,33.9238434,11.4344142,11.2753709,3.5289631,0.7663651,1.5753451,57.5251715,16.0641772,18.0239353,11.480107,4.2592027,5.0019692,1.384188,0.5584156,0.7531765,80.4982431,20.0657207,21.3652798,22.4437364,7.1752115,6.2734016,2.144775,0.2079494,0.8221687,6.1352138,5.4986059,5.6655306,7.7463025,6.967737,5.6462441,8.6802174,5.8618069,3.844749,6.466019,5.7771633,6.1210163,7.5126289,7.4720689,6.3770502,9.8936179,7.1602546,4.5830621,5.7144387,5.1401754,5.0802785,8.0366291,6.3181777,4.718439,7.1192716,4.2439637,3.0325572,6.3578873,5.7748769,5.4806805,8.0022415,7.5059549,6.190698,10.2494081,6.5241888,3.9667198,6.2107125,5.5754046,5.535895,7.327431,7.4270527,6.2853219,10.2964976,7.2287054,4.459609,6.6409604,6.1478194
2001-01-01 00:00:00,625.7377819,180.2465715,144.4724882,145.5575011,54.8966823,64.2846771,21.3675396,6.3513105,8.5610116,377.4900364,113.6010821,82.2872266,85.8569075,33.5859704,39.857798,13.3403915,4.1051511,4.8555093,248.2477455,66.6454895,62.1852617,59.7005935,21.3107119,24.426879,8.0271481,2.2461595,3.7055024,486.5754381,143.2080042,107.2014261,115.2516218,41.8192805,51.5278537,16.2392455,5.3386935,5.9893129,323.1125257,98.2316439,68.450262,75.1737635,27.5893408,35.281675,11.035564,3.6353664,3.7149102,163.4629124,44.9763603,38.7511641,40.0778583,14.2299397,16.2461787,5.2036816,1.7033271,2.2744026,139.1623438,37.0385674,37.2710622,30.3058792,13.0774018,12.7568234,5.1282941,1.012617,2.5716987,54.3775106,15.3694382,13.8369646,10.6831441,5.9966296,4.576123,2.3048275,0.4697846,1.140599,84.7848331,21.6691292,23.4340975,19.6227352,7.0807722,8.1807004,2.8234666,0.5428324,1.4310997,6.6140838,5.7278076,6.1272191,8.2654166,7.6358764,6.5443671,9.6970921,6.610237,4.8301282,7.0797589,6.3859646,6.1861256,8.7117218,8.2020549,7.1873522,10.6370157,7.4136726,5.2494364,6.0126967,4.8719231,6.0509735,7.6982427,6.8866724,5.7107436,8.4553992,5.5174309,4.3724759,6.9306918,5.9925992,6.1480234,8.889997,8.1047797,7.2411364,10.6216806,6.9624874,4.4829452,6.9832161,6.2885148,5.9469767,8.7926015,7.9235058,7.3666772,10.4899725,7.6562708,4.6955165,6.8291589,5.4341093
2001-02-01 00:00:00,700.3642791,206.8443543,160.5736157,167.8940838,55.0381288,73.3705692,20.4595526,6.2615503,9.9224244,399.2162232,117.6701491,86.539435,93.1660567,33.7778334,44.7334921,13.9220885,3.8918025,5.515366,301.1480559,89.1742052,74.0341807,74.7280271,21.2602954,28.6370772,6.5374641,2.3697479,4.4070584,524.591027,156.162244,113.568718,129.3759051,40.5091934,56.7736829,16.6039317,5.4017038,6.1956481,338.4307489,97.7718536,72.5170164,80.4473708,28.4508968,39.4570765,12.4233692,3.5455653,3.8176004,186.1602782,58.3903904,41.0517016,48.9285344,12.0582967,17.3166064,4.1805625,1.8561385,2.3780477,175.7732521,50.6821103,47.0048977,38.5181787,14.5289354,16.5968863,3.8556209,0.8598465,3.7267762,60.7854743,19.8982955,14.0224186,12.7186859,5.3269367,5.2764156,1.4987193,0.3462372,1.6977655,114.9877778,30.7838148,32.9824791,25.7994928,9.2019987,11.3204707,2.3569016,0.5136094,2.0290107,7.2793105,6.4843737,6.6631572,9.3446128,7.5766355,7.3415994,9.2391949,6.4197552,5.5104847,7.4296917,6.594238,6.3994017,9.3977905,8.2630225,7.9589293,11.0906644,7.1300793,5.8550114,7.0890968,6.3448837,7.0004198,9.2791512,6.6932871,6.5482051,6.8160193,5.5171004,5.1325199,7.382899,6.4880774,6.4314325,9.8176433,7.8547759,7.8086216,10.4083128,6.9655273,4.5865421,7.2493806,6.2532137,6.2248794,9.335668,8.1454826,8.0457603,11.2513212,7.6092843,4.685123,7.6386635,6.9234997
2001-03-01 00:00:00,650.1974321,180.8579091,152.7526189,159.850731,50.8918498,73.6180642,18.5748356,4.5744098,9.0770136,367.938116,103.2728458,82.8411898,86.7862975,32.2720337,44.1464533,11.2381203,2.6575071,4.7236685,282.2593161,77.5850633,69.9114292,73.0644335,18.6198162,29.4716108,7.3367153,1.9169027,4.3533451,469.0304652,129.7333946,100.1517346,120.6392971,39.6193656,54.7357334,14.5223468,3.6857802,5.9428129,304.9480958,86.2723783,64.3281487,74.3631653,27.5114535,36.795941,9.7806989,2.491025,3.4052853,164.0823694,43.4610163,35.8235859,46.2761319,12.1079122,17.9397924,4.7416479,1.1947552,2.5375276,181.1669669,51.1245145,52.6008843,39.2114339,11.2724842,18.8823308,4.0524888,0.8886296,3.1342007,62.9900202,17.0004675,18.5130411,12.4231323,4.7605802,7.3505124,1.4574214,0.1664821,1.3183832,118.1769467,34.124047,34.0878433,26.7883017,6.511904,11.5318184,2.5950674,0.7221475,1.8158175,6.7684855,5.6805341,6.3487268,8.8703385,7.0788463,7.4052327,8.4602745,4.6056644,4.9771988,6.8925135,5.7970416,6.2030927,8.7437889,8.0314913,7.955327,9.1542351,4.8801659,4.9850931,6.6133574,5.5325282,6.5304008,9.0254975,5.8717236,6.7101981,7.5800801,4.2724943,4.9686612,6.6798361,5.4240031,5.7695306,9.1882881,7.8327515,7.7304279,9.3873136,4.7130077,4.4307044,6.6279301,5.5499631,5.6327694,8.6613068,8.0922489,7.7885361,9.2000249,5.3547892,4.2225777,6.7784953,5.1901752
2001-04-01 00:00:00,663.6269368,183.8654263,152.7036491,166.0472548,54.33651,69.9939487,19.7549984,6.5057182,10.4194313,378.3419152,102.5148087,86.9840626,91.5972031,35.1279174,39.8658934,12.5769538,3.9082036,5.7668727,285.2850216,81.3506176,65.7195865,74.4500518,19.2085926,30.1280553,7.1780446,2.5975146,4.6525586,483.8253083,133.339787,106.2777629,125.6228666,40.8965964,50.3782235,15.2660312,4.7775849,7.2664558,315.634426,86.5438819,66.2216396,80.6470904,29.864384,33.20942,11.4609317,3.1716513,4.5154272,168.1908823,46.7959051,40.0561234,44.9757762,11.0322124,17.1688035,3.8050996,1.6059336,2.7510286,179.8016285,50.5256393,46.4258862,40.4243883,13.4399136,19.6157252,4.4889672,1.7281333,3.1529755,62.7074892,15.9709268,20.7624231,10.9501127,5.2635335,6.6564734,1.1160221,0.7365523,1.2514455,117.0941393,34.5547125,25.6634632,29.4742756,8.1763801,12.9592518,3.3729451,0.991581,1.90153,6.850505,5.7008606,6.3335261,9.1314361,7.5049311,7.0021251,8.9026225,6.2140964,5.7129344,7.0350821,5.7225509,6.4380848,9.1878678,8.678904,7.1497815,10.1826666,6.8208148,6.0482915,6.620158,5.6737605,6.2002484,9.0629512,6.0165954,6.8158687,7.2956855,5.4805996,5.3455541,6.9000765,5.5885252,6.0926111,9.616604,8.1301781,7.1654947,9.7902627,5.915848,5.4855969,6.8298157,5.5753954,5.7421418,9.3603738,8.718689,6.9758838,10.6687223,6.509386,5.6731393,7.0359097,5.6129711
2001-05-01 00:00:00,664.2287742,181.9761906,155.4664405,163.656031,56.101576,70.5060629,17.9423128,7.9065784,10.6735819,375.4017752,105.1503014,81.5223822,91.5197954,36.1789239,37.7528213,11.573156,4.8221579,6.882237,288.826999,76.8258892,73.9440583,72.1362356,19.9226521,32.7532415,6.3691568,3.0844205,3.7913449,489.6757041,133.8850386,106.3350384,127.9414519,43.3735878,51.9642591,13.9335815,4.4864503,7.7562965,308.6555731,85.5556026,60.2717015,80.4987692,31.7478636,32.0264673,10.1909445,3.1043153,5.2599092,181.020131,48.3294359,46.0633369,47.4426827,11.6257242,19.9377918,3.742637,1.3821351,2.4963873,174.5530701,48.0911521,49.1314021,35.7145791,12.7279882,18.5418038,4.0087313,3.4201281,2.9172855,66.7462021,19.5946988,21.2506807,11.0210262,4.4310603,5.7263541,1.3822115,1.7178426,1.6223278,107.8068681,28.4964533,27.8807214,24.6935529,8.2969279,12.8154497,2.6265198,1.7022855,1.2949576,6.8697749,5.6713899,6.4299345,8.9922645,7.7403407,7.12077,8.1883008,7.5450692,5.8161886,6.9917067,5.8649822,6.0589286,9.1430859,8.9364615,6.8718902,9.4257781,8.4944383,7.1576026,6.7175097,5.4262444,6.8954349,8.8079305,6.2268315,7.4309791,6.6111684,6.4228097,4.3397984,6.9872622,5.6426052,6.1010775,9.7660157,8.491401,7.4187267,9.1138734,5.5135837,5.6650624,6.7067126,5.5379958,5.2594448,9.3662383,9.2039443,6.791149,9.600165,6.4706096,6.4762042,7.5239121,5.8378167
2001-06-01 00:00:00,651.5124036,188.0662678,146.2145951,147.7522937,52.0173246,80.3251438,18.9514967,7.8940818,10.2912001,374.4268482,110.1080808,78.8807561,84.6509262,31.5557386,45.8749637,11.9065355,5.0928177,6.3570296,277.0855553,77.958187,67.333839,63.1013675,20.4615859,34.4501801,7.0449612,2.8012641,3.9341705,487.987784,139.2998578,105.3048325,116.1987012,39.7885113,59.70219,15.4600749,4.3547696,7.8788467,313.2202809,91.2738001,63.8589503,73.0152016,27.0609439,38.8053309,11.0199331,3.3536942,4.832427,174.7675031,48.0260578,41.4458822,43.1834996,12.7275674,20.8968592,4.4401418,1.0010754,3.0464197,163.5246195,48.76641,40.9097626,31.5535925,12.2288132,20.6229538,3.4914219,3.5393122,2.4123534,61.2065673,18.8342807,15.0218058,11.6357246,4.4947947,7.0696328,0.8866025,1.7391235,1.5246027,102.3180522,29.9321293,25.8879568,19.9178679,7.7340185,13.5533209,2.6048194,1.8001887,0.8877507,6.7351131,5.8442081,6.0673296,8.1492841,7.1909194,8.0301268,8.7643084,7.2997777,5.5812467,6.9712571,6.135352,5.87582,8.4989522,7.8517132,8.1949231,9.8271925,8.5670404,6.6509918,6.4403141,5.4771139,6.3081895,7.7230275,6.3648293,7.8206998,7.4098316,5.7527013,4.4299364,6.9993532,5.8473065,6.1164785,8.9673432,7.91813,8.486966,10.2337076,5.4234972,5.8435429,6.8259963,5.8899923,5.6058168,8.6048888,7.99696,8.0906608,10.4658731,6.9252404,6.0734204,7.3331281,5.767864
2001-07-01 00:00:00,611.8670512,175.2041427,144.7398871,135.7786766,52.3750495,67.9126918,18.8546426,6.963975,10.0379859,359.5376582,104.4751239,79.763917,78.4599859,33.417188,41.0478346,12.0045516,3.981457,6.3876001,252.329393,70.7290188,64.9759701,57.3186907,18.9578614,26.8648572,6.8500909,2.982518,3.6503858,465.3820802,134.1136824,105.6307847,104.609781,41.7899784,53.6289254,15.6696424,3.3665129,6.572773,300.9810138,87.6193192,63.8567959,66.6630457,29.5280114,35.7211362,10.8598365,2.1737118,4.5591571,164.4010664,46.4943632,41.7739887,37.9467352,12.261967,17.9077893,4.8098059,1.1928011,2.0136159,146.484971,41.0904603,39.1091024,31.1688956,10.585071,14.2837664,3.1850002,3.5974622,3.4652129,58.5566444,16.8558047,15.9071211,11.7969402,3.8891766,5.3266984,1.1447152,1.8077452,1.828443,87.9283266,24.2346556,23.2019814,19.3719554,6.6958944,8.957068,2.040285,1.7897169,1.6367699,6.3335496,5.4491694,6.0157165,7.4796865,7.2495588,6.8172008,8.7162297,6.5521617,5.4882509,6.6730159,5.7859753,5.9374748,7.8629266,8.2701273,7.3239177,9.8705189,6.7223301,6.6784071,5.9054875,5.0177246,6.1146311,7.0118731,5.9543374,6.1654353,7.2337528,6.3379863,4.1836323,6.6557227,5.6268482,6.1069164,8.0963383,8.1441579,7.56009,10.357552,4.2270974,4.9208447,6.5343024,5.6455049,5.6012879,7.8019183,8.5404187,7.4190893,10.3180265,4.5795732,5.7181732,6.8901204,5.5920223
2001-08-01 00:00:00,638.1365602,190.6652787,153.8295877,139.7262236,51.3361318,65.1377952,21.9675605,7.4994078,7.9745749,367.1415372,102.3965606,87.9775888,80.6081538,31.4053201,41.8157845,13.8323114,3.9640361,5.141782,270.9950231,88.2687181,65.851999,59.1180698,19.9308117,23.3220106,8.1352492,3.5353717,2.8327929,487.1720465,147.6904999,113.6491532,108.5911479,38.6734446,50.53221,18.3446487,3.7429618,5.9479804,313.4579364,88.2325906,71.9778311,69.758841,27.8230545,36.6520028,12.3632334,2.3056647,4.3447184,173.7141101,59.4579093,41.671322,38.8323069,10.8503901,13.8802073,5.9814153,1.4372972,1.603262,150.9645137,42.9747789,40.1804345,31.1350757,12.6626872,14.6055852,3.6229118,3.7564459,2.0265945,53.6836007,14.16397,15.9997576,10.8493128,3.5822656,5.1637818,1.4690779,1.6583714,0.7970636,97.2809129,28.8108088,24.1806769,20.2857629,9.0804215,9.4418034,2.1538339,2.0980746,1.2295309,6.6403167,5.9614474,6.4249903,7.7505109,7.0989991,6.5736343,10.2132535,7.0614563,4.4462098,6.8660864,5.7357271,6.6006366,8.0940968,7.7692065,7.5179987,11.498231,6.7697335,5.4765748,6.3571195,6.2466187,6.2044149,7.3264583,6.2495118,5.365258,8.5824561,7.419968,3.3143759,7.041066,6.2999422,6.6278005,8.4209136,7.6545132,7.1824257,12.0199164,4.8430192,4.5154779,6.8647338,5.7616183,6.3506558,8.2248461,8.0615978,7.6760813,11.8049599,4.9181983,5.4956117,7.3832831,7.3140296
2001-09-01 00:00:00,671.2451108,205.8325918,159.8574474,144.6132006,53.0407742,72.0948071,21.3941278,6.2861793,8.1259825,390.8086106,115.7281276,93.1994032,84.0514792,32.499978,43.6120654,13.3337568,3.481117,4.9026835,280.4365002,90.1044642,66.6580442,60.5617215,20.5407962,28.4827417,8.060371,2.8050624,3.2232991,502.9871636,158.5970345,112.0726697,110.6632693,41.3810181,53.8349519,16.4865522,4.1734077,5.7782602,323.6466661,96.5574377,74.6673013,69.037887,28.0618266,37.1563678,11.4395536,2.6949589,4.0313332,179.3404975,62.0395968,37.4053684,41.6253823,13.3191915,16.6785842,5.0469986,1.4784488,1.746927,168.2579472,47.2355573,47.7847778,33.9499313,11.6597561,18.2598552,4.9075756,2.1127716,2.3477224,67.1619445,19.17069,18.5321019,15.0135922,4.4381514,6.4556977,1.8942031,0.786158,0.8713503,101.0960027,28.0648674,29.2526759,18.9363392,7.2216047,11.8041575,3.0133725,1.3266136,1.4763721,6.8654353,6.2997652,6.5550262,7.9201838,7.2557825,7.1999951,9.6678768,5.8075357,4.4303664,7.1849443,6.3341642,6.8645156,8.3281414,7.9925877,7.7965062,10.8131247,5.7863362,5.1175131,6.4648042,6.2561282,6.1663191,7.4160056,6.3321816,6.4449655,8.226547,5.8340615,3.6789974,7.0776015,6.5472222,6.3613785,8.3615092,8.0396755,7.5740841,10.3841145,5.1392147,4.3225871,6.9344916,6.1225214,6.4339297,7.9584329,8.1331968,7.7294977,10.6583635,5.4555411,5.0616248,7.3513913,7.3396199
2001-10-01 00:00:00,657.9212055,201.1335807,165.7839587,141.3584525,51.1358084,64.8308738,19.1212349,7.5283083,7.0289883,378.0430274,110.1411901,97.6902713,77.4036418,32.4186285,39.6731725,12.2507682,3.850348,4.615007,279.8781781,90.9923906,68.0936874,63.9548107,18.7171799,25.1577013,6.8704667,3.6779603,2.4139813,498.6827128,159.2980922,119.2617392,109.1036107,39.1334972,46.6913209,14.8926074,4.8287921,5.473053,316.2586619,95.1403581,79.6630348,64.3840777,28.4895643,31.6892438,10.1485114,2.9913662,3.7525055,182.4240508,64.1577341,39.5987045,44.719533,10.6439329,15.0020771,4.7440959,1.8374259,1.7205475,159.2384927,41.8354885,46.5222194,32.2548417,12.0023112,18.1395529,4.2286276,2.6995161,1.5559353,61.7843655,15.000832,18.0272365,13.0195641,3.9290642,7.9839287,2.1022568,0.8589818,0.8625014,97.4541273,26.8346565,28.4949829,19.2352776,8.073247,10.1556242,2.1263708,1.8405344,0.6934339,6.7711207,6.2101465,6.8220903,7.7677558,7.0257792,6.514814,8.7562121,7.0664579,3.9049511,6.9835312,6.0808787,7.1972048,7.7023052,8.0074472,7.0973532,10.0506182,6.4809338,4.8753708,6.5039137,6.3741646,6.3474712,7.848473,5.7952382,5.7682016,7.1209334,7.8046202,2.8285856,7.0969891,6.677761,6.7728251,8.3201854,7.7026897,6.7073743,9.8225303,6.0786755,4.0918204,6.832013,6.0866436,6.8719659,7.4918584,8.2891369,6.6891136,9.8872106,6.1629291,4.7672976,7.6085791,7.8012712
2001-11-01 00:00:00,626.3067243,196.6157122,147.9918295,138.4187406,48.4724994,61.5493429,18.4253231,8.0475533,6.7857232,367.3963546,116.0386518,83.9645916,79.6293505,30.8356308,36.4311591,11.8219245,4.7426857,3.9323604,258.9103697,80.5770604,64.0272379,58.7893901,17.6368686,25.1181838,6.6033986,3.3048677,2.8533627,481.6859537,154.9743567,110.0226736,106.3615068,37.4546608,47.1670323,15.8161533,5.1082635,4.7813068,312.3456857,100.9436205,68.3117779,68.5828961,26.6718776,30.5357119,10.6392607,3.618273,3.042268,169.340268,54.0307362,41.7108958,37.7786106,10.7827832,16.6313203,5.1768926,1.4899905,1.7390388,144.6207706,41.6413555,37.9691559,32.0572339,11.0178386,14.3823107,2.6091698,2.9392899,2.0044163,55.0506689,15.0950313,15.6528138,11.0464544,4.1637532,5.8954472,1.1826639,1.1244127,0.8900924,89.5701017,26.5463242,22.3163421,21.0107795,6.8540854,8.4868635,1.426506,1.8148772,1.114324,6.4688072,6.103784,6.1304822,7.6220623,6.6399298,6.1790119,8.3951756,7.5336403,3.8065277,6.8229183,6.4349991,6.2441297,7.9529149,7.651948,6.5169935,9.6788745,8.064337,4.2469536,6.0250784,5.6825746,5.9875698,7.2154807,5.3929158,5.7467446,6.784294,6.8835682,3.3305299,6.8741058,6.5493438,6.2787241,8.1575412,7.2887903,6.6935659,10.2335242,6.4563582,3.6046845,6.7554937,6.4968772,5.9068995,7.9785491,7.7666554,6.3458468,10.1689275,7.5877737,3.9575904,7.1041765,6.6496704
2001-12-01 00:00:00,660.0317297,196.6266523,163.3594946,150.6164191,53.7398295,61.625138,18.7587051,7.9639834,7.3415078,373.1188505,106.1328987,88.0815493,88.0525082,31.8220551,37.3511993,12.0445008,4.8064253,4.8277138,286.9128792,90.4937536,75.2779453,62.5639109,21.9177744,24.2739387,6.7142043,3.157558,2.5137939,494.6323154,147.3589497,118.5140822,114.5500209,40.7496203,47.4394943,15.75026,5.0465337,5.2233543,308.9377777,88.639337,70.877443,73.5021603,26.6582327,30.7546728,10.830478,3.4141446,4.2613094,185.6945376,58.7196127,47.6366392,41.0478606,14.0913876,16.6848216,4.919782,1.6323891,0.9620449,165.3994143,49.2677026,44.8454124,36.0663982,12.9902092,14.1856437,3.0084451,2.9174497,2.1181534,64.1810727,17.4935616,17.2041063,14.5503479,5.1638225,6.5965266,1.2140228,1.3922808,0.5664044,101.2183416,31.774141,27.6413061,21.5160503,7.8263868,7.5891171,1.7944223,1.5251689,1.551749,6.7095742,6.0163161,6.6715571,8.1174922,7.2449144,6.1121006,8.4554114,7.3069583,3.989206,6.8139412,5.8236536,6.4516527,8.5750336,7.7480915,6.5613462,9.6865687,7.935645,5.0086273,6.5785381,6.2591729,6.9486865,7.5504867,6.6206633,5.5295364,6.8855054,6.5206162,2.8681103,6.9149828,6.0945635,6.6202123,8.5627671,7.8230051,6.6429682,9.999852,6.328919,3.8704685,6.5539638,5.6000516,6.000882,8.3568097,7.6814161,6.3272746,10.0649713,6.965864,5.2917666,7.6126243,7.031913
2002-01-01 00:00:00,734.8169928,221.6618826,170.9435984,161.5498357,59.1904824,79.9869676,22.286602,9.9587384,9.2388857,422.5187153,124.0911652,98.1678198,96.5283575,33.8050183,45.0522727,13.5814996,5.6728882,5.6196939,312.2982775,97.5707174,72.7757786,65.0214782,25.3854641,34.9346949,8.7051024,4.2858502,3.6191917,560.5542012,170.9963899,123.3306457,129.398618,44.6771397,60.6755742,18.0311337,6.3145891,7.130111,349.9769299,105.4764167,76.1162758,82.7998482,28.4210695,36.7885514,11.8279252,3.9834414,4.5634017,210.5772713,65.5199732,47.2143699,46.5987697,16.2560703,23.8870228,6.2032085,2.3311477,2.5667092,174.2627916,50.6654928,47.6129527,32.1512178,14.5133427,19.3113934,4.2554683,3.6441493,2.1087747,72.5417854,18.6147486,22.051544,13.7285093,5.3839489,8.2637213,1.7535744,1.6894468,1.0562922,101.7210063,32.0507442,25.5614087,18.4227085,9.1293939,11.0476721,2.5018939,1.9547025,1.0524825,7.5534593,6.8328051,7.0522119,8.8774511,8.0467862,7.9914964,10.1800915,9.2797687,5.2001403,7.7671419,6.8810705,7.2068405,9.4614905,8.2423522,7.9528485,10.9690959,9.4707492,5.9952688,7.2824033,6.7723904,6.8538485,8.1322219,7.8003238,8.0418954,9.1529219,9.0385177,4.3121239,7.855312,7.0357627,6.9883108,9.7344042,8.6312188,8.4010675,11.5143518,7.879224,5.2856062,7.4606818,6.6884845,6.5215256,9.4805832,8.1514063,7.4825701,11.2488275,8.2025805,5.7461764,8.6124337,7.6774904
2002-02-01 00:00:00,719.8741529,213.4928251,170.0113947,167.3172721,58.1674699,73.9936795,20.8160167,7.0494925,9.0260025,412.001229,124.1563584,93.7939995,95.767267,34.8618036,42.8930933,11.6975868,3.7087136,5.1224068,307.8729239,89.3364668,76.2173953,71.5500051,23.3056662,31.1005861,9.1184299,3.3407789,3.9035958,542.9654509,162.7291833,123.931199,128.4333465,45.7109146,55.6425807,16.309042,4.6841472,5.5250376,344.1818054,106.9752921,75.3961571,79.0886219,30.2288584,35.9931542,9.9423548,2.7748956,3.7824712,198.7836455,55.7538911,48.5350419,49.3447247,15.4820562,19.6494265,6.3666872,1.9092516,1.7425664,176.908702,50.7636419,46.0801957,38.8839256,12.4565553,18.3510987,4.5069747,2.3653453,3.5009649,67.8194237,17.1810663,18.3978424,16.6786452,4.6329453,6.8999391,1.7552319,0.9338181,1.3399355,109.0892784,33.5825756,27.6823534,22.2052804,7.82361,11.4511596,2.7517427,1.4315272,2.1610294,7.3365333,6.5647116,6.9728342,8.9968774,7.8409924,7.2918911,9.532602,6.6763237,4.9702584,7.530363,6.8248646,6.888113,9.2714709,8.425952,7.5230291,9.6069924,6.4306267,5.4444094,7.0922382,6.2344392,7.0799974,8.6538276,7.1033307,6.9954665,9.4388405,6.9720449,4.4605061,7.6320559,6.7436103,7.035871,9.5765766,8.8404776,7.771271,10.5312322,6.1437132,4.1085972,7.3242838,6.7503793,6.4465574,9.0140376,8.6936787,7.3481544,9.5143323,6.0737975,4.7408524,8.2309074,6.7306604
2002-03-01 00:00:00,660.003707,209.3374203,152.9847152,151.535176,52.4361438,59.6560412,18.2183031,7.8401587,7.995749,381.326523,122.9746095,85.4844422,87.0155627,30.2396738,34.5807473,11.9838532,4.0474707,5.0001635,278.677184,86.3628108,67.5002729,64.5196133,22.1964699,25.0752938,6.2344498,3.792688,2.9955854,482.5207602,147.9262047,113.6731988,112.7157472,38.8931554,44.6389648,14.4312088,5.5465756,4.6957049,308.0748479,97.0010266,72.044989,69.0424538,25.3862067,27.7987372,10.2812889,3.2312938,3.288852,174.4459122,50.9251782,41.6282099,43.6732935,13.5069487,16.8402276,4.1499199,2.3152817,1.4068529,177.4829469,61.4112155,39.3115164,38.8194288,13.5429883,15.0170764,3.7870943,2.2935831,3.3000441,73.2516751,25.9735829,13.4394533,17.9731089,4.8534671,6.7820101,1.7025643,0.8161769,1.7113116,104.2312718,35.4376326,25.8720631,20.8463198,8.6895212,8.2350663,2.08453,1.4774062,1.5887325,6.7426186,6.4363828,6.269893,8.1799287,7.0946459,5.9736819,8.4041113,7.2599102,4.4150525,6.9950244,6.7574139,6.2820245,8.4839445,7.3363574,6.190491,9.8610694,6.8710637,5.3256621,6.4253671,6.0285624,6.2545963,7.8028296,6.7898761,5.6984506,6.5452478,7.7265438,3.4347569,6.8686949,6.1950909,6.5040496,8.4951415,7.6901178,6.4539677,9.4354975,7.0754474,3.5087255,6.6421064,6.2026744,6.2143466,7.9630485,7.3952723,5.8673334,9.8230794,6.8899482,4.1444525,7.3090343,6.1806974
2002-04-01 00:00:00,625.6959254,198.1474764,138.1855355,144.3414055,48.6189618,64.588858,17.0455055,6.9566874,7.8114953,369.1166215,114.0403513,81.3230643,83.6079249,29.8564595,40.4425039,11.3022043,4.4946657,4.0494475,256.5793039,84.1071251,56.8624712,60.7334806,18.7625022,24.1463541,5.7433013,2.4620217,3.7620478,467.7494048,148.3017423,99.7783598,107.5016316,38.3619629,49.547105,14.0109408,5.7953351,4.4523274,299.3707136,95.2092497,60.7507014,67.1373244,26.3858993,33.6109858,9.911461,3.7677913,2.5973007,168.3786912,53.0924926,39.0276584,40.3643072,11.9760636,15.9361192,4.0994798,2.0275437,1.8550267,157.9465206,49.8457341,38.4071757,36.8397739,10.2569988,15.0417531,3.0345647,1.1613523,3.3591679,69.7459079,18.8311016,20.5723629,16.4706005,3.4705602,6.8315182,1.3907433,0.7268744,1.4521468,88.2006127,31.0146325,17.8348128,20.3691734,6.7864386,8.2102349,1.6438215,0.4344779,1.9070211,6.4139534,6.1173715,5.7131906,7.8272522,6.549764,6.4181888,7.9107219,6.5177383,4.2805756,6.7729263,6.2699838,6.0172338,8.1406477,7.2548299,7.1133959,9.4191106,7.6636946,4.317636,5.9595508,5.921932,5.328153,7.4333075,5.6725101,5.5153741,6.0151131,5.1200519,4.2413885,6.700029,6.3002815,5.7610383,8.1467713,7.5810728,6.9942279,9.3866046,7.4587804,3.3099098,6.4583599,6.1119399,5.2957939,7.7087972,7.6453606,6.9216433,9.6465671,8.0341417,3.2788827,7.1775556,6.6688016
2002-05-01 00:00:00,620.852256,194.1958508,141.1852679,140.1794088,50.2932584,63.5791586,17.5610913,5.0086286,8.8495917,362.2589799,111.9176287,82.0213402,77.5514017,31.0997861,39.8698436,11.5480884,3.1407311,5.1101602,258.5932761,82.2782221,59.1639277,62.6280071,19.1934723,23.709315,6.0130029,1.8678975,3.7394315,456.5998954,144.3327128,99.2633898,102.5876494,38.8847838,48.0307761,14.1794364,3.7761664,5.5449808,294.5716401,91.245444,64.7515523,63.0163405,26.8958744,32.700306,9.6899333,2.4696444,3.802545,162.0282553,53.0872688,34.5118374,39.5713088,11.9889094,15.3304701,4.489503,1.306522,1.7424358,164.2523606,49.863138,41.9218782,37.5917595,11.4084746,15.5483825,3.3816549,1.2324621,3.3046109,67.6873399,20.6721847,17.2697879,14.5350612,4.2039117,7.1695376,1.858155,0.6710867,1.3076152,96.5650208,29.1909533,24.6520903,23.0566983,7.2045629,8.3788449,1.5234998,0.5613754,1.9969957,6.3641089,6.0042849,5.8241811,7.5749216,6.8032373,6.3633103,8.0653032,4.7012367,4.8131951,6.650965,6.1576715,6.0673341,7.5519502,7.5694737,7.0532803,9.5871804,5.2691515,5.4224765,6.0014979,5.8075078,5.5176291,7.6035611,5.8445974,5.4644165,6.180949,3.9799642,4.1725075,6.5102391,6.0637927,5.749781,7.7641704,7.6028482,6.7781199,9.4025414,4.8726126,4.0392085,6.3216462,5.8247131,5.5864926,7.2506526,7.7418856,6.7238531,9.4039423,5.2108337,4.7034712,6.8835835,6.5240561
2002-06-01 00:00:00,619.6796046,194.8488287,147.8252964,140.6559411,49.6616334,55.2442709,17.8227434,5.2712698,8.349621,348.1827445,109.9652363,82.2310939,73.3364186,30.1024266,33.7434288,11.1394032,2.7865923,4.8781448,271.4968601,84.8835923,65.5942025,67.3195225,19.5592067,21.5008421,6.6833402,2.4846775,3.4714762,472.8610857,148.817006,115.5756864,104.8485403,38.2982617,41.1801985,14.708677,4.247347,5.1853688,292.402955,92.6700003,69.9175729,59.7988302,26.1941597,28.0337518,9.9942834,2.2982962,3.4960604,180.4581307,56.1470057,45.6581135,45.0497101,12.1041021,13.1464466,4.7143936,1.9490508,1.6893084,146.818519,46.0318227,32.2496101,35.8074007,11.3633716,14.0640725,3.1140664,1.0239228,3.1642522,55.7797896,17.295236,12.313521,13.5375884,3.908267,5.709677,1.1451198,0.4882961,1.3820844,91.0387294,28.7365867,19.9360891,22.2698124,7.4551046,8.3543955,1.9689466,0.5356267,1.7821679,6.3229471,6.0026119,6.0737798,7.5371826,6.7061751,5.5013343,8.1986685,4.9240455,4.506957,6.3800487,6.0569387,6.07181,7.0895306,7.3529941,5.9450454,9.2225391,4.6677874,5.1005775,6.2511959,5.9336648,6.076251,8.093934,5.9065237,4.9245121,6.9184807,5.2471107,3.8734794,6.7723296,6.3147301,6.6537525,7.8877345,7.6187076,5.9295875,9.8541073,5.3777622,3.8723285,6.3135439,5.9834496,6.0466954,6.8426312,7.6210412,5.8750367,9.6325107,4.7857421,4.3852531,7.6761576,6.9498121
2002-07-01 00:00:00,552.9831509,175.638765,124.5365657,124.7752823,45.3248732,53.7666416,18.4767523,4.6653979,5.7988729,314.94134,99.3083145,71.6368773,65.3969049,25.8853812,35.6549796,11.1208549,2.459251,3.4787767,238.0418109,76.3304505,52.8996884,59.3783774,19.439492,18.1116621,7.3558973,2.2061469,2.3200962,416.6560696,129.7765256,92.2838069,93.9532097,35.752725,42.1648869,15.4142494,3.2150613,4.0956049,267.3298016,83.8075769,60.0784396,54.9716175,23.2972282,30.6985816,10.2876181,1.6872303,2.5015096,149.326268,45.9689487,32.2053673,38.9815922,12.4554968,11.4663054,5.1266313,1.527831,1.5940953,136.3270813,45.8622394,32.2527588,30.8220726,9.5721482,11.6017547,3.0625028,1.4503366,1.703268,47.6115384,15.5007377,11.5584377,10.4252874,2.588153,4.956398,0.8332368,0.7720207,0.9772671,88.7155429,30.3615018,20.6943211,20.3967852,6.9839953,6.6453567,2.229266,0.6783159,0.7260009,5.6730683,5.3991667,5.1669977,6.7529336,6.1851061,5.3835495,8.5761323,4.4142969,3.1544352,5.7986236,5.46655,5.3477395,6.3463728,6.3494717,6.3244085,9.3311075,4.1979538,3.6459254,5.5150753,5.3139464,4.9408593,7.2655561,5.9790089,4.1640482,7.6414236,4.683345,2.6240414,5.934639,5.4367099,5.3185637,7.0694707,6.9976431,6.0893071,10.3515611,4.0266333,2.9794451,5.75992,5.3524502,5.2325404,6.3094793,6.6892049,6.4547545,10.0301708,3.521351,3.0638967,6.2754219,5.5973556
2002-08-01 00:00:00,595.163735,175.6895995,146.5961522,129.0750135,49.8149511,60.9377291,18.9992792,5.2585287,8.7924816,338.6583279,98.8571532,84.7371921,69.4628116,29.0702148,37.9588573,11.2937906,2.1932908,5.0850176,256.505407,76.8324463,61.8589601,59.6122019,20.7447363,22.9788719,7.7054886,3.0652379,3.707464,437.1361968,132.8461468,105.3031553,93.1561654,37.8279646,42.2130396,15.4266087,3.7312629,6.6318535,271.2731169,78.998127,68.0807357,54.4358314,24.2799561,29.912175,10.1272294,1.4017644,4.037298,165.8630798,53.8480198,37.2224196,38.7203341,13.5480085,12.3008646,5.2993792,2.3294985,2.5945555,158.0275382,42.8434528,41.2929969,35.9188481,11.9869864,18.7246896,3.5726705,1.5272658,2.1606281,67.385211,19.8590262,16.6564565,15.0269802,4.7902587,8.0466822,1.1665612,0.7915264,1.0477196,90.6423272,22.9844266,24.6365405,20.8918678,7.1967277,10.6780073,2.4061093,0.7357394,1.1129085,6.1070935,5.4549287,6.0517924,6.9475132,6.7722628,6.0872946,8.813629,4.9565545,4.7224486,6.2581675,5.4952628,6.3294643,6.7716611,7.1199656,6.7185811,9.4448714,3.7422009,5.2700698,5.918461,5.4038952,5.7087279,7.1643053,6.3384954,5.2694046,8.027292,6.4554738,4.1333576,6.2679077,5.6512941,6.0846817,7.0492672,7.383463,6.0891277,10.2473334,4.726616,4.8664671,5.9110623,5.1568977,5.9822078,6.276233,6.960303,6.3476123,9.8238248,2.9308322,4.985593,6.9545678,6.5762281
2002-09-01 00:00:00,631.4423231,197.2046437,149.5559916,134.5691937,50.3049387,66.2516476,20.993329,4.4535327,8.1090461,354.2560506,110.5870648,82.5458009,71.9235772,27.2136958,42.164665,12.0792908,2.8948959,4.8470603,277.1862725,86.617579,67.0101908,62.6456165,23.0912429,24.0869827,8.9140382,1.5586368,3.2619858,451.8963145,144.081289,102.9272546,93.7695228,38.3119406,48.1859219,16.1664574,3.0051058,5.4488224,283.651199,87.2798207,65.7900656,56.4098895,23.724727,34.5983242,10.278962,1.9814977,3.5879123,168.2451155,56.8014683,37.137189,37.3596333,14.5872135,13.5875977,5.8874954,1.0236081,1.8609101,179.5460086,53.1233548,46.628737,40.7996709,11.9929981,18.0657257,4.8268716,1.4484268,2.6602236,70.6048516,23.3072441,16.7557352,15.5136878,3.4889688,7.5663408,1.8003288,0.9133982,1.259148,108.941157,29.8161106,29.8730018,25.2859831,8.5040294,10.499385,3.0265428,0.5350286,1.4010756,6.3557771,5.9821048,6.081845,7.1156524,6.6863493,6.4908885,9.5731482,4.122354,4.3187553,6.4489225,6.0287643,6.1050623,6.9213453,6.5386027,7.3742322,9.8945031,4.8150646,4.9710839,6.2405793,5.9235727,6.0534866,7.352638,6.8692788,5.3657422,9.1695885,3.2531183,3.6140523,6.3295703,5.9404707,5.8412168,6.9552256,7.3859254,6.7939271,10.3669768,3.7150887,3.9212083,6.0536368,5.5233315,5.7042772,6.4095959,6.7632229,7.1471623,9.7616364,4.0357629,4.3370952,6.8564739,6.7203474
2002-10-01 00:00:00,566.173374,167.1732378,137.886077,126.3405705,46.9226209,56.7611967,17.762829,5.6081698,7.7186723,317.0399303,92.3124237,79.4391092,66.2814102,26.0929958,33.9085647,10.1977636,3.853075,4.9545881,249.1334437,74.8608141,58.4469678,60.0591603,20.8296251,22.852632,7.5650654,1.7550948,2.7640842,411.2487215,124.8213309,96.4578534,90.7882575,34.9540378,40.9807763,13.2590787,4.1811667,5.8062202,260.6882957,75.5007411,65.3049581,53.9865558,22.5219888,27.5705574,8.8092544,2.8967809,4.0974592,150.5604258,49.3205898,31.1528953,36.8017017,12.432049,13.4102189,4.4498243,1.2843859,1.708761,154.9246526,42.351907,41.4282236,35.552313,11.9685831,15.7804204,4.5037503,1.4270031,1.9124522,56.3516346,16.8116827,14.1341511,12.2948544,3.571007,6.3380072,1.3885092,0.9562941,0.8571289,98.573018,25.5402243,27.2940725,23.2574586,8.3975761,9.4424131,3.1152411,0.4707089,1.0553233,5.7682628,5.1430293,5.6880583,6.7112655,6.3221004,5.6458456,8.1946434,5.2200333,4.1402488,5.8276506,5.0744693,5.9588427,6.3918352,6.3764901,5.9850074,8.5454064,6.4767366,5.1383284,5.6944155,5.2301661,5.3571786,7.1030125,6.2552624,5.2079391,7.7649939,3.6606783,3.0709988,5.8726734,5.306624,5.5796475,6.7463555,6.8403432,5.8941941,8.8257116,5.1922088,4.1754143,5.6476389,4.8735054,5.7548342,6.1393751,6.5426477,5.7951464,8.6342261,6.0010128,4.9814419,6.3078594,6.1422586
2002-11-01 00:00:00,565.9210756,186.038623,128.4007172,121.4498685,45.3450885,55.9366702,16.5929835,4.5674159,7.5897088,316.4238806,102.4605847,71.0945343,63.3975859,26.5544702,35.8484794,9.6329265,2.8618582,4.5734414,249.4971949,83.5780383,57.3061828,58.0522826,18.7906184,20.0881908,6.960057,1.7055577,3.0162674,424.491108,142.0113105,97.2579146,86.4248153,34.300918,42.1188232,13.8207658,3.0936792,5.4628814,258.619768,82.6753166,59.7649529,49.1690278,22.4464396,30.5705441,8.4436461,2.0630281,3.4868128,165.87134,59.3359939,37.4929617,37.2557875,11.8544784,11.5482791,5.3771197,1.0306511,1.9760686,141.4299676,44.0273125,31.1428025,35.0250532,11.0441705,13.817847,2.7722177,1.4737367,2.1268274,57.8041127,19.7852681,11.3295814,14.2285581,4.1080306,5.2779353,1.1892804,0.7988301,1.0866286,83.6258549,24.2420444,19.8132211,20.7964951,6.9361399,8.5399117,1.5829373,0.6749066,1.0401988,5.7438393,5.6803625,5.2574701,6.4795305,6.0996739,5.5703286,7.6174724,4.1679118,4.0821737,5.810477,5.6451914,5.302591,6.1282063,6.4778934,6.3160823,7.8791786,4.8131628,4.7514956,5.6614934,5.7240822,5.2025488,6.9122936,5.6347505,4.6008916,7.2826844,3.4025247,3.3637214,6.0245454,5.9516603,5.5680534,6.490868,6.7051008,6.0733894,9.0318763,3.7434425,3.873698,5.5853105,5.3176524,5.2295536,5.6406505,6.4343265,6.4298113,8.0678031,4.1681682,4.2191196,6.8664706,7.1373445
2002-12-01 00:00:00,607.3756835,195.5908821,138.7893493,137.402122,42.3378071,61.6482685,20.5838575,5.7341578,5.2892392,341.1570259,112.5463093,77.785223,73.455953,23.7066652,34.3829776,12.4138581,3.1050168,3.7610229,266.2186575,83.0445729,61.0041262,63.946169,18.6311419,27.2652908,8.1699993,2.629141,1.5282164,445.1384814,151.33467,100.22877,95.7247154,31.0076828,43.7173473,15.854987,3.7183654,3.5519435,273.6064363,94.6623005,61.2154957,54.4101213,20.0399484,28.7457931,9.671491,2.1848232,2.6764631,171.5320452,56.6723696,39.0132743,41.3145942,10.9677344,14.9715542,6.183496,1.5335422,0.8754803,162.2372021,44.2562121,38.5605792,41.6774066,11.3301243,17.9309212,4.7288704,2.0157924,1.7372958,67.5505897,17.8840088,16.5697273,19.0458317,3.6667168,5.6371845,2.7423671,0.9201936,1.0845597,94.6866124,26.3722033,21.9908519,22.6315748,7.6634075,12.2937367,1.9865033,1.0955988,0.652736,6.0452744,5.884091,5.5471483,7.1956951,5.6316495,5.9509063,9.0795965,5.336479,2.7887154,6.1375696,6.0880298,5.6348182,6.9864002,5.6881863,5.9531225,9.8402954,5.2674722,3.8156061,5.9309799,5.6285619,5.4392421,7.4521428,5.5613154,5.9481138,8.1252106,5.4203412,1.677583,6.1550092,6.184185,5.5633233,7.0789491,5.8915842,6.037936,9.9244894,4.6552584,2.5157892,5.7729342,5.9258341,5.2061176,6.1873218,5.6215455,5.8618423,8.9758198,4.515258,3.1943114,6.8814739,6.6699046
2003-01-01 00:00:00,663.0461558,210.273068,146.9103861,146.1808683,52.8449007,70.929515,20.3826085,6.1508394,9.3739699,379.1119268,120.4400028,85.2037578,78.8183918,30.9622085,42.4869096,12.8442786,2.9182182,5.4381596,283.934229,89.8330651,61.7066283,67.3624765,21.8826922,28.4426054,7.53833,3.2326212,3.9358102,503.9975525,162.0368207,113.64823,108.6221067,39.3626988,53.7073208,15.9083772,3.8650114,6.846987,312.6540575,101.3772102,69.9625991,63.3933433,26.302018,34.8118621,10.5819634,1.7153678,4.5096936,191.343495,60.6596104,43.6856309,45.2287634,13.0606807,18.8954587,5.3264138,2.1496436,2.3372934,159.0486033,48.2362473,33.2621561,37.5587616,13.4822019,17.2221941,4.4742314,2.285828,2.5269829,66.4578693,19.0627926,15.2411587,15.4250485,4.6601905,7.6750474,2.2623152,1.2028504,0.9284661,92.590734,29.1734547,18.0209974,22.1337131,8.8220115,9.5471467,2.2119162,1.0829776,1.5985168,6.6673153,6.3733536,5.9585294,7.7191324,7.0775767,6.8868177,9.1891942,5.9535861,5.0816088,6.8685798,6.5480496,6.2806025,7.5031659,7.4453966,7.3324465,10.3022781,5.1219848,5.6556357,6.416281,6.1532583,5.5645189,7.9881607,6.6151746,6.3136392,7.7605566,6.9760538,4.4566175,6.9792716,6.6798394,6.3689045,7.9041091,7.4074498,7.3505438,10.1283806,4.9611846,4.8944076,6.609097,6.4167485,6.0067915,7.0922332,7.31049,7.0129978,9.834774,3.7727862,5.4352251,7.6823591,7.171228
2003-02-01 00:00:00,673.1887693,221.3130431,140.3492563,155.1886414,52.0871745,65.5670472,22.4090406,5.8986417,10.3759245,369.8152247,118.8950843,79.3618088,77.6147876,31.6531598,39.3414685,13.4946984,3.5449458,5.9092715,303.3735446,102.4179588,60.9874475,77.5738538,20.4340147,26.2255786,8.9143422,2.3536959,4.466653,497.7658514,168.8297296,100.843868,112.0787425,38.3631307,49.0898508,17.941291,4.1885266,6.4307122,302.4233861,101.9243704,63.3183707,59.992132,25.5703052,32.3331999,12.3370569,2.5318809,4.4160701,195.3424653,66.9053592,37.5254973,52.0866105,12.7928255,16.756651,5.6042341,1.6566457,2.0146421,175.4229179,52.4833136,39.5053883,43.1098989,13.7240438,16.4771963,4.4677496,1.7101151,3.9452123,67.3918386,16.9707139,16.0434381,17.6226556,6.0828546,7.0082686,1.1576415,1.0130649,1.4932014,108.0310792,35.5125997,23.4619503,25.4872433,7.6411892,9.4689277,3.3101081,0.6970502,2.4520109,6.7012041,6.6265296,5.6444994,8.1006797,6.8996307,6.3612388,9.9832701,5.5598353,5.5325319,6.6719341,6.4089594,5.83678,7.4141879,7.5503075,6.7607899,10.8106366,6.0897665,6.0915251,6.7372338,6.898391,5.4124774,8.9277509,6.0870426,5.8432123,8.9467327,4.9155868,4.9335769,6.8727794,6.9054355,5.6415687,8.2217501,7.0788297,6.7638079,11.150576,5.4152724,4.5603145,6.3734754,6.4278265,5.4074688,6.7616616,7.0321169,6.5010579,11.271903,5.4430566,5.2425809,7.8213984,7.7868665
2003-03-01 00:00:00,642.9008734,198.059133,145.2568245,157.2033869,46.6126031,59.4451696,20.8260802,6.1100263,9.3876497,340.6831505,104.3825616,74.589194,80.5459561,26.450341,33.4604555,12.5092336,3.2146675,5.5307412,302.2177229,93.6765714,70.6676306,76.6574308,20.1622621,25.9847141,8.3168467,2.8953588,3.8569085,474.3617034,152.6448035,104.9062319,114.5620709,35.5093131,40.058435,17.0267394,3.4204215,6.2336882,280.3456208,91.4140003,59.6294656,64.0405502,22.8919956,25.3930569,11.1863121,1.8695505,3.9206897,194.0160826,61.2308031,45.2767663,50.5215208,12.6173174,14.6653781,5.8404273,1.550871,2.3129985,168.53917,45.4143296,40.3505926,42.6413159,11.1032901,19.3867346,3.7993409,2.6896048,3.1539615,60.3375297,12.9685613,14.9597283,16.5054059,3.5583454,8.0673986,1.3229215,1.3451171,1.6100515,108.2016403,32.4457682,25.3908643,26.13591,7.5449447,11.319336,2.4764194,1.3444878,1.5439099,6.4258188,5.9682044,5.8537556,8.2070423,6.1435952,5.8542927,9.2590761,5.8636887,5.0407248,6.173451,5.6805385,5.4845809,7.6699886,6.3310789,5.836304,10.0272758,5.527376,5.7114173,6.7362422,6.3251192,6.301453,8.8588019,5.9138491,5.8776207,8.3023962,6.2885094,4.3142382,6.6658132,6.3455897,5.9845248,8.4388342,6.6914541,5.6989399,10.8558064,4.5505923,4.6275391,5.9915111,5.834457,5.1818605,7.2285076,6.4366535,5.2132205,10.5209936,4.050772,4.8791615,7.9603213,7.3004139
2003-04-01 00:00:00,608.8676707,188.6911656,144.3648007,138.1041155,45.2850903,61.7196435,16.6094879,7.0470065,7.0463608,344.1827268,109.5821819,78.8846616,73.4628727,28.0505465,36.3367488,10.3451441,3.805656,3.7149151,264.684944,79.1089837,65.4801391,64.6412428,17.2345439,25.3828947,6.2643437,3.2413504,3.3314457,447.9173665,142.7247991,100.5221888,103.514765,33.2385832,44.9289685,13.3432642,5.3093462,4.3354516,277.793347,90.8596778,62.6546301,58.3674046,22.6145526,28.9143034,9.2601241,2.8675891,2.2550655,170.1240195,51.8651213,37.8675587,45.1473604,10.6240306,16.0146652,4.0831401,2.441757,2.0803861,160.9503042,45.9663665,43.8426119,34.5893506,12.0465071,16.790675,3.2662237,1.7376603,2.7109092,66.3893797,18.7225042,16.2300315,15.0954682,5.4359939,7.4224454,1.08502,0.9380669,1.4598496,94.5609245,27.2438624,27.6125804,19.4938824,6.6105132,9.3682295,2.1812036,0.7995934,1.2510596,6.1042784,5.7076585,5.8444719,7.2687566,5.9841504,6.0229235,7.4271309,6.5584105,3.7913063,6.2516765,5.989842,5.817058,7.0521079,6.6918508,6.2737253,8.380761,6.3951198,3.8353182,5.9226956,5.3580082,5.8778429,7.5317164,5.1053845,5.6969003,6.2522502,6.7611011,3.7434045,6.3346863,6.0349178,5.7409906,7.723789,6.2908325,6.2683946,8.6487674,6.5132347,3.2400524,5.9695633,5.8692222,5.4772837,6.6117017,6.3603498,5.8931707,8.7878621,6.0445385,2.8285566,7.0375556,6.3489148
2003-05-01 00:00:00,605.8816273,193.6399903,147.0471295,127.7270575,47.3139801,56.7745514,17.4333618,7.4181961,8.5273606,334.588125,110.2375235,80.0907329,64.4752422,29.0029515,32.2039588,9.8199434,4.3540465,4.4037262,271.2935022,83.4024668,66.9563967,63.2518153,18.3110286,24.5705925,7.6134184,3.0641496,4.1236344,451.1310152,152.3143351,103.6612123,97.3892647,34.6072736,39.9270009,13.538945,4.8086614,4.8843223,273.4792088,93.4559553,65.2010969,51.5267316,23.0150968,25.6406709,8.7617106,3.108209,2.7697378,177.6518064,58.8583797,38.4601154,45.8625331,11.5921768,14.28633,4.7772344,1.7004524,2.1145846,154.7506121,41.3256552,43.3859173,30.3377928,12.7067065,16.8475505,3.8944168,2.6095348,3.6430383,61.1089162,16.7815681,14.889636,12.9485106,5.9878547,6.5632879,1.0582328,1.2458376,1.6339885,93.6416959,24.5440871,28.4962812,17.3892822,6.7188518,10.2842626,2.836184,1.3636972,2.0090498,6.0673351,5.8678639,5.9243441,6.6760163,6.2437144,5.5786266,7.7770096,7.0649645,4.5851145,6.0893862,6.0489026,5.8934779,6.185792,6.9257151,5.6072118,8.0019819,7.4505138,4.5574191,6.0403583,5.6445702,5.9616926,7.2627199,5.4012628,5.5415992,7.5048625,6.5810466,4.6150651,6.3548399,6.3982875,5.9236552,7.2194467,6.4943486,5.5627711,8.6697625,6.1529415,3.6294211,5.8680552,6.0350126,5.6540975,5.8497861,6.4622997,5.224252,8.3248433,6.7337651,3.481145,7.2851698,7.0744456
2003-06-01 00:00:00,587.5534893,188.1607854,140.1096908,127.8054295,45.7901107,54.4126447,18.0650517,6.1493318,7.0604447,330.9290844,109.2832082,76.0626917,67.0158612,27.3088763,32.1582771,11.4990639,3.6266954,3.9744105,256.6244049,78.8775773,64.0469991,60.7895683,18.4812344,22.2543676,6.5659878,2.5226363,3.0860342,445.2135061,144.2028115,99.0937991,102.4448724,33.4915193,41.6916762,14.7836939,4.3107749,5.1943587,272.0899207,90.2345611,59.3518107,58.101921,21.6269334,27.373273,9.8221729,2.6455653,2.9336833,173.1235854,53.9682504,39.7419884,44.3429515,11.8645859,14.3184032,4.961521,1.6652096,2.2606754,142.3399832,43.9579739,41.0158916,25.3605571,12.2985914,12.7209685,3.2813578,1.8385569,1.866086,58.8391637,19.0486471,16.710881,8.9139403,5.6819428,4.7850041,1.676891,0.9811301,1.0407273,83.5008195,24.9093268,24.3050107,16.4466168,6.6166486,7.9359644,1.6044667,0.8574267,0.8253587,5.9003182,5.7270648,5.6707839,6.6858538,6.0416086,5.3202952,8.1953607,5.8446608,3.8386822,6.0318305,6.0024146,5.6290444,6.4306335,6.5345234,5.5638929,9.3573757,6.1919744,4.1845118,5.7389613,5.3848252,5.7211653,6.9917661,5.4357262,5.0037282,6.7314109,5.4085193,3.4694113,6.3181343,6.1052036,5.7319505,7.6144143,6.3135616,5.8341417,9.5421114,5.4999948,3.934107,5.8577926,5.8512984,5.1803547,6.6169391,6.041961,5.5781295,9.3177876,5.5818281,3.7841328,7.2084509,6.5828043
2003-07-01 00:00:00,557.6218375,183.4665874,130.2185683,117.6852737,42.9250954,56.61216,14.5617488,4.5771211,7.5752829,308.8961935,104.4594929,70.9514338,62.4400503,24.3667884,31.4850859,8.2556934,2.7735726,4.1640762,248.725644,79.0070945,59.2671345,55.2452234,18.558307,25.1270741,6.3060554,1.8035485,3.4112067,418.1906271,138.7405313,92.4492728,89.2951712,32.0120019,43.2916828,12.691815,3.558344,6.1518081,256.4166078,86.9589435,56.9498202,52.1706339,19.2063861,27.6233754,7.5217214,2.2965023,3.6892251,161.7740193,51.7815878,35.4994526,37.1245372,12.8056158,15.6683075,5.1700937,1.2618417,2.4625829,139.4312104,44.7260561,37.7692955,28.3901026,10.9130934,13.3204771,1.8699338,1.0187771,1.4234748,52.4795856,17.5005494,14.0016136,10.2694164,5.1604023,3.8617105,0.733972,0.4770704,0.474851,86.9516248,27.2255067,23.7676819,18.1206862,5.7526912,9.4587666,1.1359617,0.5417067,0.9486238,5.6203136,5.6062693,5.2899214,6.1750975,5.6664291,5.5698541,6.6172786,4.4161147,4.1183574,5.634897,5.7787352,5.2238924,5.9832556,5.8112018,5.4639325,6.7595649,4.7724789,4.3102791,5.6023071,5.3934462,5.3711966,6.4072903,5.4869508,5.7085186,6.4398132,3.9612389,3.9060491,5.8805986,5.8300177,5.2757984,6.5852285,5.9618001,6.06489,8.1282523,4.496668,4.4824322,5.4997512,5.6122275,4.9578314,5.8869207,5.3756721,5.6563644,7.1974212,4.7788545,4.6245147,6.6056352,6.2364412
2003-08-01 00:00:00,552.3631046,170.4683287,130.4985485,117.9519811,44.1685501,59.2917201,17.0486629,4.9173335,8.0179797,300.7408897,90.2897294,71.1522676,63.6799966,24.7650432,33.4862961,10.7605977,2.4466423,4.1603168,251.6222149,80.1785994,59.3462809,54.2719845,19.4035069,25.805424,6.2880652,2.4706912,3.8576629,409.6448811,126.7371638,93.4831106,89.9336851,33.1442523,43.3448373,13.8257596,3.7888734,5.3871991,251.1388823,76.4226029,58.1306555,53.8289123,20.6772171,27.823558,9.1238278,2.0540428,3.0780658,158.5059988,50.3145609,35.352455,36.1047728,12.4670352,15.5212793,4.7019318,1.7348305,2.3091333,142.7182234,43.7311649,37.0154379,28.018296,11.0242978,15.9468828,3.2229033,1.1284601,2.6307806,49.6020073,13.8671265,13.0216121,9.8510843,4.0878261,5.6627381,1.6367699,0.3925995,1.0822511,93.1162161,29.8640385,23.9938259,18.1672117,6.9364717,10.2841447,1.5861335,0.7358606,1.5485296,5.5911078,5.2354902,5.3392158,6.1993579,5.852296,5.8585668,7.6244128,4.8391896,4.3456765,5.5107532,5.009576,5.2714583,6.1165063,5.9447717,5.8685312,8.6906944,4.309977,4.3181605,5.690277,5.5155911,5.4227846,6.2994799,5.7383655,5.8456868,6.3013753,5.5090495,4.375747,5.8181684,5.3644548,5.4267071,6.6546269,6.2979195,6.0969569,8.7604767,4.9771108,4.0501449,5.4083887,4.9557432,5.0871174,6.0575711,5.8614249,5.7177467,8.6066158,4.4744711,3.9072199,6.6119072,6.132676
2003-09-01 00:00:00,583.8390272,188.3361883,136.0549337,118.9403419,45.8601972,63.2914759,16.9880021,6.9662938,7.4015944,315.5748222,98.803459,73.9750916,62.4017362,24.8474396,38.6321252,10.3195262,3.2592895,3.3361549,268.264205,89.5327293,62.0798421,56.5386057,21.0127576,24.6593507,6.6684758,3.7070043,4.0654395,432.2032274,144.6167624,96.5819843,88.0415897,32.7921717,46.0108121,13.3810763,5.9579418,4.820889,256.7096146,83.7052898,57.4592686,50.4885426,19.5617371,30.8208198,9.166121,3.1079675,2.3998682,175.4936128,60.9114726,39.1227157,37.5530471,13.2304347,15.1899923,4.2149553,2.8499743,2.4210209,151.6357998,43.7194258,39.4729494,30.8987521,13.0680254,17.2806639,3.6069257,1.008352,2.5807054,58.8652076,15.0981691,16.515823,11.9131936,5.2857025,7.8113054,1.1534052,0.151322,0.9362868,92.7705922,28.6212567,22.9571264,18.9855585,7.7823229,9.4693585,2.4535205,0.85703,1.6444186,5.7978668,5.6633694,5.438152,6.137385,5.9872363,6.2012116,7.4989918,6.6392788,3.968785,5.6872558,5.3969372,5.3603357,5.8931006,5.9304596,6.6547837,8.2642162,5.6242915,3.4458371,5.9336216,5.9896817,5.533881,6.4316409,6.0557932,5.6029438,6.5591251,7.8914012,4.5333614,5.9643943,5.9320069,5.4641402,6.3177913,6.0916167,6.2814985,8.2621103,7.5397466,3.555307,5.4178091,5.2899923,4.9389104,5.5925589,5.5160328,6.1627916,8.4764694,6.5846032,3.0126538,6.9969785,7.1193753
2003-10-01 00:00:00,544.3100713,173.3429746,130.4871653,110.4008045,44.498651,57.4872872,15.9497353,5.9485534,6.1948999,299.7376207,93.8151373,68.8676113,61.3320643,26.2177609,33.1973733,10.0231303,2.9940862,3.290457,244.5724506,79.5278373,61.619554,49.0687402,18.2808901,24.2899139,5.926605,2.9544672,2.9044429,403.0411985,128.3105334,90.1931767,84.5587783,33.840924,44.6096097,12.8116239,4.9564973,3.7600553,249.8882252,77.9774448,56.4144437,51.3689722,21.2883435,28.9943156,8.6101153,2.6957746,2.5388155,153.1529733,50.3330886,33.778733,33.1898061,12.5525806,15.6152941,4.2015085,2.2607227,1.2212397,141.2688728,45.0324413,40.2939887,25.8420262,10.657727,12.8776776,3.1381115,0.9920561,2.4348446,49.8493955,15.8376926,12.4531677,9.963092,4.9294175,4.2030577,1.413015,0.2983116,0.7516415,91.4194773,29.1947487,27.840821,15.8789342,5.7283095,8.6746198,1.7250965,0.6937445,1.6832031,5.4474196,5.2409897,5.278931,5.7371777,5.8893847,5.6550808,7.0418193,5.6689566,3.3503178,5.4140204,5.0995447,5.0366344,5.7871607,6.3007812,5.7701788,8.0586429,5.1546591,3.4410433,5.4889185,5.4182744,5.5788822,5.6759039,5.3851187,5.5050038,5.8034096,6.3066278,3.2531468,5.6387679,5.3440619,5.1463543,6.1846726,6.4335729,6.109807,8.1041841,6.2428491,2.8212576,5.3031567,4.9675569,4.8575022,5.7003311,6.0561129,5.8424334,8.112571,5.7151825,3.2261651,6.2880582,6.0550477
2003-11-01 00:00:00,523.4041318,173.7032018,117.6099317,103.1475738,44.1980023,58.2142542,15.7043291,4.4635772,6.3632617,278.041877,91.0961378,62.1531711,51.0030116,26.3253007,31.8407872,9.8819843,2.5432097,3.1982747,245.3622548,82.607064,55.4567606,52.1445622,17.8727016,26.3734671,5.8223448,1.9203675,3.164987,389.4964681,128.3137793,85.7594626,76.9789743,33.2106293,44.4182285,12.9832234,3.6140713,4.2180994,230.6851681,75.0918008,52.304216,42.2512928,22.2368321,25.5664795,8.7232705,2.2084744,2.302802,158.8113,53.2219785,33.4552465,34.7276815,10.9737972,18.851749,4.2599529,1.4055969,1.9152975,133.9076638,45.3894225,31.8504692,26.1685996,10.987373,13.7960257,2.7211056,0.8495059,2.1451622,47.3567089,16.004337,9.8489551,8.7517188,4.0884686,6.2743076,1.1587138,0.3347353,0.8954727,86.5509549,29.3850855,22.0015141,17.4168808,6.8989045,7.5217181,1.5623919,0.5147706,1.2496895,5.2597384,5.280683,4.7902215,5.3829761,5.8295134,5.710868,6.9621736,4.3496483,3.4465924,5.0588689,5.0069927,4.5861506,4.8677043,6.2790534,5.5179841,7.9365161,4.4915993,3.3210732,5.50755,5.6194151,5.0416498,6.0046884,5.2734178,5.9624967,5.7616405,4.1749123,3.5834527,5.4476279,5.3231836,4.9178461,5.6416811,6.3006083,6.0489952,8.095201,4.7415684,3.1704876,4.9102289,4.7900454,4.5602142,4.7208144,6.2315931,5.129722,7.9841471,4.8146804,2.9502332,6.47738,6.3148474
2003-12-01 00:00:00,563.4490053,175.3037714,138.6348792,115.6270302,47.7238268,58.6685496,14.8051568,5.3569484,7.3288428,296.2556265,92.784565,72.0054562,59.0171754,28.1010366,28.8877363,8.3849015,2.8511109,4.2236446,267.1933788,82.5192064,66.629423,56.6098548,19.6227902,29.7808133,6.4202553,2.5058375,3.1051982,408.9632063,128.8076299,94.3210118,86.5681894,35.7341464,42.6862624,12.4570139,4.3298752,4.0590773,239.2003091,73.7427478,54.6379477,49.8808143,23.3496693,24.595782,7.4698578,2.7231897,2.8003005,169.7628971,55.0648821,39.6830641,36.6873751,12.3844771,18.0904804,4.9871561,1.6066855,1.2587768,154.485799,46.4961415,44.3138674,29.0588409,11.9896804,15.9822872,2.3481429,1.0270732,3.2697655,57.0553174,19.0418173,17.3675086,9.1363611,4.7513672,4.2919543,0.9150437,0.1279211,1.4233441,97.4304816,27.4543243,26.9463589,19.9224797,7.2383132,11.6903329,1.4330992,0.8991521,1.8464214,5.5583274,5.259873,5.5164003,5.9236255,6.1723312,5.617726,6.4680801,5.160094,3.8813672,5.2713689,5.0119382,5.1680063,5.4984882,6.5521609,4.8817469,6.6987938,4.931222,4.2848846,5.9153687,5.5696736,5.9498653,6.4429738,5.6992017,6.5799853,6.1896669,5.44778,3.4406485,5.5968236,5.2706909,5.2777483,6.1252932,6.6144459,5.7191421,7.7050534,5.4799541,2.9962742,4.9893404,4.6539164,4.6505232,5.374962,6.4037524,4.8523774,6.9137637,5.7345509,3.510891,6.7558397,6.4079886
2004-01-01 00:00:00,603.7775316,187.3611353,144.6797863,126.2928166,52.8926122,64.8543209,14.7577389,5.5006224,7.438499,326.0699267,100.5609669,81.3028756,64.2957128,28.2116901,35.5115067,9.2734529,2.8223632,4.0913585,277.7076049,86.8001684,63.3769107,61.9971039,24.6809221,29.3428142,5.484286,2.6782592,3.3471405,447.2677321,139.5841978,105.5050063,93.14369,38.325373,48.9250874,12.3949699,4.1937018,5.1957058,266.9514063,83.7698252,63.728781,54.1526891,22.7408578,28.8027956,8.1809832,2.619929,2.9555454,180.3163258,55.8143726,41.7762253,38.9910009,15.5845152,20.1222918,4.2139867,1.5737729,2.2401604,156.5097994,47.7769375,39.17478,33.1491266,14.5672393,15.9292334,2.362769,1.3069206,2.2427932,59.1185204,16.7911417,17.5740946,10.1430237,5.4708323,6.7087111,1.0924697,0.2024343,1.1358131,97.3912791,30.985795799999998,21.6006855,23.0061029,9.0964069,9.2205224,1.2702993,1.1044863,1.1069801,6.0573981,5.7127956,5.8467269,6.5864294,6.9438536,6.3334456,6.5362944,5.3570558,4.0929468,5.8615085,5.4844317,5.8859955,6.0520886,6.6881884,6.0499518,7.3865698,5.0368863,4.2931383,6.304796,6.0023471,5.7971121,7.2502938,7.261128,6.7142079,5.4713381,5.7416614,3.8722346,6.1484361,5.7122196,5.9066626,6.6415906,7.2433878,6.6208423,7.7087536,5.4076299,3.8246276,5.5964104,5.300064,5.4202115,5.8756611,6.3858996,5.7330947,7.5112039,5.6955893,3.7566421,7.1998404,6.4670078
2004-02-01 00:00:00,640.791082,197.9549729,156.762842,136.9434499,54.0533102,64.6132593,16.8912945,5.7872794,7.7846738,335.0801544,106.9578855,77.8417203,72.1335424,29.6448174,32.2534078,9.5556386,2.6073113,4.085831,305.7109276,90.9970874,78.9211217,64.8099075,24.4084928,32.3598516,7.3356558,3.1799681,3.6988428,459.1029973,146.008456,104.3678633,98.2500067,39.2409696,47.4438586,13.9821177,4.3868466,5.4228789,270.9455343,87.1853368,60.5286271,57.8433326,23.9585411,27.091536,8.7464902,2.1889183,3.4027522,188.157463,58.8231191,43.8392363,40.4066741,15.2824285,20.3523226,5.2356275,2.1979282,2.0201267,181.6880847,51.946517,52.3949786,38.6934432,14.8123406,17.1694007,2.9091768,1.4004329,2.3617949,64.1346201,19.7725487,17.3130932,14.2902099,5.6862763,5.1618718,0.8091484,0.418393,0.6830788,117.5534646,32.1739683,35.0818854,24.4032334,9.1260643,12.0075289,2.1000284,0.9820398,1.6787161,6.3600547,5.9841045,6.2564082,7.0429867,7.0579339,6.2375524,7.4107424,5.6248246,4.2157789,5.9910441,5.8117418,5.6257122,6.679852,7.0363959,5.4800968,7.5763165,4.5962853,4.2391576,6.8205139,6.2002425,7.0342263,7.4965726,7.0842704,7.2341653,7.2056139,6.8887608,4.1902521,6.3086171,6.0010739,5.7711613,7.0154998,7.4247005,6.4884204,8.7145998,5.7034566,3.9193878,5.6606295,5.5050377,5.1051596,6.2490362,6.7223916,5.4163624,8.0484809,4.7811201,4.2297645,7.5537824,6.926059
2004-03-01 00:00:00,575.8555786,181.9362296,136.9096512,128.9359662,43.4268914,57.4797274,14.8457729,4.8324109,7.4889291,302.7488902,99.6536143,69.5439547,64.1697902,24.3519659,29.5211588,8.9406567,2.3037096,4.2640401,273.1066884,82.2826153,67.3656965,64.766176,19.0749255,27.9585686,5.9051162,2.5287012,3.224889,408.5607984,133.2892317,92.0902626,90.084865,31.1759692,41.6196181,12.0959196,3.5554789,4.6494533,242.3743726,80.1950095,54.5027035,51.5607934,19.9300766,23.17062,8.0592013,2.1584021,2.7975663,166.1864258,53.0942222,37.5875591,38.5240716,11.2458927,18.448998,4.0367183,1.3970768,1.8518871,167.2947802,48.6469978,44.8193886,38.8511012,12.2509222,15.8601093,2.7498533,1.276932,2.8394758,60.3745176,19.4586048,15.0412512,12.6089968,4.4218894,6.3505387,0.8814554,0.1453076,1.4664738,106.9202626,29.188393,29.7781374,26.2421044,7.8290328,9.5095706,1.8683979,1.1316245,1.373002,5.7115807,5.4834833,5.4533304,6.6604645,5.6630264,5.5839564,6.4531364,4.6543705,3.9869205,5.4293727,5.4159296,5.0240384,5.9991784,5.7769231,5.0911633,7.0590826,4.0927134,4.3545622,6.0608014,5.5675897,5.9809096,7.4770683,5.5239869,6.2196241,5.7109165,5.3194209,3.5865487,5.6708575,5.5129503,5.1950363,6.4592784,5.8852771,5.7932508,7.6416245,4.5541124,3.4440914,5.1080732,5.0944469,4.6694948,5.6057677,5.5525789,4.7179373,7.5231031,4.5984966,3.5119217,6.7565327,6.2938975
2004-04-01 00:00:00,561.8345207,177.0135436,142.4381999,117.7064441,44.4776778,55.2329597,12.9869635,4.4650395,7.5136927,307.4368549,93.8894305,79.033893,62.8161495,26.9054369,29.3668422,8.309213,2.9277342,4.1881556,254.3976658,83.1241131,63.4043069,54.8902946,17.5722409,25.8661175,4.6777505,1.5373053,3.3255371,406.3494165,129.1983281,102.9874394,84.6863964,31.3436196,39.2369708,10.7918541,3.6510688,4.4537393,245.6506941,76.5501166,61.0430852,50.4243255,21.1110346,23.8313443,7.3045058,2.6355494,2.7507327,160.6987224,52.6482115,41.9443542,34.2620709,10.232585,15.4056265,3.4873483,1.0155194,1.7030066,155.4851042,47.8152155,39.4507604,33.0200477,13.1340582,15.9959889,2.1951094,0.8139707,3.0599534,61.7861608,17.3393139,17.9908078,12.3918239,5.7944023,5.5354979,1.0047072,0.2921848,1.437423,93.6989434,30.4759015,21.4599526,20.6282238,7.3396559,10.460491,1.1904022,0.5217859,1.6225305,5.5771416,5.3307168,5.6926595,6.063019,5.8675264,5.3404817,5.7386471,4.3041991,4.0090536,5.5041835,5.1263091,5.6766541,5.8306084,6.4101557,5.0197348,6.6395946,5.1815779,4.2749516,5.6679337,5.5821264,5.7127371,6.352809,5.1942815,5.7582112,4.6240803,3.2546534,3.717825,5.6555009,5.3856635,5.7784593,6.1194277,6.024891,5.3772471,6.8697387,4.7198668,3.285153,5.1840235,4.901911,5.2029132,5.4762786,5.9799144,4.7882219,6.8671225,5.6691302,3.4666504,6.568733,6.2879126
2004-05-01 00:00:00,538.0881862,179.1305635,126.7430219,105.9247091,45.316458,54.5265686,13.5326045,6.2781968,6.6360638,292.3528115,95.5459571,73.6295691,54.0051315,26.467637,27.8560376,7.6945542,3.5957319,3.5581931,245.7353747,83.5846064,53.1134529,51.9195776,18.848821,26.670531,5.8380502,2.6824649,3.0778707,394.2807247,132.6981182,90.3935404,77.7693725,34.0009267,38.7953163,10.5491453,5.2089272,4.8653782,240.8575031,82.5615263,57.5836939,42.7521508,22.3141263,22.805897,6.6569264,3.4238338,2.7593486,153.4232216,50.136592,32.8098465,35.0172217,11.6868004,15.9894193,3.8922188,1.7850934,2.1060295,143.8074615,46.4324453,36.3494815,28.1553367,11.3155313,15.7312523,2.9834592,1.0692696,1.7706856,51.4953084,12.9844309,16.0458752,11.2529807,4.1535107,5.0501406,1.0376278,0.1718981,0.7988444,92.3121531,33.4480144,20.3036063,16.9023559,7.1620206,10.6811117,1.9458314,0.8973715,0.9718412,5.3426491,5.4000598,5.0880937,5.431291,5.9765054,5.260899,5.9728102,5.9835273,3.5498844,5.2436083,5.209118,5.3219128,5.0188332,6.3087014,4.7729343,6.1889715,6.3024777,3.6646895,5.4654638,5.6362223,4.7959892,5.9389734,5.565022,5.8898143,5.7099602,5.6034101,3.4258142,5.4915818,5.5542243,5.0905047,5.6006508,6.5190408,5.2966141,6.6999962,6.5822819,3.5858909,5.0854766,5.2703157,4.9285396,4.669301,6.2768104,4.6011705,6.2012144,7.3591441,3.4216828,6.278712,6.0948927
2004-06-01 00:00:00,537.2928021,176.1483958,128.0952419,108.2075468,46.261073,51.1060222,14.9834532,6.5244882,5.9665811,293.9883545,96.4910446,71.8742316,57.5061357,25.662521,25.2765075,9.9204755,4.0703532,3.1870856,243.3044476,79.6573512,56.2210103,50.7014111,20.598552,25.8295147,5.0629777,2.4541351,2.7794955,391.9370039,128.8210699,93.6983616,76.2025332,33.9700329,36.9700831,12.1874735,5.7565874,4.3308622,239.5979099,78.2884512,58.3405562,45.9288893,21.4876178,20.7395204,8.2729143,3.9635175,2.5764432,152.339094,50.5326187,35.3578053,30.273644,12.4824152,16.2305627,3.9145592,1.7930699,1.754419,145.3557982,47.3273258,34.3968803,32.0050136,12.29104,14.1359391,2.7959797,0.7679008,1.6357189,54.3904446,18.2025933,13.5336754,11.5772465,4.1749032,4.5369871,1.6475611,0.1068356,0.6106424,90.9653536,29.1247325,20.8632049,20.4277671,8.1161368,9.598952,1.1484185,0.6610652,1.0250765,5.3299592,5.3137926,5.1271915,5.5230379,6.0729525,4.9803207,6.5475361,6.2288139,3.1969738,5.2645497,5.2418914,5.1855467,5.3418428,6.0742539,4.3821581,7.7812759,7.097253,3.2912646,5.411196,5.403575,5.0544746,5.7440244,6.0713318,5.7481406,4.9955645,5.1779618,3.0952936,5.4544305,5.4033682,5.2526038,5.4772045,6.4679543,5.0976976,7.5669226,7.2155487,3.2037027,5.0652941,5.036752,4.9715515,5.0067795,6.052274,4.2129754,7.5404006,8.2741478,3.216788,6.2040563,6.0901433
2004-07-01 00:00:00,512.2979103,169.2377158,126.2689591,97.7739583,43.8404935,47.7989919,15.1579919,6.4869838,5.7328159,274.9926714,89.7761266,66.5248744,54.2256233,23.7743476,24.2938371,9.2446314,4.1075108,3.0457202,237.3052389,79.4615893,59.7440847,43.548335,20.0661459,23.5051548,5.9133605,2.379473,2.6870957,382.5467738,129.9340391,94.7536527,71.2591157,32.8820586,32.3389427,11.355792,5.6444931,4.3786798,226.9398104,77.4138218,54.6694467,42.6910356,19.2775154,18.8632314,7.5132772,3.9013913,2.610091,155.6069633,52.5202173,40.0842061,28.56808,13.6045433,13.4757113,3.8425148,1.7431018,1.7685888,129.7511366,39.3036768,31.5153064,26.5148426,10.9584349,15.4600492,3.8021999,0.8424907,1.3541361,48.052861,12.3623047,11.8554278,11.5345877,4.4968322,5.4306057,1.7313542,0.2061196,0.4356292,81.6982756,26.941372,19.6598787,14.9802549,6.4616026,10.0294435,2.0708457,0.6363712,0.9185069,5.0896911,5.1088346,5.0466248,5.0093727,5.7743733,4.6822823,6.6295093,6.187127,3.0934252,4.9311496,4.8908493,4.8075903,5.0090766,5.6556751,4.2335714,7.2894109,7.2247544,3.143814,5.2866563,5.3797335,5.3423978,5.0097415,5.9216198,5.2583033,5.8075754,4.957941,3.0382297,5.2782817,5.3810872,5.3025784,5.0080196,6.2612027,4.5071884,7.0899843,6.9774143,3.142165,4.7737386,4.9327784,4.6704051,4.5708417,5.4880928,3.857677,6.9138261,7.9935543,3.1717114,6.2401517,6.2134451
2004-08-01 00:00:00,529.3543759,168.2875084,141.2436814,97.7743307,45.5044643,48.2565311,14.9078273,5.9485845,7.4314483,287.239607,88.9789672,75.5375022,52.6828047,26.5756521,26.0299012,9.770957,3.4304233,4.2333993,242.1147689,79.3085412,65.7061792,45.091526,18.9288121,22.2266299,5.1368703,2.5181612,3.198049,370.2480044,123.2504109,95.0632507,67.8546833,30.7904355,31.6091923,12.1028555,4.2554983,5.3216779,226.7307115,73.7800592,57.8179498,40.3027003,21.1300998,19.438702,8.5833366,2.4107691,3.2670947,143.5172929,49.4703517,37.2453009,27.5519829,9.6603357,12.1704903,3.5195189,1.8447293,2.0545832,159.1063715,45.0370975,46.1804307,29.9196475,14.7140288,16.6473388,2.8049718,1.6930861,2.1097703,60.5088955,15.198908,17.7195524,12.3801043,5.4455523,6.5911992,1.1876204,1.0196543,0.9663046,98.597476,29.8381895,28.4608783,17.5395431,9.2684765,10.0561396,1.6173514,0.6734319,1.1434658,5.2980784,5.1746043,5.6426805,5.0181069,6.0201212,4.7426796,6.5776559,5.8223916,4.0057535,5.2057322,4.9651781,5.4640478,4.8936813,6.3397778,4.5553839,7.7758401,6.2439379,4.4325901,5.4119764,5.4316407,5.8630367,5.1717399,5.6221321,4.9825947,5.0867369,5.3320021,3.552869,5.1832099,5.2128388,5.356377,4.8391129,5.9372888,4.4449275,7.7270024,5.4896608,3.8562325,4.8290143,4.8059403,4.9430439,4.3770352,6.0083979,4.0208975,8.0341021,5.2506933,4.0006455,5.8625325,5.9661926
2004-09-01 00:00:00,551.2600005,171.3344968,152.1413969,99.6142446,44.1694497,52.0472484,16.7349229,7.4378466,7.7803946,307.7621326,99.9630932,85.4116785,51.6891938,26.5147956,25.4455013,9.4947691,4.4087829,4.8343182,243.497868,71.3714037,66.7297184,47.9250508,17.6546541,26.6017471,7.2401538,3.0290637,2.9460764,385.801016,121.9881003,107.4334406,68.2117488,30.5187565,34.9439011,12.4660438,5.0073507,5.2316743,241.5410943,78.8782094,68.3813163,39.1818836,20.6476562,19.7757436,8.3709007,2.8858476,3.4195369,144.2599217,43.1098909,39.0521243,29.0298652,9.8711003,15.1681574,4.0951432,2.1215031,1.8121374,165.4589845,49.3463965,44.7079563,31.4024958,13.6506933,17.1033473,4.2688791,2.4304959,2.5487203,66.2210382,21.0848837,17.0303622,12.5073102,5.8671394,5.6697576,1.1238684,1.5229353,1.4147812,99.2379463,28.2615128,27.6775941,18.8951856,7.7835538,11.4335897,3.1450107,0.9075606,1.1339391,5.3939932,5.1174651,5.945441,4.9942315,5.8010193,5.0359151,7.2612709,7.1077271,4.1326826,5.4536753,5.3991249,6.0414592,4.6978785,6.299677,4.4163324,7.4718967,7.8231492,4.9723723,5.320403,4.7690111,5.8269057,5.3588299,5.1846604,5.8164586,7.0024109,6.2727933,3.2359738,5.2543585,4.9737653,5.9238611,4.7061555,5.8388537,4.8101259,7.7744267,6.4187374,3.7538077,5.0344201,4.9694483,5.7339607,4.1646924,5.8627615,4.0536025,7.7118129,6.2714094,4.1423086,5.6690316,4.9816835
2004-10-01 00:00:00,490.1177871,159.0401371,136.7543747,79.9976172,41.7227697,46.6658172,14.6452967,5.0590956,6.2326789,269.658514,84.7259331,77.3953935,42.3016962,24.3055248,25.3616584,8.3887055,3.4099411,3.7696614,220.4592731,74.3142041,59.3589812,37.6959209,17.417245,21.3041588,6.2565912,1.6491545,2.4630175,346.5800637,108.6206942,101.0683896,55.9506255,29.7736107,32.5807853,11.6558514,2.8401827,4.0899244,210.210187,65.744832,61.4770406,32.3764589,19.540727,19.7616976,6.6782956,2.0833412,2.547794,136.3698767,42.8758622,39.591349,23.5741666,10.2328837,12.8190877,4.9775557,0.7568415,1.5421304,143.5377234,50.4194429,35.6859851,24.0469917,11.9491591,14.0850319,2.9894453,2.2189129,2.1427544,59.448327,18.9811011,15.9183529,9.9252373,4.7647978,5.5999608,1.7104099,1.3265999,1.2218674,84.0893964,31.4383419,19.7676322,14.1217544,7.1843613,8.485071,1.2790355,0.892313,0.9208871,4.8276242,4.8229563,5.3808374,4.0125376,5.4912125,4.4795893,6.4005768,4.8972472,3.3522387,4.8091304,4.657378,5.5072684,3.850166,5.7631515,4.3290328,6.6724859,6.190376,3.9424451,4.8504395,5.0267026,5.2244554,4.2118657,5.1519701,4.6730637,6.068981,3.4200399,2.7273367,4.7820462,4.5569142,5.6191154,3.8836232,5.6723199,4.4803741,7.3356988,3.6852566,2.9962026,4.4311903,4.2676305,5.1929331,3.4399285,5.5456053,4.0113102,6.2873088,4.5802657,3.1239443,5.4468423,5.0855055
2004-11-01 00:00:00,485.8762342,166.1353608,130.9761925,86.7899876,36.2789198,40.8957062,13.3562672,5.2260371,6.217763,269.065459,93.6252779,72.9624894,45.5019443,21.0769198,21.1620686,7.7065355,3.1244613,3.9057624,216.8107752,72.5100829,58.0137031,41.2880433,15.2020001,19.7336376,5.6497317,2.1015758,2.3120007,351.1687153,118.7718658,97.2588333,62.5046288,27.6065507,28.4286906,10.1507117,1.8897228,4.5577116,218.7716282,75.6088177,61.7390037,35.7164336,17.8697667,17.28103,6.5221269,1.0955877,2.9388618,132.3970871,43.1630481,35.5198296,26.7881952,9.7367839,11.1476606,3.6285848,0.7941351,1.6188498,134.7075189,47.363495,33.7173592,24.2853588,8.6723691,12.4670156,3.2055554,3.3363143,1.6600515,50.2938308,18.0164602,11.2234857,9.7855107,3.207153,3.8810385,1.1844086,2.0288736,0.9669006,84.4136881,29.3470348,22.4938736,14.4998481,5.4652161,8.5859771,2.0211469,1.3074407,0.6931509,4.7922465,5.0291071,5.1629054,4.3848019,4.7976575,3.9266499,5.8572313,5.038,3.2779839,4.8110537,5.1223059,5.2280263,4.1871984,5.0291647,3.6193249,6.1644408,5.6123952,3.9820645,4.7691099,4.9136701,5.083272,4.6253614,4.5098281,4.3200257,5.4844087,4.3726672,2.5240546,4.8241869,4.9668916,5.3544068,4.3325397,5.2513226,3.885625,6.4430664,2.476567,3.3083111,4.5953846,4.8776691,5.169559,3.8264486,5.0633664,3.4830224,6.1732949,2.4428308,3.527282,5.2566623,5.1313099
2004-12-01 00:00:00,514.0706967,166.0370601,143.2025228,95.9646665,38.0191014,44.8744698,13.3401877,5.6010118,7.0316767,277.5292663,88.7602163,76.3831109,50.8523397,21.8433975,22.9498778,7.9011775,3.9048892,4.9342574,236.5414304,77.2768438,66.819412,45.1123268,16.175704,21.924592,5.4390102,1.6961226,2.0974192,368.5053358,118.599108,103.441389,69.5840637,27.11852,32.8290286,10.1100522,2.1683888,4.6547855,219.1167969,71.1643298,60.9507731,39.509216,16.8577336,19.3314507,6.2447481,1.4075548,3.6509906,149.3885389,47.4347782,42.4906158,30.0748477,10.2607864,13.4975779,3.8653041,0.760834,1.0037949,145.5653609,47.437952,39.7611339,26.3806028,10.9005814,12.0454412,3.2301355,3.432623,2.3768911,58.4124694,17.5958864,15.4323378,11.3431237,4.9856639,3.6184271,1.6564294,2.4973344,1.2832668,87.1528915,29.8420656,24.3287961,15.0374791,5.9149176,8.4270141,1.5737061,0.9352886,1.0936243,4.9803858,4.9590503,5.5066765,4.7649943,4.9269515,4.2309536,5.7907244,5.3714497,3.6558239,4.8780531,4.7993051,5.3378944,4.600554,5.1259464,3.8512064,6.2838424,6.9721136,4.9441114,5.1060627,5.1561774,5.7131808,4.9650435,4.68153,4.717918,5.1981458,3.5140787,2.2664736,4.9610256,4.8598001,5.5686907,4.7592661,5.0674489,4.3704128,6.3024021,2.7797854,3.2498869,4.5253002,4.5051102,5.0090706,4.2007599,4.6993135,3.8072597,5.7661439,3.1540204,4.2620777,5.7768899,5.5107027
2005-01-01 00:00:00,568.9236013,182.4833536,147.3057026,108.8511195,49.2453946,54.4535775,13.1761457,6.957703,6.4506048,308.3379791,100.3242862,81.0852144,56.3178827,27.917101,26.8159519,7.3373172,4.2880338,4.2521919,260.5856221,82.1590674,66.2204883,52.5332367,21.3282936,27.6376255,5.8388286,2.6696692,2.1984128,423.6225347,138.2622834,110.6624319,81.1142528,35.5163214,38.0835964,11.4031497,3.6726184,4.9078807,252.2560296,85.6727271,64.5037407,46.3200439,21.831639,21.8978317,6.6899493,2.104545,3.2355529,171.3665051,52.5895563,46.1586912,34.7942089,13.6846824,16.1857647,4.7132004,1.5680734,1.6723278,145.3010665,44.2210702,36.6432708,27.7368666,13.7290733,16.3699811,1.772996,3.2850846,1.542724,56.0819495,14.6515591,16.5814737,9.9978388,6.085462,4.9181202,0.6473679,2.1834888,1.0166391,89.219117,29.5695111,20.0617971,17.7390278,7.6436113,11.4518609,1.1256281,1.1015958,0.526085,5.5758647,5.4999812,5.7532324,5.4701936,6.4453357,5.1798654,5.7814923,6.8094409,3.3993608,5.4568042,5.4477039,5.7225706,5.1283028,6.6194683,4.515328,5.8767244,7.777855,4.3299052,5.7236316,5.5651936,5.7912274,5.8912428,6.2307926,6.0427604,5.6661086,5.6745951,2.401216,5.7259483,5.7082797,5.9971431,5.5742171,6.6140981,5.0164418,7.1088008,4.69466,3.4821276,5.2235158,5.4630134,5.3128433,4.9184378,6.1258468,4.2691619,6.2770328,4.6152908,3.8684425,6.6704066,6.1587223
2005-02-01 00:00:00,592.0104568,199.5720988,158.0490057,106.4843612,45.9010372,52.4963598,14.7022744,6.7519985,8.0533212,305.2344419,104.1540866,81.9523682,50.4746056,26.6159624,25.3373332,8.0140297,4.0009798,4.6850765,286.7760149,95.4180122,76.0966375,56.0097557,19.2850748,27.1590266,6.6882447,2.7510187,3.3682448,421.4104849,141.7091963,112.2949507,78.8550348,35.3843994,34.6341252,11.0526105,2.7790005,4.7011675,239.046922,82.2078921,64.1857311,39.4140362,21.8952617,20.1298438,6.8325222,1.4176484,2.9639864,182.363563,59.5013043,48.1092196,39.4409985,13.4891377,14.5042814,4.2200883,1.3613521,1.7371812,170.5999718,57.8629025,45.754055,27.6293265,10.5166377,17.8622346,3.6496639,3.972998,3.3521537,66.1875199,21.9461945,17.766637,11.0605693,4.7207006,5.2074894,1.1815075,2.5833313,1.7210901,104.412452,35.916708,27.987418,16.5687571,5.7959371,12.6547452,2.4681564,1.3896666,1.6310636,5.727309,5.9490801,6.0986139,5.2701321,5.9148819,4.9128661,6.3617915,6.6459341,4.1814073,5.3637555,5.6258127,5.7474025,4.561054,6.2166428,4.2383223,6.3400265,7.2762032,4.71185,6.1726158,6.3471911,6.5282384,6.1287733,5.543507,5.7695134,6.3880685,5.9023668,3.6152936,5.634576,5.7597767,6.0417753,5.3410086,6.5089706,4.5590101,6.8532931,3.6516061,3.2887228,4.9125141,5.1872213,5.2909956,4.1369975,5.9984584,3.9280357,6.3375188,3.1549789,3.4785673,6.9792786,6.7961966
2005-03-01 00:00:00,565.3458876,193.641489,146.0360156,100.8516885,42.9509402,54.8263165,14.2967297,5.8405593,6.9021489,285.9044596,97.0443873,75.7743571,48.5368652,22.9142876,25.983096,8.2385205,3.9844985,3.4284475,279.441428,96.5971017,70.2616586,52.3148233,20.0366526,28.8432206,6.0582091,1.8560608,3.4737015,386.1677347,132.308071,103.3816463,68.7673672,31.2663714,32.6672038,11.5226912,2.1496407,4.1047431,217.7354152,74.5381921,60.7356613,35.6490432,18.6392467,17.9038575,6.8203345,1.3983086,2.0507713,168.4323195,57.7698789,42.6459851,33.1183239,12.6271247,14.7633463,4.7023567,0.7513321,2.0539718,179.1781529,61.3334179,42.6543693,32.0843213,11.6845688,22.1591127,2.7740384,3.6909186,2.7974059,68.1690444,22.5061951,15.0386958,12.887822,4.275041,8.0792385,1.418186,2.5861899,1.3776762,111.0091085,38.8272228,27.6156735,19.1964993,7.4095278,14.0798742,1.3558524,1.1047287,1.4197297,5.4393232,5.7545066,5.6142979,4.9363617,5.4851564,5.1011809,6.0857074,5.8392049,3.6005761,5.0124953,5.2605572,5.3034779,4.3474336,5.3337182,4.3136243,6.4013874,7.3065429,3.4746449,5.9584355,6.3538779,5.9930916,5.645963,5.6692384,6.1053233,5.7032357,4.0801601,3.7341493,5.2346731,5.4915493,5.6260092,4.7065027,5.7572375,4.3551968,7.1407686,2.897657,2.9230753,4.5144923,4.758498,5.0567008,3.756705,5.1116275,3.5178655,6.3913147,3.1927053,2.4864518,6.5946361,6.8538637
2005-04-01 00:00:00,539.4792673,169.4117454,144.2396645,108.4199698,41.5070829,50.6454217,14.201922,5.0477437,6.0057173,283.9827307,93.6564161,75.0294043,54.3487241,22.3599503,24.4222333,7.9593387,2.8720725,3.3345915,255.4965366,75.7553293,69.2102603,54.0712458,19.1471326,26.2231884,6.2425833,2.1756712,2.6711258,385.7148163,126.6649225,98.3437907,78.6403776,29.5683424,35.3962428,10.5069468,2.6090843,3.9851091,225.6652739,75.3560729,58.6541151,44.3547688,17.9114492,18.9382763,6.7146243,1.3355706,2.4003967,160.0495423,51.3088496,39.6896756,34.2856087,11.6568932,16.4579665,3.7923226,1.2735137,1.5847125,153.764451,42.7468229,45.8958739,29.7795923,11.9387405,15.2491789,3.6949751,2.4386593,2.0206081,58.3174568,18.3003432,16.3752892,9.9939552,4.4485011,5.483957,1.2447144,1.5365019,0.9341949,95.4469943,24.4464797,29.5205847,19.7856371,7.4902394,9.765222,2.4502607,0.9021575,1.0864133,5.1894301,5.0331882,5.5666748,5.2790459,5.3272738,4.6862155,6.0637104,5.0284865,3.153235,4.9563987,5.0272255,5.2443095,4.8322165,5.2392904,4.0287988,6.2584914,5.3405898,3.4265944,5.4755741,5.0405794,5.9641103,5.8199739,5.4338357,5.5260184,5.8322762,4.6683442,2.8676438,5.2044104,5.2003992,5.3769704,5.3645002,5.5157945,4.6024122,6.6342632,3.3819486,2.8457041,4.6510956,4.7636832,4.8700088,4.6396151,5.0083654,3.6473388,6.3152,2.9894401,2.9371973,6.2533198,6.0095385
2005-05-01 00:00:00,530.6886026,170.2959823,140.0796934,106.8532823,41.028134,48.417699,12.1446672,5.8184147,6.0507297,281.7874148,95.2331956,71.4885065,55.3006563,23.1651261,23.7742065,6.3488996,3.3027103,3.1741139,248.9011878,75.0627867,68.5911869,51.552626,17.8630079,24.6434925,5.7957676,2.5157044,2.8766158,370.9724088,125.5506741,92.1145105,76.4583564,30.3605427,32.2501064,8.7517581,2.2362968,3.2501638,221.0758097,75.5622609,54.5297352,44.4139781,18.4876162,19.3572455,5.4694758,1.5258044,1.7296935,149.8965991,49.9884132,37.5847753,32.0443783,11.8729265,12.8928609,3.2822823,0.7104923,1.5204703,159.7161938,44.7453082,47.9651829,30.394926,10.6675913,16.1675926,3.3929091,3.5821179,2.8005659,60.7116051,19.6709346,16.9587712,10.8866783,4.6775099,4.416961,0.8794238,1.7769059,1.4444204,99.0045887,25.0743736,31.0064117,19.5082477,5.9900814,11.7506316,2.5134853,1.8052121,1.3561455,5.111896,5.0898371,5.3886871,5.2062764,5.2807876,4.4576086,5.2520851,5.8251262,3.1930223,4.9386641,5.1547448,5.0131733,4.934819,5.432055,3.9004602,5.0629296,6.246285,3.2598256,5.3232902,5.0098033,5.8450032,5.5327522,5.0967303,5.1700584,5.4762071,5.3514251,3.1224174,5.0291207,5.2151128,5.0313751,5.2309249,5.6600191,4.1889444,5.5636842,2.9933777,2.3503284,4.5673406,4.8116116,4.5394285,4.6396605,5.1564417,3.6885628,5.2373799,3.5858244,2.1321443,5.9104587,5.9721566
2005-06-01 00:00:00,502.5475118,164.9666104,129.2982524,94.4834006,40.0921159,50.1734143,13.1214204,4.9094445,5.5028533,265.3246528,91.6425708,68.7307889,43.4284397,21.4509811,26.6800657,7.8392762,2.9169522,2.6355782,237.2228589,73.3240395,60.5674636,51.0549609,18.6411348,23.4933487,5.2821441,1.9924922,2.8672751,360.5836249,118.545416,90.1337516,69.7534651,27.7730573,37.8110173,10.0984537,3.1064488,3.3620151,214.8957616,73.8189919,54.2750628,36.4497762,16.8178971,22.7397061,7.234746,1.7076988,1.8518828,145.6878633,44.7264242,35.8586888,33.303689,10.9551602,15.0713112,2.8637076,1.39875,1.5101323,141.9638868,46.4211944,39.1645008,24.7299355,12.3190586,12.3623971,3.0229667,1.8029956,2.1408382,50.4288912,17.823579,14.4557261,6.9786636,4.633084,3.9403596,0.6045302,1.2092534,0.7836954,91.5349956,28.5976154,24.7087748,17.7512719,7.6859746,8.4220375,2.4184365,0.5937422,1.3571428,4.8325796,4.9054855,4.995684,4.583126,5.152846,4.633355,5.6256728,4.8448651,2.8810696,4.6424278,4.9439904,4.8152314,3.8763398,5.0335834,4.3910776,6.1406411,5.3697979,2.685225,5.0645974,4.858196,5.217568,5.4244384,5.2972749,4.9430839,5.002996,4.2383089,3.0880973,4.867647,4.8712045,4.9468495,4.7197557,5.2114744,4.9633106,6.3581988,3.9094432,2.3810385,4.4334422,4.6721412,4.5213522,3.8037782,4.7103959,4.4092586,6.763995,3.7442223,2.2266081,5.6895842,5.2396575
2005-07-01 00:00:00,473.5500571,150.1847552,126.2798323,92.2097987,33.406771,46.7132413,13.4727944,5.5354637,5.7474004,246.8509823,80.7871805,61.9047794,45.4359542,19.9312742,24.9568724,7.9385017,2.8009734,3.0954465,226.6990747,69.3975747,64.3750529,46.7738445,13.4754967,21.7563689,5.5342927,2.7344903,2.6519539,335.2109798,111.6318458,83.6572854,66.4080936,24.3430022,32.6120798,10.3373772,2.7449709,3.4763249,197.4586244,65.8171955,49.0695109,37.1658004,15.7926495,19.1754675,6.5695761,1.7816059,2.0868187,137.7523554,45.8146503,34.5877745,29.2422932,8.5503527,13.4366123,3.7678011,0.963365,1.3895062,138.3390773,38.5529094,42.6225469,25.8017052,9.0637687,14.1011615,3.1354172,2.7904928,2.2710755,49.3923579,14.9699851,12.8352685,8.2701538,4.1386247,5.7814049,1.3689256,1.0193675,1.0086278,88.9467194,23.5829244,29.7872784,17.5315513,4.925144,8.3197566,1.7664916,1.7711254,1.2624477,4.5595545,4.4755271,4.9057771,4.4578968,4.3090001,4.3030208,5.8156783,5.4151084,2.9798617,4.320964,4.3981339,4.3266768,4.0253293,4.6910757,4.0809773,6.330757,5.1505164,3.0861904,4.8512368,4.5691248,5.6304634,4.9774848,3.845719,4.5894649,5.2078851,5.7158835,2.8646603,4.5059976,4.6234298,4.5356866,4.4507619,4.5390635,4.2189897,6.5355409,3.5044925,2.44005,4.0630809,4.1950609,4.0492728,3.8372731,4.4461709,3.6681449,6.344168,3.9643644,2.481364,5.3404953,5.4182605
2005-08-01 00:00:00,486.5780658,154.3174569,126.6104681,98.4235216,36.8272,46.3688941,14.2323262,4.1693369,5.6288621,265.3828166,89.3321371,63.5519847,50.5985671,22.6213598,25.9415663,8.2173806,2.2253283,2.8944927,221.1952493,64.9853198,63.0584834,47.8249545,14.2058402,20.4273278,6.0149456,1.9440086,2.7343694,342.5722871,109.8170811,85.1739259,70.2245835,28.8428134,32.450968,10.7021113,2.5000621,2.8607418,214.7046019,75.5027637,49.2102028,40.6942952,18.7245315,21.0235522,6.7867351,1.3649742,1.3975473,127.8676852,34.3143174,35.9637231,29.5302884,10.1182819,11.4274159,3.9153762,1.1350879,1.4631945,144.0057787,44.5003758,41.4365422,28.198938,7.9843865,13.9179261,3.5302149,1.6692748,2.7681203,50.6782147,13.8293734,14.341782,9.9042719,3.8968282,4.9180142,1.4306455,0.8603541,1.4969454,93.327564,30.6710024,27.0947603,18.2946661,4.0875583,8.9999119,2.0995694,0.8089207,1.2711749,4.6980991,4.6249551,4.9214605,4.776006,4.767993,4.2685986,6.0998153,4.0742123,2.9232517,4.6557527,4.8782695,4.4519295,4.4824626,5.3403344,4.2563993,6.5314297,4.1232512,2.9031297,4.7499327,4.3168139,5.5067895,5.1315452,4.0729009,4.2841921,5.594726,4.0194896,2.9448583,4.6510096,4.6072411,4.6909552,4.7685806,5.333757,4.1931442,6.7283016,3.1392881,2.0397472,4.4222981,4.8203642,4.0740354,4.2218442,5.2129742,3.9998819,6.510191,3.0223538,1.6896091,5.0933135,4.1987709
2005-09-01 00:00:00,527.7070802,183.2600578,145.3088564,91.6433237,37.1314143,43.9563353,15.572854,5.0435876,5.7906511,287.6178745,107.17305,74.9371268,44.6294526,22.6337315,23.7459867,8.4855239,3.0370606,2.9759424,240.0892057,76.0870079,70.3717296,47.0138711,14.4976829,20.2103487,7.0873301,2.006527,2.8147086,370.4362467,131.9203432,97.8886492,66.3270974,26.9624844,30.4793402,10.6571916,2.618427,3.5827137,225.7983493,87.4289524,55.9258985,35.6276825,17.9444449,19.023117,6.2202526,1.7280809,1.8999205,144.6378974,44.4913908,41.9627507,30.6994149,9.0180396,11.4562232,4.436939,0.8903461,1.6827931,157.2708335,51.3397146,47.4202072,25.3162263,10.1689299,13.4769951,4.9156624,2.4251605,2.2079374,61.8195252,19.7440976,19.0112283,9.0017701,4.6892866,4.7228697,2.2652714,1.3089797,1.0760219,95.4513083,31.595617,28.4089789,16.3144562,5.4796433,8.7541255,2.6503911,1.1161808,1.1319155,5.0103803,5.3683713,5.5667201,4.3832251,4.7427025,3.9926381,6.5734941,4.8151854,3.0161125,4.9758132,5.7258726,5.2108647,3.9181152,5.2736178,3.8404201,6.659322,5.3707631,2.9770947,5.052428,4.9344144,6.0032879,4.9398863,4.0985299,4.1876561,6.4735998,4.1633211,3.0584932,4.9056896,5.3484337,5.2593786,4.3905074,4.9655289,3.8948596,6.5066193,3.2564485,2.505837,4.5875474,5.4581616,4.6022255,3.6446078,4.9751976,3.5925528,5.9126595,3.6972859,2.2270898,5.5012732,5.1451744
2005-10-01 00:00:00,494.0263603,166.7275061,132.4253349,88.8159736,36.4834166,40.7246565,17.6326513,4.5156251,6.7011964,269.9559947,95.7305539,70.5703593,43.5461821,22.8388848,22.3707142,8.9533871,2.6843979,3.2615155,224.0703657,70.9969522,61.8549756,45.2697916,13.6445317,18.3539423,8.6792642,1.8312272,3.4396809,351.165057,121.2191798,89.2510788,64.8734247,26.9926517,28.7108594,13.4558196,2.7019125,3.9601305,216.4971457,78.2195096,56.9283448,34.9629765,18.0499568,17.2101625,7.5134107,1.9114954,1.7012894,134.6679113,42.9996702,32.322734,29.9104482,8.9426949,11.500697,5.9424089,0.7904171,2.2588411,142.8613033,45.5083263,43.1742561,23.9425489,9.4907649,12.013797,4.1768317,1.8137126,2.7410659,53.458849,17.5110443,13.6420144,8.5832056,4.7889281,5.1605517,1.4399764,0.7729025,1.5602261,89.4024543,27.997282,29.5322416,15.3593433,4.7018368,6.8532453,2.7368553,1.0408101,1.1808398,4.7303604,4.9499213,5.0835499,4.2905241,4.7000283,3.731721,7.4371751,4.3250016,3.5015328,4.7031095,5.1699613,4.9287691,3.8391515,5.352492,3.6567213,6.9754514,4.7693096,3.2910993,4.7636142,4.6812701,5.272453,4.8376339,3.9035463,3.8274013,7.9822276,3.8053336,3.7275262,4.7456308,5.0436588,4.8354457,4.375296,5.0721651,3.7832643,8.412878,3.4512711,2.8577474,4.4535343,4.9828742,4.7037811,3.5919548,5.0430482,3.3289206,7.1287169,4.155515,2.0865096,5.304995,5.1581192
2005-11-01 00:00:00,476.3823279,166.0296014,123.93301,84.8388022,33.8518272,40.1551121,16.7882713,5.1554873,5.6302164,263.7820534,95.5438843,68.4940186,43.0186038,21.2810609,20.5408731,9.3455954,2.870976,2.6870412,212.6002745,70.4857171,55.4389914,41.8201984,12.5707663,19.6142391,7.4426759,2.2845112,2.9431751,348.7715001,127.2346633,86.0066459,61.3714354,25.3341009,29.5448459,12.4241229,2.8016144,4.0540714,214.6384179,78.9579287,55.444364,34.093519,16.9608411,17.51794,7.6889481,1.8898615,2.0850156,134.1330822,48.2767346,30.5622819,27.2779165,8.3732598,12.026906,4.7351747,0.9117529,1.9690558,127.6108278,38.7949381,37.9263641,23.4673668,8.5177264,10.6102662,4.3641485,2.3538729,1.576145,49.1436355,16.5859556,13.0496547,8.9250849,4.3202199,3.0229331,1.6566473,0.9811145,0.6020256,78.4671923,22.2089825,24.8767094,14.5422819,4.1975065,7.5873331,2.7075012,1.3727584,0.9741193,4.5712018,4.920252,4.7973819,4.1184642,4.363796,3.6717433,7.024852,4.9495305,2.9455057,4.6124393,5.1651439,4.8212317,3.8210026,5.0056734,3.360494,7.1606016,5.0620518,2.713886,4.5210504,4.6231332,4.7682397,4.4769805,3.5854616,4.0661418,6.8615143,4.8150241,3.1944102,4.6765096,5.2121155,4.6644098,4.1438391,4.711003,3.8295425,7.5881758,3.5564334,2.8932129,4.3899784,4.9889634,4.5623186,3.5063649,4.7575662,3.3406138,7.0573166,4.074329,2.5181229,5.2219032,5.6235075
2005-12-01 00:00:00,525.8469509,178.8116663,138.179766,97.8256482,37.3812416,46.0799983,14.5010723,6.9795103,6.0880479,286.312025,101.3888359,73.6284059,51.3312549,20.5016853,23.7362776,8.9679045,3.8302456,2.9274154,239.5349259,77.4228304,64.5513601,46.4943933,16.8795564,22.3437207,5.5331678,3.1492646,3.1606325,368.2108878,131.8597376,94.3135803,66.2840882,25.3345881,31.5225765,11.3210911,3.8916819,3.6835443,220.9071692,81.4573557,56.0390072,37.4676477,15.3278279,18.3794514,7.7631587,2.5197266,1.952994,147.3037186,50.4023819,38.2745731,28.8164406,10.0067602,13.1431251,3.5579323,1.3719552,1.7305502,157.6360631,46.9519288,43.8661858,31.54156,12.0466535,14.5574218,3.1799812,3.0878284,2.4045036,65.4048558,19.9314802,17.5893988,13.8636073,5.1738574,5.3568262,1.2047457,1.310519,0.9744213,92.2312073,27.0204486,26.276787,17.6779528,6.8727961,9.2005957,1.9752355,1.7773094,1.4300823,4.9605702,5.2115966,5.2535458,4.6774354,4.74238,4.1222329,6.0135198,6.5569182,3.1352862,4.9175431,5.3917062,5.104293,4.4671164,4.7754545,3.782331,6.7208585,6.588643,2.8759862,5.0129981,4.9931686,5.4348097,4.9338972,4.7028192,4.5573028,5.1372281,6.5187429,3.4209627,4.8517849,5.2918824,5.0559288,4.4183586,4.6316215,3.9658322,6.8566539,4.7626054,2.5727526,4.4590374,5.075012,4.5824951,3.8123795,4.2407887,3.4249092,6.9281541,5.1509239,2.3154375,5.5901907,5.684466
2006-01-01 00:00:00,591.5153355,207.9181354,144.9575084,116.1642761,40.5835223,50.3754408,16.3024589,8.064218,7.1497755,325.8219211,117.8410926,75.1042783,61.8105449,24.4634123,28.2999509,9.8809233,4.6229443,3.7987747,265.6934144,90.0770428,69.8532302,54.3537312,16.1201101,22.0754899,6.4215356,3.4412737,3.3510009,431.9557406,156.0812784,103.1134418,83.8753968,30.6793021,34.8382698,13.2442899,5.3812179,4.742544,256.8559116,93.7500843,60.4845278,46.8452036,20.3346321,21.2440613,8.1621664,3.8380656,2.1971706,175.099829,62.3311941,42.628914,37.0301932,10.34467,13.5942085,5.0821235,1.5431523,2.5453734,159.5595948,51.836857,41.8440666,32.2888794,9.9042202,15.537171,3.058169,2.6830001,2.4072315,68.9660095,24.0910083,14.6197505,14.9653413,4.1287801,7.0558896,1.7187569,0.7848787,1.601604,90.5935854,27.7458487,27.2243161,17.3235381,5.7754401,8.4812814,1.3394121,1.8981214,0.8056275,5.6690133,6.1298196,5.6229429,5.6495431,5.2549314,4.5747709,6.7602851,7.8031514,3.7593178,5.6641876,6.3048512,5.3136056,5.4427889,5.7917611,4.5436868,7.3996126,8.2842125,3.8130763,5.6749422,5.9149975,5.9983967,5.9046119,4.606916,4.6152471,5.9670004,7.2384799,3.7001803,5.7099801,6.2603842,5.5778626,5.6119608,5.6358128,4.3935669,8.0199535,6.5480576,3.2947689,5.2093079,5.8123925,5.0268806,4.7948272,5.6669363,3.9713394,7.3742981,7.882855,2.6025621,6.6471362,7.0812906
2006-02-01 00:00:00,606.7298774,199.0309428,156.0137808,123.2161685,43.0812761,51.777308,17.9638525,8.1086871,7.5378615,324.5121668,113.6184738,80.3274145,61.4159362,24.0188515,26.8434296,10.0558565,4.6751213,3.5570835,282.2177107,85.4124691,75.6863663,61.8002324,19.0624247,24.9338784,7.907996,3.4335658,3.980778,430.033776,143.9484905,110.3316234,83.5842966,31.5877624,36.2987618,13.4220691,5.719247,5.1415252,253.4838117,89.7181806,63.8314307,44.6141746,19.2546203,21.435718,8.4116239,3.9081693,2.3098944,176.5499644,54.2303099,46.5001928,38.970122,12.3331421,14.8630438,5.0104452,1.8110777,2.8316308,176.6961014,55.0824524,45.6821574,39.631872,11.4935137,15.4785462,4.5417834,2.3894401,2.3963363,71.0283551,23.9002932,16.4959838,16.8017616,4.7642312,5.4077116,1.6442326,0.766952,1.2471891,105.6677463,31.1821592,29.1861736,22.8301104,6.7292826,10.0708346,2.8975508,1.6224881,1.1491472,5.7412708,5.8370043,5.9369214,5.8753244,5.4779245,4.6612786,7.4655092,7.7740573,3.949855,5.5785918,6.0450446,5.5731553,5.3333889,5.5881268,4.2814854,7.6251914,8.2691422,3.5747847,5.9404637,5.581484,6.3788035,6.5352543,5.3451071,5.1534281,7.271865,7.1880814,4.3584789,5.6478779,5.7950642,5.8711404,5.5077497,5.8216038,4.557474,8.0522391,6.927757,3.5460841,5.1159003,5.5868327,5.2345155,4.5316714,5.3480812,3.9693001,7.5372942,8.0767937,2.7190473,6.639079,6.1758828
2006-03-01 00:00:00,542.7729119,173.8034283,141.2373478,110.8510475,41.2307173,47.3140558,16.4581058,5.227931,6.6502785,288.1606233,95.9023868,76.0297093,55.1969777,23.5677203,21.7072751,8.9301201,3.0483176,3.7781164,254.6122886,77.9010415,65.2076385,55.6540698,17.662997,25.6067807,7.5279857,2.1796134,2.8721621,371.907965,117.3563233,93.0629404,79.8704302,28.5795997,33.9837334,12.3068951,3.0608465,3.6871965,219.9091425,72.5118786,56.4795555,43.5964506,17.7437785,17.3708829,7.714488,2.2482951,2.2438133,151.9988225,44.8444447,36.5833848,36.2739796,10.8358212,16.6128505,4.5924071,0.8125514,1.4433832,170.8649469,56.447105,48.1744074,30.9806173,12.6511175,13.3303225,4.1512107,2.1670845,2.963082,68.2514809,23.3905082,19.5501538,11.6005272,5.8239418,4.3363922,1.2156321,0.8000225,1.5343031,102.613466,33.0565968,28.6242536,19.3800902,6.8271757,8.9939303,2.9355786,1.367062,1.4287789,5.1246414,5.1073425,5.3576307,5.2581913,5.2341957,4.2388051,6.7907311,4.9840656,3.4477637,4.9533698,5.1213979,5.2583026,4.7825166,5.5008937,3.4495518,6.8319953,5.4244327,3.769593,5.3333497,5.0901447,5.4782887,5.8336474,4.916167,5.2587788,6.742423,4.4758827,3.0996579,4.9672812,4.8156601,5.0483762,5.342095,5.3197091,4.3293595,7.3923108,3.8744204,2.5612726,4.4860507,4.5772534,4.6660493,4.4638379,5.0122865,3.2379597,6.9984761,4.9301199,2.6561599,5.8798318,5.2585325
2006-04-01 00:00:00,533.0018402,185.2986234,141.6379501,97.9858897,40.3560049,41.5540599,13.5563082,6.186986,6.4260181,279.8756646,99.8331697,72.0700443,47.6941116,23.7876982,21.0818032,8.0844584,3.2560838,4.0682954,253.1261757,85.4654537,69.5679058,50.2917781,16.5683067,20.4722567,5.4718498,2.9309023,2.3577227,357.0525204,127.8792526,89.6957849,65.7770225,28.5749236,28.3357965,10.0104625,3.2627362,3.5165416,211.650676,77.4217324,52.6801625,35.7595572,18.769857,15.9623129,6.8410308,2.1433819,2.0726413,145.4018444,50.4575203,37.0156224,30.0174653,9.8050666,12.3734836,3.1694317,1.1193543,1.4439003,175.9493198,57.4193708,51.9421652,32.2088672,11.7810813,13.2182634,3.5458457,2.9242499,2.9094765,68.2249886,22.4114374,19.3898818,11.9345544,5.0178412,5.1194903,1.2434275,1.1127018,1.9956542,107.7243313,35.0079334,32.5522834,20.2743127,6.7632401,8.0987732,2.3024181,1.811548,0.9138223,5.0406794,5.4599101,5.3564392,4.6884259,5.1260249,3.7197424,5.6622916,5.718213,3.3126305,4.8185251,5.3353694,4.9635607,4.1715841,5.5921193,3.3545655,6.1946318,5.7564805,4.0289966,5.3114371,5.6129564,5.8348973,5.312642,4.578172,4.1893752,5.0243637,5.6762921,2.5349143,4.7737171,5.2422149,4.8571602,4.4239909,5.3251474,3.6111786,6.2153892,4.0004302,2.4634513,4.330527,4.9026988,4.3603318,3.6924401,5.2744305,2.9776293,6.3154721,4.5637393,2.45582,5.609341,5.8654688
2006-05-01 00:00:00,509.8665565,174.4400619,132.7259926,98.7737216,39.3747663,35.7493525,14.8571917,6.2297536,7.7157162,275.3774108,102.2052186,69.2038602,47.3943743,22.9207227,17.4748801,8.4962054,3.0410368,4.6411127,234.4891456,72.2348433,63.5221323,51.3793473,16.4540436,18.2744725,6.3609864,3.1887168,3.0746035,360.5668793,123.1455516,93.8607648,74.0613857,27.0606144,23.2541181,11.0420699,3.5494275,4.5929474,221.523696,83.2737871,56.8198445,38.9515469,17.3216342,13.1862408,6.9927553,2.2213457,2.7565415,139.0431833,39.8717645,37.0409202,35.1098387,9.7389802,10.0678773,4.0493146,1.3280818,1.8364059,149.2996772,51.2945103,38.8652278,24.7123359,12.3141519,12.4952345,3.8151218,2.6803261,3.1227689,53.8537149,18.9314316,12.3840157,8.4428274,5.5990885,4.2886393,1.5034501,0.8196911,1.8845712,95.4459623,32.3630788,26.4812121,16.2695085,6.7150633,8.2065952,2.3116718,1.860635,1.2381976,4.8137301,5.1054922,5.0564304,4.6903076,5.0117527,3.2182028,6.1542139,5.7589379,3.8906417,4.7526625,5.4557434,4.8128335,4.1446646,5.3710503,2.8101555,6.5041139,5.2767956,4.5251323,4.8874805,4.6803534,5.3515195,5.3386234,4.5845379,3.737104,5.7416483,6.3086663,3.2110165,4.795822,5.0362876,5.0882662,4.8919366,5.0635781,2.961291,6.6724584,4.2659741,3.1412826,4.5058574,5.2221468,4.6876841,3.9800544,4.887231,2.4695839,6.3838104,4.5834697,3.2595239,5.3436947,4.68783
2006-06-01 00:00:00,498.2039136,178.6149971,127.7198105,93.8703589,35.182428,37.3655335,15.309426,5.2447747,4.896585,265.5948891,98.8811548,67.3400865,46.0229189,19.5047082,18.7001348,9.7157157,2.5562875,2.8738826,232.6090245,79.7338423,60.379724,47.84744,15.6777197,18.6653987,5.5937103,2.6884872,2.0227024,354.4083788,134.9105804,85.248655,66.8216637,24.5538192,25.7993229,11.576771,2.8526647,2.6449018,214.5485075,83.1167115,53.1255104,36.898311,15.7420851,14.3519405,8.0892292,1.8042209,1.4204988,139.8598713,51.7938689,32.1231446,29.9233527,8.8117341,11.4473824,3.4875418,1.0484438,1.2244031,143.7955348,43.7044167,42.4711555,27.0486952,10.6286088,11.5662106,3.732655,2.3921099,2.2516832,51.0463816,15.7644432,14.2145761,9.1246079,3.7626231,4.3481944,1.6264865,0.7520666,1.4533838,92.7491532,27.9399735,28.2565794,17.9240873,6.8659857,7.2180162,2.1061685,1.6400434,0.7982994,4.691645,5.2212495,4.8313321,4.4413666,4.4812221,3.3710233,6.3428811,4.7716023,2.497056,4.5696376,5.2863775,4.6371764,3.9949861,4.5844931,3.0099769,7.4195118,4.3408991,2.8476342,4.839171,5.142677,5.0679864,4.9761788,4.35906,3.8314621,5.0660446,5.2686517,2.1253001,4.7103956,5.5084096,4.6381704,4.3962738,4.5682351,3.3018981,6.9676709,3.3253014,1.8106989,4.3783689,5.2609094,4.4064755,3.7554106,4.4246401,2.6971964,7.347316,3.5840942,1.6948318,5.3304937,5.9582332
2006-07-01 00:00:00,454.6273625,154.4325621,125.1645715,85.3229111,36.0240994,30.1809639,14.0430094,4.6504263,4.8088189,246.6840742,90.2857465,66.8740039,41.6039748,18.1214695,14.3857528,9.6061962,2.9195225,2.8874081,207.9432883,64.1468156,58.2905676,43.7189363,17.9026299,15.7952111,4.4368132,1.7309038,1.9214108,326.0218783,115.9042693,84.739251,63.0423878,25.6944568,19.6260169,11.0221103,2.9535308,3.0398554,199.3475361,75.2971088,52.0653365,34.6277072,14.4574213,10.8150396,8.1170648,2.1823697,1.7854881,126.6743422,40.6071605,32.6739145,28.4146806,11.2370354,8.8109773,2.9050456,0.7711611,1.2543673,128.6054842,38.5282928,40.4253205,22.2805233,10.3296427,10.554947,3.020899,1.6968955,1.7689635,47.3365381,14.9886376,14.8086674,6.9762676,3.6640482,3.5707132,1.4891314,0.7371527,1.10192,81.2689461,23.5396551,25.6166531,15.3042557,6.6655945,6.9842338,1.5317676,0.9597427,0.6670435,4.2786831,4.5288197,4.7292788,4.0146861,4.5558015,2.7269781,5.8441478,4.3004349,2.4331972,4.2276069,4.7862324,4.5950029,3.6091287,4.2244494,2.3092204,7.4107601,5.0540347,2.8509698,4.3408989,4.2101246,4.8933286,4.4953961,4.9487067,3.2649249,4.009162,3.436219,1.994082,4.2930344,4.7198821,4.5554855,4.0961993,4.6907777,2.4726502,6.7574534,3.4389415,2.0421355,4.0353868,4.7206105,4.258125,3.516089,4.0386223,2.0192315,7.5535917,4.3189919,2.0814928,4.7725634,4.7185319
2006-08-01 00:00:00,477.4561887,171.1633168,115.0913146,90.3656236,37.3130543,38.4107753,14.5924402,4.4475363,6.0721277,255.5333186,93.2449542,63.4133238,44.6918575,20.2964691,18.5332659,8.3610499,3.2124003,3.7799978,221.9228701,77.9183625,51.6779908,45.6737661,17.0165851,19.8775094,6.2313903,1.235136,2.2921298,334.6675297,125.452094,79.6306703,60.5394272,26.1833245,24.2433858,11.7557912,3.3676915,3.4951454,204.4303023,77.5771292,50.5184252,33.6540578,16.6260555,13.5694318,7.4104544,2.6872707,2.3874778,130.2372275,47.8749648,29.1122451,26.8853694,9.557269,10.6739539,4.3453367,0.6804208,1.1076677,142.788659,45.7112228,35.4606443,29.826196500000002,11.1297298,14.1673895,2.836649,1.0798448,2.5769822,51.1030163,15.6678251,12.8948986,11.0377997,3.6704137,4.9638341,0.9505954,0.5251297,1.3925201,91.6856426,30.0433978,22.5657456,18.7883967,7.4593161,9.2035555,1.8860536,0.5547152,1.1844622,4.5114414,5.0379139,4.3920268,4.2493395,4.7311255,3.4722639,6.1805211,4.1919411,3.0120433,4.4067529,4.9963314,4.3876287,3.8851258,4.7370282,2.9842678,6.5914412,5.614183,3.6614838,4.6383193,5.0885946,4.3974356,4.6784997,4.7241042,4.0968947,5.7034425,2.5269811,2.3303904,4.4435767,5.1421813,4.3311463,3.9625344,4.7840486,3.1046351,7.2225907,3.9903073,2.3281441,4.1665368,4.9296489,4.1592485,3.4239631,4.6370043,2.5433886,6.9736893,5.4218119,2.7317776,4.9613998,5.5284005
2006-09-01 00:00:00,504.452337,183.3007897,124.1237367,95.716177,37.2612516,38.4239029,16.6926943,3.4989298,5.4348549,277.3139454,105.2969347,68.4896207,51.2187655,19.6072044,18.5612679,8.9816421,2.5956291,2.5628812,227.1383916,78.003855,55.6341161,44.4974115,17.6540472,19.862635,7.7110522,0.9033008,2.8719737,347.7267326,128.9996734,83.1598126,65.5151952,24.9523454,27.2606419,12.7856049,1.9977198,3.0557396,210.8789933,79.5500107,50.8350145,40.2602655,15.2909907,14.6369789,7.455077,1.4171588,1.4334973,136.8477393,49.4496627,32.3247981,25.2549297,9.6613546,12.623663,5.3305279,0.580561,1.6222423,156.7256044,54.3011163,40.9639241,30.2009818,12.3089062,11.163261,3.9070894,1.50121,2.3791154,66.4349521,25.7469241,17.6546061,10.9585,4.3162136,3.924289,1.5265651,1.1784703,1.1293839,90.2906523,28.5541923,23.309318,19.2424818,7.9926926,7.238972,2.3805243,0.3227397,1.2497314,4.669133,5.2734286,4.6395109,4.3916898,4.6662208,3.420123,6.9676297,3.2410066,2.6684046,4.6947708,5.5174716,4.6437656,4.3682407,4.5547095,2.9528672,6.9654761,4.456169,2.4458928,4.6382088,4.9763077,4.6342837,4.4189946,4.7966477,4.013619,6.9701399,1.8171364,2.9041734,4.4824866,5.1439146,4.3727041,4.1270528,4.5042401,3.3990697,7.6089869,2.3522447,2.0176474,4.2116372,4.9599817,4.1001703,3.9875074,4.1786947,2.6985446,6.8692867,2.8966863,1.6298964,4.975564,5.4702492
2006-10-01 00:00:00,449.6126423,153.8779708,124.0237972,73.5946422,35.4996944,39.2402688,15.3639253,2.7886343,5.2237092,242.1134681,90.6308946,66.7407212,34.7954113,17.9560394,18.5599531,8.2322233,2.0893955,3.1088298,207.4991742,63.2470762,57.2830761,38.7992309,17.543655,20.6803158,7.131702,0.6992388,2.1148794,321.1436627,119.4345519,85.758417,47.737579,24.9268039,26.5064548,12.0032422,1.6654003,3.1112138,190.3226211,74.5533125,51.1962831,25.8781314,14.3620606,14.194168,6.9900993,1.1497166,1.9988495,130.8210416,44.8812393,34.5621339,21.8594476,10.5647432,12.3122867,5.0131429,0.5156837,1.1123643,128.4689795,34.4434189,38.2653802,25.8570632,10.5728906,12.7338141,3.360683,1.123234,2.1124954,51.790847,16.0775821,15.544438,8.9172799,3.5939788,4.365785,1.242124,0.9396789,1.1099803,76.6781325,18.3658369,22.7209422,16.9397833,6.9789118,8.3680291,2.1185591,0.1835551,1.0025152,4.2169575,4.5047624,4.6742096,3.4469106,4.4577329,3.527095,6.4194059,2.5777958,2.59562,4.137747,4.8070159,4.5702318,3.008432,4.1574337,2.9626324,6.4240134,3.564416,2.9927159,4.3133031,4.1324251,4.8014845,3.9651999,4.8136013,4.2545999,6.4140956,1.4108692,2.1719799,4.2411443,4.8624134,4.6351548,3.1114591,4.5756373,3.3836566,7.1806415,1.9253856,2.0797405,3.8750881,4.7428141,4.2122851,2.631066,3.9950732,2.6459452,6.4692513,2.3096971,2.303338,4.916865,5.0749973
2006-11-01 00:00:00,446.6607525,160.6514412,112.8910713,79.3592694,39.5030343,31.6739178,14.006613,3.1392245,5.4361809,239.2903348,88.1653331,58.0014891,40.9668945,22.6974882,15.5389532,8.6744204,2.2129688,3.0327876,207.3704176,72.4861081,54.8895823,38.3923749,16.8055461,16.1349646,5.3321926,0.9262557,2.4033934,325.5845777,121.1965343,81.217704,57.5047115,28.6998857,20.5841467,11.3198941,1.6876545,3.374047,191.8667014,72.1251526,45.4909541,32.8615676,19.0170585,11.7036549,7.313304,1.3692464,1.9857633,133.7178763,49.0713817,35.7267499,24.6431438,9.6828272,8.8804918,4.0065901,0.3184081,1.3882837,121.0761748,39.4549069,31.6733674,21.854558,10.8031486,11.0897711,2.6867189,1.45157,2.0621339,47.4236335,16.0401805,12.510535,8.1053269,3.6804297,3.8352983,1.3611164,0.8437224,1.0470242,73.6525413,23.4147264,19.1628323,13.7492311,7.1227189,7.2544728,1.3256025,0.6078476,1.0151097,4.194665,4.6954113,4.2957016,3.7067749,4.9486244,2.8365766,5.9240505,2.9531069,2.714056,4.1054534,4.682407,4.0277502,3.5256184,5.2950346,2.481463,6.7906359,3.7803571,2.9579677,4.3025507,4.7113264,4.6205144,3.9218015,4.546871,3.2900064,4.9056237,1.9392414,2.4582651,4.2656457,4.9083884,4.3570301,3.6889869,5.2261489,2.5965527,6.8417199,2.0023553,2.26423,3.8874627,4.5621938,3.7477603,3.2924951,5.2623692,2.1791463,6.8146788,2.753097,2.2773397,4.9576739,5.5245616
2006-12-01 00:00:00,486.9506156,166.2180876,134.5300638,84.5812258,43.8329138,35.5869521,13.8246153,2.4544947,5.9222627,246.110693,79.8657829,70.9431351,40.001627,24.4670068,18.5428917,7.8934478,1.6422124,2.7545892,240.8399226,86.3523046,63.5869287,44.5795988,19.3659069,17.0440604,5.9311674,0.8122823,3.1676735,345.5306283,119.5307848,92.6510079,61.5611659,32.26676,23.5964704,10.7202845,1.7122213,3.4919335,194.538892,66.092679,54.6827043,31.7870311,19.6407143,12.8644556,6.5132729,1.3039307,1.6541041,150.9917363,53.4381058,37.9683036,29.7741348,12.6260457,10.7320149,4.2070115,0.4082906,1.8378294,141.4199873,46.6873027,41.879056,23.0200599,11.5661538,11.9904817,3.1043308,0.7422734,2.4303291,51.5718011,13.773104,16.2604309,8.2145959,4.8262925,5.6784362,1.3801749,0.3382817,1.100485,89.8481863,32.9141988,25.6186251,14.805464,6.7398613,6.3120455,1.7241559,0.4039917,1.3298441,4.4710167,4.7478953,4.9670307,3.8771917,5.3809987,3.1377366,5.7259126,2.2751041,2.9266874,4.1303619,4.1720804,4.763863,3.3649076,5.5815417,2.9221158,6.00444,2.8188527,2.6574215,4.8825192,5.4426426,5.2151766,4.4906555,5.1473414,3.4116149,5.392984,1.636783,3.2094829,4.4235158,4.7538793,4.8306297,3.8491217,5.7793143,2.897226,6.3771088,2.0039652,2.2796468,3.8673227,4.1256357,4.3844362,3.114508,5.3781181,2.3524387,5.9125142,2.6547984,1.8547253,5.4296055,5.8569738
2007-01-01 00:00:00,534.5290017,184.4385124,140.4131936,97.6818306,49.2073683,39.7865008,13.3520692,2.5153276,7.1341992,280.7309669,93.1973998,73.1403819,49.3101238,29.2116847,22.858911,7.1782687,1.6662191,4.167978,253.7980347,91.2411126,67.2728118,48.3717068,19.9956836,16.9275898,6.1738005,0.8491086,2.9662211,399.630056,142.5794707,101.0126863,71.8398393,38.1560123,28.3834691,10.6866739,2.0979304,4.8739739,227.6156009,76.5617533,58.52336,39.2895525,23.7734359,18.8469285,6.1604945,1.5116567,2.9484196,172.014455,66.0177174,42.4893264,32.5502868,14.3825765,9.5365406,4.5261794,0.5862737,1.9255543,134.8989457,41.8590416,39.4005073,25.8419913,11.051356,11.4030317,2.6653953,0.4173972,2.2602252,53.115366,16.6356465,14.6170219,10.0205713,5.4382489,4.0119825,1.0177742,0.1545624,1.2195584,81.7835797,25.2233952,24.7834854,15.82142,5.6131071,7.3910492,1.6476211,0.2628349,1.0406668,4.999959,5.3917386,5.2802199,4.5378391,6.1868759,3.5505075,5.5970423,2.3981011,3.59065,4.7772537,4.9513009,5.0062733,4.1759671,6.7634203,3.6206624,5.5575978,2.9423728,4.0347055,5.2717989,5.9305999,5.6142297,4.9775401,5.5017258,3.4599751,5.6436142,1.7594497,3.1097328,5.1597095,5.6975753,5.3002088,4.5674187,6.9173576,3.5200364,6.3890112,2.4559065,3.1769574,4.5461281,4.7966493,4.7485151,3.8672249,6.5556246,3.416094,5.6170302,3.0896596,3.3024833,6.2815605,7.2842474
2007-02-01 00:00:00,567.1657273,205.4767554,146.4155996,104.993374,45.3390093,39.9825764,14.1543334,4.678384,6.1256952,279.9391029,102.8000574,72.111919,45.7685325,26.4623505,19.1493791,7.8005943,2.8628358,2.9834342,287.2266245,102.676698,74.3036806,59.2248415,18.8766588,20.8331972,6.3537391,1.8155483,3.142261,388.8438389,147.6637077,97.9283182,69.7330348,33.8964041,23.0274316,9.8386799,2.8404682,3.9157946,221.3869835,85.6212602,56.6757505,33.6526006,21.6521009,13.8312365,5.8671124,1.9361263,2.1507962,167.4568554,62.0424475,41.2525677,36.0804342,12.2443032,9.1961951,3.9715674,0.9043419,1.7649984,178.3218884,57.8130477,48.4872814,35.2603393,11.4426053,16.9551448,4.3156535,1.8379159,2.2099006,58.5521193,17.1787972,15.4361686,12.1159319,4.8102497,5.3181427,1.9334819,0.9267095,0.832638,119.7697691,40.6342505,33.0511129,23.1444073,6.6323556,11.6370021,2.3821716,0.9112064,1.3772627,5.2301543,5.9301444,5.4080691,4.7987261,5.6493158,3.5143715,5.9869424,4.3307572,3.0750561,4.7164674,5.3937349,4.8667271,3.8562451,6.0749345,3.0249814,6.0079065,4.9125005,2.8664077,5.851267,6.5859024,6.0625329,5.9161254,5.1440841,4.1282747,5.9614037,3.6493154,3.3033566,4.973648,5.8254209,5.0829868,4.3736141,6.1036284,2.8593926,5.921432,3.3738119,2.5889165,4.3792374,5.2561685,4.5265423,3.3112465,5.9259515,2.5304939,5.3722014,3.9904606,2.4349344,6.0613397,6.8490943
2007-03-01 00:00:00,512.0001281,176.2310694,138.6849936,97.8014462,40.8873001,33.5370035,12.9925448,5.067001,6.7987694,251.5438133,84.7632684,68.8869732,46.5414843,22.545189,15.9660341,6.7859222,2.3683017,3.6866404,260.4563147,91.467801,69.7980204,51.2599619,18.3421111,17.5709694,6.2066225,2.6986992,3.1121291,345.0720364,124.4286931,89.2247318,67.9595873,28.7825031,19.6002289,9.340868,2.1657215,3.5697026,192.0427733,67.1107522,51.4179418,35.5176221,18.2471626,10.7037874,5.7033422,1.0125962,2.3295689,153.0292631,57.317941,37.80679,32.4419652,10.5353405,8.8964415,3.6375258,1.1531254,1.2401337,166.9280917,51.8023763,49.4602618,29.841859,12.104797,13.9367746,3.6516767,2.9012794,3.2290668,59.50104,17.6525163,17.4690314,11.0238623,4.2980264,5.2622467,1.08258,1.3557056,1.3570714,107.4270517,34.1498601,31.9912304,18.8179967,7.8067706,8.6745279,2.5690967,1.5455739,1.8719954,4.7140294,5.0961076,5.0984291,4.4403778,5.1550279,2.9492077,5.4030069,4.6202651,3.4010019,4.2309939,4.4589888,4.6334298,3.8795522,5.2584634,2.5167621,5.1751979,3.9660584,3.5466889,5.298206,5.8738718,5.6589325,5.1112421,5.0333333,3.4948668,5.6761904,5.4022809,3.2431888,4.4591748,5.0148042,4.6471598,4.2521593,5.2979258,2.4647658,5.6254271,2.5348293,2.3950808,3.82592,4.1917421,4.1427725,3.4458996,5.0514269,1.9918775,5.1661523,2.0217117,2.6610736,5.62824,6.5118897
2007-04-01 00:00:00,483.3605365,176.9581968,132.5710385,77.1885005,41.7894325,31.1698297,11.3474247,5.3757166,6.9603972,240.2210914,84.2232993,64.9080133,39.1910286,23.0809853,14.6062826,6.844231,3.4740132,3.8932381,243.1394451,92.7348975,67.6630251,37.9974719,18.7084472,16.5635471,4.5031937,1.9017033,3.0671592,330.9886755,118.4000726,88.0917999,59.2057698,30.689387,19.9166049,8.0399647,2.620388,4.0246886,189.9718975,64.3774088,53.5443364,32.6585962,19.4177848,11.1074511,4.9420561,1.8615841,2.06268,141.016778,54.0226638,34.5474635,26.5471736,11.2716022,8.8091538,3.0979087,0.7588039,1.9620086,152.371861,58.5581242,44.4792386,17.9827307,11.1000455,11.2532249,3.3074599,2.7553285,2.9357086,50.2491939,19.8458905,11.3636769,6.5324324,3.6632005,3.4988315,1.9021749,1.6124291,1.830558,102.1226671,38.7122337,33.1155616,11.4502984,7.436845,7.7543934,1.405285,1.1428994,1.1051506,4.4564798,5.1155083,4.8658254,3.5344175,5.2569691,2.7507228,4.7408445,4.9518422,3.4363989,4.0380337,4.4269315,4.360758,3.2837364,5.3531044,2.2962646,5.2068649,5.8088821,3.6733996,4.9647864,5.9570371,5.474017,3.8364961,5.1430197,3.3322921,4.1731708,3.9005509,3.1762783,4.292827,4.7777434,4.6197257,3.7240151,5.6947789,2.4885407,4.9942808,3.0976842,2.672384,3.7832035,4.0082514,4.2877694,3.1942894,5.4618321,2.0433533,4.5846366,3.7426529,2.3569083,5.2445661,6.1949979
2007-05-01 00:00:00,465.2730059,168.1738323,128.5964275,74.0710719,37.5198665,35.8580611,9.1351535,6.0215755,5.8970176,234.1856779,82.5652254,64.2459425,35.3989343,21.7128416,17.7417898,5.1850201,3.8661807,3.4697435,231.087328,85.6086069,64.3504851,38.6721375,15.807025,18.1162713,3.9501334,2.1553948,2.4272741,324.0918659,116.9253883,88.1597769,55.4661252,28.099278,22.9422441,6.3969044,2.7761987,3.3259503,180.4048414,63.6419219,50.0467211,28.016209,17.6180092,13.0419771,3.9051918,2.0064281,2.1283832,143.6870245,53.2834664,38.1130558,27.4499162,10.4812688,9.900267,2.4917127,0.7697706,1.1975671,141.18114,51.2484441,40.4366507,18.6049467,9.4205885,12.915817,2.7382491,3.2453768,2.5710673,53.7808365,18.9233035,14.1992214,7.3827253,4.0948324,4.6998127,1.2798283,1.8597526,1.3413602,87.4003035,32.3251406,26.2374293,11.2222213,5.3257561,8.2160043,1.4584207,1.3856242,1.229707,4.2774755,4.830686,4.7341537,3.3917395,4.7116792,3.1253707,3.8329297,5.3428541,2.9335754,3.9338914,4.3387532,4.3112942,2.9689187,5.0121427,2.7851405,3.9515185,6.3253139,3.304418,4.6928413,5.4237786,5.2480562,3.9001728,4.3532156,3.5500809,3.6876619,4.1786606,2.5280172,4.1676889,4.6645381,4.5760008,3.4816222,5.1601079,2.8394016,3.9647452,3.1983876,2.2285742,3.5799528,3.9393521,3.9959571,2.7375595,4.9134149,2.4015686,3.6257521,3.9127203,2.4376428,5.2498209,5.979217
2007-06-01 00:00:00,459.0113248,157.5507365,120.9239125,77.1455261,37.2299378,43.1938614,11.6197773,5.2749611,6.0726122,230.018674,81.9082207,56.2827737,36.4713439,21.0080484,22.0581202,5.5825487,3.5569796,3.1506388,228.9926508,75.6425158,64.6411388,40.6741822,16.2218894,21.1357412,6.0372286,1.7179815,2.9219733,325.0071896,114.935257,84.1360908,54.0835389,27.6880492,30.2275609,8.184068,2.4043646,3.3482602,183.7142872,66.9261891,44.2815146,28.1120291,17.8430202,18.1920714,4.6492662,1.8663363,1.8438605,141.2929024,48.0090679,39.8545762,25.9715098,9.845029,12.0354895,3.5348019,0.5380283,1.5043997,134.0041352,42.6154795,36.7878218,23.0619873,9.5418885,12.9663005,3.4357092,2.8705965,2.724352,46.3043868,14.9820316,12.0012591,8.3593148,3.1650282,3.8660488,0.9332825,1.6906434,1.3067784,87.6997484,27.6334479,24.7865626,14.7026724,6.3768603,9.1002516,2.5024267,1.1799532,1.4175736,4.2129282,4.5241713,4.4652388,3.5085937,4.6825756,3.7334684,4.8863544,4.6122355,3.0088455,3.8512048,4.273291,3.7893735,3.0526283,4.8703757,3.4108036,4.2707687,5.7466709,2.9950726,4.6518053,4.831307,5.2861557,4.0511853,4.4598658,4.1424493,5.637779,3.2740601,3.0238388,4.1937258,4.6356009,4.3986212,3.402394,5.0954141,3.6791906,4.9873869,2.6882375,2.2385184,3.646655,4.1698436,3.5532058,2.7510804,4.9381027,3.286212,4.2233355,3.6080344,2.0940812,5.2099948,5.4905228
2007-07-01 00:00:00,426.0569857,150.8518657,109.9192355,72.8424693,36.3218963,35.1435674,11.4947018,4.5292231,4.9540267,210.0914944,74.3254257,54.4369205,31.526266,20.7418633,18.5527494,5.55106,2.5911133,2.3660963,215.9654913,76.52644,55.482315,41.3162032,15.5800331,16.5908181,5.9436418,1.9381098,2.5879304,297.6628989,111.2037093,71.7555915,49.3590632,27.9609761,23.3982933,10.1171505,1.4083255,2.4597895,164.066061,61.5932978,40.0280154,23.0413965,17.6321204,14.549659,5.1260647,0.7056836,1.3898237,133.5968379,49.6104115,31.7275761,26.3176667,10.3288558,8.8486343,4.9910859,0.7026419,1.0699658,128.3940868,39.6481564,38.163644,23.4834061,8.3609202,11.7452741,1.3775513,3.1208976,2.4942371,46.0254334,12.732128,14.4089052,8.4848695,3.1097429,4.0030903,0.4249953,1.8854297,0.9762726,82.3686535,26.9160285,23.7547389,14.9985366,5.2511773,7.7421838,0.952556,1.235468,1.5179646,3.9149252,4.3459174,4.0494168,3.3285419,4.5796111,3.029323,4.7957071,3.9594032,2.4574375,3.5184757,3.8862868,3.6478147,2.6530987,4.8202891,2.8619872,4.2232872,4.1751237,2.2333946,4.3968747,4.9099102,4.5398041,4.1310467,4.2941667,3.2412437,5.4907637,3.7035736,2.705583,3.8143697,4.4459528,3.7431976,3.0987656,5.0929626,2.7993447,6.1436084,1.5579419,1.6105186,3.2367497,3.8098436,3.1892722,2.2563162,4.8885455,2.5793814,4.6915885,1.3506895,1.5507834,4.8849392,5.6085718
2007-08-01 00:00:00,446.7900621,152.4207304,123.8745752,75.0328263,36.8574694,35.6334509,12.8295791,5.107092,5.0343387,223.9457134,75.1942197,62.4267917,34.7481987,20.4070107,19.5955745,6.7775756,2.5811767,2.2151658,222.8443487,77.2265107,61.4477836,40.2846276,16.4504587,16.0378764,6.0520036,2.5259153,2.8191729,295.3611641,102.2959128,77.8904691,50.3304819,26.5957138,24.0649911,9.3425946,1.8856768,2.9553241,166.7878703,56.499633,44.1829782,26.0387814,16.3143552,15.9787746,5.6173085,0.8804821,1.2755573,128.5732938,45.7962798,33.7074909,24.2917005,10.2813586,8.0862165,3.7252861,1.0051946,1.6797668,151.428898,50.1248177,45.9841062,24.7023444,10.2617557,11.5684598,3.4869846,3.2214152,2.0790145,57.1578431,18.6945867,18.2438135,8.7094173,4.0926556,3.6167999,1.1602671,1.7006945,0.9396085,94.2710549,31.4302309,27.7402927,15.9929271,6.1691001,7.9516599,2.3267175,1.5207207,1.139406,4.1166713,4.4210047,4.5774371,3.4330929,4.5979977,3.0807315,5.3765557,4.4422144,2.4932086,3.7679483,3.9654003,4.2023224,2.9285472,4.6965721,3.0564021,5.1685741,4.1416135,2.0893343,4.5388139,4.9778878,5.0339446,4.0323277,4.4813194,3.1109887,5.6302782,4.798081,2.9397154,3.8194623,4.1345257,4.1030426,3.1775642,4.8184771,2.9248962,5.7229679,2.1109156,1.9796737,3.3202527,3.5351619,3.5687038,2.5436192,4.5081264,2.8946394,5.1667251,1.6710954,1.4484889,4.7449141,5.2280752
2007-09-01 00:00:00,465.5611537,165.2198834,117.9674539,81.7962985,36.8495485,41.6595671,12.8368055,4.3973317,4.834265,232.322777,84.2597762,56.8417476,39.0647122,19.3460227,20.6428434,6.8377542,2.6380541,2.6918666,233.2383767,80.9601072,61.1257063,42.7315864,17.5035258,21.0167237,5.9990514,1.7592775,2.1423984,305.1446407,112.7911471,72.3123775,51.8652556,26.788538,27.89926,9.5086896,1.5737741,2.4055989,175.9250779,66.651231,41.7760961,27.1285617,15.9147314,15.7850954,5.643187,1.2533857,1.7727895,129.2195628,46.1399161,30.5362814,24.7366939,10.8738066,12.1141646,3.8655026,0.3203884,0.6328094,160.4165129,52.4287363,45.6550764,29.931043,10.0610105,13.7603071,3.328116,2.8235576,2.4286661,56.3976991,17.6085452,15.0656515,11.9361505,3.4312913,4.857748,1.1945671,1.3846684,0.919077,104.0188138,34.8201911,30.5894249,17.9948925,6.6297192,8.9025591,2.1335488,1.4388891,1.5095891,4.2115748,4.6683103,4.304915,3.658471,4.5623793,3.5566202,5.2890363,3.7812191,2.4046822,3.8531855,4.3537044,3.7797984,3.2289551,4.4808866,3.1841526,5.2067166,4.1417978,2.5565813,4.6416007,5.0479506,4.9435784,4.1649515,4.6559696,4.0183008,5.3860974,3.3445983,2.2376354,3.8587535,4.4390171,3.7373868,3.2011238,4.7918054,3.321639,5.5990373,1.7254127,1.5838691,3.4382348,4.0685376,3.2973001,2.6192248,4.4182705,2.8238883,5.0195175,2.2892371,1.9824154,4.6296529,5.1113649
2007-10-01 00:00:00,449.4406812,154.262637,113.4387058,74.5854067,43.1253802,40.1965449,14.6823895,4.6068176,4.5427994,228.9923731,75.1579556,57.8845683,37.9858166,24.9805783,21.3573748,7.0016173,2.1432269,2.4812354,220.4483081,79.1046814,55.5541375,36.59959,18.1448019,18.8391701,7.6807722,2.4635908,2.061564,296.6008438,100.576443,73.2900215,48.6819184,31.7762625,27.802354,10.165252,2.0593477,2.2492447,173.5809708,56.6213306,45.1066415,27.3155434,19.0673021,17.3226693,5.6696547,0.8734766,1.6043528,123.0198729,43.9551125,28.18338,21.366375,12.7089604,10.4796847,4.4955973,1.1858711,0.6448919,152.8398374,53.686194,40.1486843,25.9034883,11.3491177,12.394191,4.5171375,2.54747,2.2935547,55.4114023,18.536625,12.7779268,10.6702732,5.9132762,4.0347055,1.3319626,1.2697503,0.8768826,97.4284351,35.149569,27.3707575,15.233215,5.4358414,8.3594854,3.1851749,1.2777197,1.4166721,4.0970234,4.4175967,4.1639243,3.3690924,5.3189915,3.4363784,6.0396527,3.9475137,2.2773784,3.8215027,3.9319048,3.8858703,3.158985,5.7343926,3.2770293,5.2862285,3.3898486,2.3496493,4.4286965,5.0049975,4.499384,3.6189061,4.8366294,3.6368635,6.9415176,4.6068319,2.1960803,3.7858375,4.0196925,3.8046014,3.0291479,5.6893849,3.3254388,6.159964,2.2626558,1.5164999,3.4191523,3.4989564,3.6004544,2.6453304,5.3060507,3.078233,5.1795551,1.635071,1.8208377,4.4608639,4.9730958
2007-11-01 00:00:00,451.3418053,157.3320928,122.6578464,74.9277185,36.6389389,34.6530667,12.6812947,6.8358445,5.6150029,234.178972,84.8907055,60.5550405,37.036005,20.0612581,19.2302366,5.7356844,3.6770992,2.9929427,217.1628333,72.4413873,62.1028059,37.8917135,16.5776808,15.4228301,6.9456103,3.1587453,2.6220601,307.2554802,109.8094533,80.4461267,50.2725116,25.6485416,25.3815867,9.5797757,2.5363659,3.5811187,184.4680608,66.9972015,49.0722879,27.9948153,15.9338213,16.0753858,4.7046944,1.5673561,2.1224986,122.7874194,42.8122518,31.3738389,22.2776963,9.7147203,9.3062009,4.8750813,0.9690098,1.4586201,144.0863251,47.5226395,42.2117196,24.6552069,10.9903973,9.27148,3.101519,4.2994786,2.0338842,49.7109112,17.893504,11.4827526,9.0411897,4.1274368,3.1548508,1.0309899,2.1097432,0.8704442,94.3754139,29.6291355,30.728967,15.6140172,6.8629605,6.1166292,2.0705291,2.1897355,1.16344,4.1081709,4.4945345,4.4831797,3.3821038,4.5167678,2.9837686,5.2024034,5.7735793,2.8099113,3.9006394,4.4319866,4.0440757,3.0862706,4.5731669,2.9518653,4.3430927,5.7610109,2.8567259,4.3582165,4.5701158,5.0140327,3.7317291,4.45035,3.024527,6.2184347,5.7882795,2.7583158,3.8983303,4.3210364,4.1790136,3.1262303,4.5488354,3.0442323,5.6893339,2.8052357,2.3724036,3.6189773,4.1069218,3.9086897,2.7103079,4.3698722,2.8752704,4.2637963,2.9063836,2.3698684,4.4097119,4.7048921
2007-12-01 00:00:00,470.7637154,162.9503496,133.793578,75.1202076,40.1944533,36.2000774,13.2102701,5.8043362,3.4904431,250.2285591,86.6279191,72.0970603,35.9489726,22.6375206,20.9884642,6.2068165,3.6648722,2.0569335,220.5351563,76.3224305,61.6965177,39.171235,17.5569327,15.2116132,7.0034536,2.139464,1.4335096,321.1220335,114.7524978,86.3569347,50.6975058,27.89649,25.8369315,10.7402304,2.3248303,2.516613,188.8167765,68.0554015,50.453596,27.6944326,17.3783146,16.6468457,5.3127334,1.8088601,1.4665927,132.3052569,46.6970963,35.9033386,23.0030732,10.5181754,9.1900858,5.427497,0.5159701,1.0500203,149.6416819,48.1978518,47.4366434,24.4227018,12.2979633,10.3631459,2.4700397,3.479506,0.9738301,61.4117826,18.5725177,21.6434643,8.25454,5.259206,4.3416186,0.8940831,1.8560121,0.5903408,88.2298994,29.6253342,25.7931791,16.1681618,7.0387573,6.0215273,1.5759566,1.6234939,0.3834893,4.2104263,4.5789293,4.7723945,3.3590198,4.8542144,3.0482057,5.3431278,4.9023622,1.7357968,4.0924334,4.4474425,4.7047369,2.9503014,5.0544442,3.1591253,4.6135722,5.7914892,1.9474524,4.3528244,4.7379176,4.8539653,3.8482848,4.6183189,2.9073595,6.2139872,3.8815748,1.5016206,3.9984377,4.4385052,4.3700711,3.1215021,4.8858089,3.0109879,6.1761619,2.6043013,1.6412043,3.6531853,4.1331281,3.9484237,2.6507037,4.7153766,2.9091172,4.6001772,3.4513406,1.6173123,4.6217984,4.9741119
2008-01-01 00:00:00,503.3391936,176.151005,132.5216981,85.7725154,41.5826366,43.7295295,12.1282235,6.3301453,5.1234403,252.5774386,94.3626223,65.4388865,36.949566,22.6538835,22.0341105,5.6545797,3.095072,2.3887181,250.761755,81.7883826,67.0828116,48.8229493,18.9287531,21.695419,6.4736438,3.2350733,2.7347222,342.2469523,127.4109329,84.0352918,58.4481491,26.9148322,29.9414704,9.4256651,2.7080466,3.3625643,194.9323767,73.7848404,48.027072,30.3432888,16.3025317,18.2741544,4.6899032,1.5281553,1.9824311,147.3145756,53.6260925,36.0082198,28.1048604,10.6123005,11.667316,4.7357619,1.1798913,1.3801332,161.0922413,48.7400721,48.4864063,27.3243662,14.6678045,13.7880592,2.7025584,3.6220987,1.760876,57.6450619,20.577782,17.4118146,6.6062773,6.3513518,3.7599561,0.9646766,1.5669166,0.4062869,103.4471794,28.1622902,31.0745918,20.718089,8.3164526,10.028103,1.7378818,2.055182,1.354589,4.5641001,4.9995735,4.7968276,3.9153321,5.1570133,3.6925904,4.9488158,5.394335,2.5807885,4.1688243,4.8751325,4.3028977,3.0805961,5.1261063,3.3359679,4.2076941,4.9146533,2.3169963,5.0460126,5.1512788,5.4016932,4.9253727,5.1944962,4.1423276,5.8486257,5.9499306,2.8657793,4.2993847,4.950479,4.297782,3.6745494,4.8128353,3.4640446,5.5255051,2.9355365,2.1791353,3.7992255,4.50908,3.7694313,2.9478416,4.4785205,3.2064397,4.1366257,2.8236447,2.2126984,5.2063353,5.7210448
2008-02-01 00:00:00,500.3596899,169.0480325,130.0351794,95.8980451,41.3932489,37.7720795,13.5498085,6.2063337,6.4569623,242.885303,84.5221034,60.5753291,44.4298986,21.1096527,19.4009303,5.7488503,3.5601559,3.5383827,257.4743869,84.5259291,69.4598503,51.4681465,20.2835962,18.3711492,7.8009582,2.6461778,2.9185796,332.9073241,118.9824687,78.2771497,69.2293463,26.6298653,22.6093258,9.9448079,3.264397,3.9699634,182.8250518,66.7435523,40.9527229,35.8666498,16.1451107,13.8772317,4.7115338,2.1165011,2.4117494,150.0822723,52.2389164,37.3244268,33.3626965,10.4847546,8.7320941,5.2332741,1.1478959,1.558214,167.4523658,50.0655638,51.7580297,26.6686988,14.7633836,15.1627537,3.6050007,2.9419367,2.4869988,60.0602513,17.7785511,19.6226062,8.5632488,4.964542,5.5236986,1.0373166,1.4436548,1.1266333,107.3921145,32.2870127,32.1354235,18.10545,9.7988416,9.6390552,2.5676841,1.4982819,1.3603656,4.4983162,4.7555228,4.6835231,4.2980962,5.0558748,3.1947883,5.5772666,5.4260674,3.1881011,3.9932111,4.3466027,3.9937549,3.6616385,4.7556767,2.9241108,4.3287987,5.6888064,3.3695864,5.1077974,5.2493491,5.5140517,5.0568706,5.4113746,3.5409369,7.0826135,5.1086303,2.9926855,4.1521803,4.597936,3.9764224,4.2748921,4.7103727,2.6374872,5.6846289,3.6013352,2.5815794,3.5432,4.0415218,3.2274739,3.4472484,4.3948021,2.4157705,4.1020073,3.9609844,2.7094288,5.2517347,5.5793494
2008-03-01 00:00:00,479.6753457,160.7003554,124.7910239,91.1584339,38.4183032,40.649202,11.7475129,5.13,7.0805143,247.5212578,82.3699819,66.0129806,43.2689363,23.0687959,21.7290001,4.6512663,2.956617,3.4636797,232.1540879,78.3303736,58.7780433,47.8894976,15.3495073,18.9202019,7.0962466,2.173383,3.6168346,321.9892063,110.925803,82.4814476,61.1312649,25.8164874,26.1268194,8.6386543,2.7201035,4.1486261,188.6731107,63.6992649,49.7123601,34.0968024,16.7908142,16.0469676,4.1502294,1.7992481,2.377424,133.3160955,47.2265381,32.7690875,27.0344625,9.0256732,10.0798518,4.4884249,0.9208554,1.7712021,157.6861395,49.7745524,42.3095763,30.027169,12.6018158,14.5223826,3.1088586,2.4098965,2.9318882,58.8481471,18.670717,16.3006205,9.1721339,6.2779817,5.6820325,0.5010369,1.1573689,1.0862557,98.8379924,31.1038354,26.0089558,20.8550351,6.3238341,8.8403501,2.6078217,1.2525276,1.8456325,4.2992943,4.483521,4.5155445,4.065638,4.6848904,3.4244021,4.8537445,4.4595874,3.4893767,4.0580658,4.2051261,4.3621001,3.556766,5.1378861,3.271953,3.5305463,4.7895993,3.3219004,4.590218,4.8190105,4.7012759,4.6692156,4.1367416,3.6179997,6.4343823,4.0774032,3.6663936,4.0664656,4.2827508,4.2843166,3.8366691,4.6449057,3.0827917,5.1134211,3.0623353,2.7938878,3.6838132,3.8469093,3.9573162,3.3372278,4.5671309,2.8094713,3.7329141,3.4706444,2.7625271,4.7672838,5.0552703
2008-04-01 00:00:00,484.1064385,163.1128939,135.1458604,85.3422956,41.1722131,39.3272974,8.6271937,5.0588697,6.3198148,248.6108453,90.522517,65.9414869,41.4544048,20.9620681,20.2648409,3.6060766,2.5021686,3.3572825,235.4955932,72.5903769,69.2043735,43.8878908,20.210145,19.0624566,5.0211171,2.5567011,2.9625323,338.7589346,119.8212527,87.4428985,62.8290762,26.935912,29.303139,5.84553,3.276119,3.3050073,197.808236,72.4252165,49.7855623,34.6862094,16.9658636,17.4290055,2.9189001,1.5435927,2.0538859,140.9506986,47.3960362,37.6573362,28.1428669,9.9700483,11.8741335,2.9266299,1.7325263,1.2511214,145.3475039,43.2916412,47.702962,22.5132193,14.2363011,10.0241584,2.7816637,1.7827507,3.0148076,50.8026093,18.0973005,16.1559247,6.7681954,3.9962044,2.8358353,0.6871765,0.9585759,1.3033966,94.5448946,25.1943407,31.5470373,15.7450239,10.2400967,7.1883231,2.0944872,0.8241748,1.711411,4.3261106,4.5493528,4.8554213,3.8086583,5.0254323,3.307087,3.4965212,4.2310393,3.0675319,4.070424,4.6094525,4.3417826,3.4131996,4.685119,3.0708127,2.6993936,3.9074386,3.1781818,4.6333682,4.4765671,5.4722761,4.2766875,5.4348947,3.6016874,4.4376504,4.6042114,2.9510977,4.2675218,4.642383,4.5398179,3.910244,4.8143369,3.437268,3.4928278,3.5082093,2.1832515,3.8452537,4.3607382,3.9740226,3.3415669,4.6048349,3.0474285,2.6348685,2.8696966,2.343464,5.0450284,5.1507276
2008-05-01 00:00:00,478.2923883,170.7920358,119.9900855,85.9353332,41.7542265,41.8367164,9.1686375,3.9772527,4.8381009,247.241167,92.6542783,59.3600879,40.5025999,22.6003067,22.8570336,4.4429856,2.103287,2.7205882,231.0512214,78.1377575,60.6299976,45.4327333,19.1539198,18.9796828,4.7256519,1.8739657,2.1175128,317.519588,121.3832127,70.22546,57.8556869,28.0050181,27.3172276,6.7913115,2.8568323,3.084839,190.6825557,73.6208292,43.2183389,31.5326494,17.029174,17.4823654,3.8663315,1.7205869,2.2122803,126.8370323,47.7623835,27.0071211,26.3230375,10.9758441,9.8348622,2.92498,1.1362454,0.8725586,160.7728004,49.4088231,49.7646255,28.0796464,13.7492084,14.5194887,2.377326,1.1204204,1.7532619,56.5586113,19.0334491,16.141749,8.9699505,5.5711326,5.3746682,0.5766541,0.3827001,0.5083078,104.2141891,30.375374,33.6228766,19.1096959,8.1780758,9.1448205,1.8006719,0.7377203,1.2449541,4.2824745,4.7816443,4.331131,3.815389,5.11044,3.5213916,3.6920226,3.4354782,2.3622393,4.0538117,4.7198577,3.9046739,3.3499193,5.1021413,3.4608903,3.2940326,3.4090785,2.5511612,4.5575661,4.8570391,4.8497078,4.3548278,5.1202666,3.5971208,4.1651622,3.4655997,2.1570126,4.0034823,4.7177231,3.6614255,3.6030135,4.9449826,3.1874234,3.9638128,3.1807131,2.0577627,3.7153825,4.451699,3.4415287,3.0660743,4.6158125,3.0658035,3.3900176,3.2662098,2.5039271,4.5317724,5.1963637
2008-06-01 00:00:00,462.6844882,162.2928829,124.3275876,82.9209,36.9552976,37.7941561,9.3098992,4.3643299,4.7194349,236.4434435,85.023156,64.7757623,38.9123951,20.0908053,18.0930405,4.4001663,2.4860681,2.66205,226.2410447,77.2697269,59.5518253,44.008505,16.8644923,19.7011156,4.9097329,1.8782619,2.0573849,314.9548018,113.9481372,77.8127066,56.0463807,26.8702259,27.2935828,6.872194,3.1076993,3.0038755,184.1980062,67.9229159,48.1831775,30.3838,15.0501144,14.8484237,3.6560081,1.9535913,2.1999753,130.7567956,46.0252212,29.6295291,25.6625806,11.8201115,12.4451591,3.2161859,1.154108,0.8039002,147.7296863,48.3447457,46.514881,26.8745194,10.0850718,10.5005733,2.4377052,1.2566306,1.7155594,52.2454373,17.10024,16.5925848,8.528595,5.040691,3.2446168,0.7441582,0.5324768,0.4620747,95.4842491,31.2445057,29.9222962,18.3459243,5.0443808,7.2559565,1.693547,0.7241538,1.2534847,4.1282791,4.5215183,4.4748502,3.6687009,4.5110686,3.1785794,3.7698898,3.636546,2.3073028,3.8592355,4.3145263,4.2592569,3.1859845,4.4846749,2.7359715,3.2793435,3.8685712,2.5078375,4.4526936,4.7735098,4.7355808,4.2362166,4.5429201,3.7332205,4.3535309,3.369089,2.0909627,3.9632553,4.436393,4.0862788,3.4516123,4.7326213,3.1313468,4.1044572,3.4064376,1.9721541,3.5706441,4.0998689,3.8395829,2.9156974,4.0439882,2.5616069,3.2925339,3.6377326,2.4878473,4.6896588,5.0478615
2008-07-01 00:00:00,439.8364802,153.2097509,120.8749009,76.6221519,35.9508468,34.4964453,11.06466,2.5475468,5.0701776,214.0071166,78.5642583,59.736798,31.6309256,17.8063789,17.1887893,4.5677035,1.0156868,3.4965761,225.8293636,74.6454926,61.1381029,44.9912263,18.1444679,17.307656,6.4969565,1.53186,1.5736014,302.7722594,112.4417273,74.8895126,55.9133971,23.9532292,22.1912253,8.1036403,1.2067151,4.0728124,168.052946,63.7353914,44.4329053,27.2896767,13.4263784,12.2711952,3.4137998,0.5973969,2.8862023,134.7193134,48.7063359,30.4566074,28.6237204,10.5268508,9.9200301,4.6898405,0.6093182,1.1866101,137.0642208,40.7680237,45.9853882,20.7087548,11.9976176,12.3052201,2.9610197,1.3408317,0.9973651,45.9541706,14.828867,15.3038927,4.3412489,4.3800004,4.9175942,1.1539037,0.4182899,0.6103738,91.1100502,25.9391567,30.6814955,16.3675059,7.6176171,7.3876259,1.807116,0.9225418,0.3869913,3.9264848,4.3083478,4.3537868,3.3731493,4.3687719,2.8588621,4.4647395,2.208943,2.4718238,3.4991732,4.0325905,3.9378747,2.5949963,3.9366246,2.5510114,3.3166955,1.6421277,3.295517,4.4403435,4.6424767,4.8547894,4.2742472,4.8962477,3.24815,5.9007084,2.8645268,1.589209,3.7513257,4.3461423,3.8661775,3.3347919,4.2019281,2.5097504,4.6769027,1.380981,2.622599,3.2246036,3.8363266,3.5090917,2.5773833,3.5574271,2.0755106,2.978618,1.1423663,3.220371,4.7113071,5.2610192
2008-08-01 00:00:00,429.3635785,162.9261801,111.759882,68.9697054,34.8111388,31.5966122,9.918438,2.3048933,7.0767288,216.1744951,84.4760014,55.2391386,34.371281,17.0480027,15.3529423,4.3605832,1.2566958,4.0698501,213.1890834,78.4501786,56.5207434,34.5984244,17.7631361,16.2436699,5.5578548,1.0481974,3.0068787,299.769074,118.9249287,76.0642886,48.2968994,22.8126206,21.1922238,6.5739423,1.4786124,4.4255582,173.455733,71.9150313,44.4789028,25.950725,13.0530692,11.8144786,2.5666343,0.75084,2.9260518,126.313341,47.0098973,31.5853857,22.3461745,9.7595515,9.3777453,4.007308,0.7277724,1.4995064,129.5945045,44.0012514,35.6955935,20.672806,11.9985181,10.4043883,3.3444957,0.8262809,2.6511706,42.7187621,12.5609701,10.7602358,8.420556,3.9949335,3.5384637,1.7939489,0.5058559,1.1437983,86.8757423,31.4402813,24.9353577,12.25225,8.0035847,6.8659247,1.5505468,0.320425,1.5073723,3.8543187,4.632738,4.0565772,3.0436529,4.2643836,2.6099341,3.9388277,1.9755678,3.4273103,3.5564521,4.3880833,3.681565,2.8251779,3.8076055,2.2625087,3.1054943,2.0110515,3.803598,4.2120328,4.9286381,4.5050678,3.2969358,4.8192473,3.0530445,4.9892401,1.9346423,3.02258,3.7544318,4.6573256,3.9533366,2.9398438,4.0181063,2.4085107,3.7718411,1.630777,2.9227517,3.3451937,4.3711279,3.5366194,2.4597724,3.4536845,2.0022678,2.2234283,1.3827305,3.2662799,4.5125068,5.1757379
2008-09-01 00:00:00,484.8549269,174.8972211,123.192506,84.0371935,47.0372898,36.7021351,10.0151906,3.2061408,5.7672501,250.9518523,87.6853776,62.3882101,43.8045474,27.294645,20.7708055,3.9922282,1.9655315,3.0505069,233.9030746,87.2118435,60.8042959,40.2326461,19.7426448,15.9313295,6.0229624,1.2406093,2.7167432,322.469266,114.8276619,81.0999204,57.7341171,32.1102202,25.209423,5.9177728,2.2812543,3.2888963,188.0702828,67.0197122,45.1995424,32.8866928,20.6948689,16.0583269,2.6278092,1.5859199,1.9974105,134.3989833,47.8079497,35.900378,24.8474244,11.4153513,9.1510961,3.2899636,0.6953344,1.2914858,162.3856609,60.0695592,42.0925856,26.3030764,14.9270696,11.4927121,4.0974178,0.9248865,2.4783538,62.8815695,20.6656654,17.1886677,10.9178547,6.5997761,4.7124787,1.364419,0.3796115,1.0530964,99.5040914,39.4038938,24.9039179,15.3852218,8.3272935,6.7802334,2.7329988,0.545275,1.4252573,4.2758409,4.8573403,4.4167397,3.6489439,5.5824104,2.9991332,3.9597336,2.681097,2.7782221,4.0548993,4.4567746,4.0886785,3.5263269,5.9684948,3.0308625,2.8683486,3.0632233,2.8421428,4.5413223,5.3398839,4.8129755,3.7925251,5.1241509,2.9587497,5.2952027,2.2386516,2.7097908,3.9551506,4.3969021,4.1451154,3.4345001,5.4805982,2.8152099,3.3623401,2.4793292,2.1260815,3.5786221,4.0162413,3.5634134,3.0586367,5.3823957,2.6852014,2.2628393,2.8954312,2.2292664,4.638022,5.0706268
2008-10-01 00:00:00,458.6710019,178.4482198,113.8018531,78.7101658,43.2711681,26.8183108,9.9056976,3.7591073,3.9564794,234.9550314,94.0880752,56.9066611,40.4798646,22.230204,11.8095834,4.8602511,2.0087602,2.5716317,223.7159705,84.3601446,56.895192,38.2303012,21.0409641,15.0087274,5.0454465,1.7503471,1.3848476,317.42019,126.2748152,73.9700834,55.8307767,31.1179964,17.6496238,7.9121782,1.9178971,2.7468193,180.7135524,74.5257198,39.9345647,32.0049865,17.7390168,9.3893918,4.2271252,1.1629474,1.7298001,136.7066376,51.7490954,34.0355187,23.8257902,13.3789796,8.260232,3.685053,0.7549497,1.0170191,141.2508119,52.1734046,39.8317697,22.8793891,12.1531717,9.168687,1.9935194,1.8412102,1.2096601,54.241479,19.5623554,16.9720964,8.4748781,4.4911872,2.4201916,0.6331259,0.8458128,0.8418316,87.0093329,32.6110492,22.8596733,14.404511,7.6619846,6.7484954,1.3603935,0.9953974,0.3678285,4.0712553,5.0064545,4.1007128,3.4352982,5.2059285,2.1912106,3.9124716,3.0824378,1.9290465,3.8158824,4.8046946,3.7673082,3.2662528,4.9246838,1.7197413,3.5006242,3.0509851,2.4175435,4.3790397,5.2524506,4.4989472,3.634469,5.5402081,2.7938969,4.4125519,3.1193429,1.4027111,3.9704335,4.9427256,3.8583644,3.3930086,5.4327715,1.9914611,4.5373348,2.0595834,1.8228544,3.4738731,4.5212641,3.1959033,3.0118234,4.6453319,1.5698931,3.6312832,2.0954426,1.9290088,4.8954565,5.7091573
2008-11-01 00:00:00,465.8720176,176.2029229,112.8993675,79.2999033,42.3033516,33.7347729,11.6947953,5.2389115,4.4979928,237.3879323,86.330486,54.858986,45.8027899,22.0701463,17.373391,5.5213057,2.8043382,2.6264892,228.4840853,89.8724369,58.0403814,33.4971134,20.2332053,16.3613819,6.1734896,2.4345733,1.8715036,330.1371019,125.9415066,78.7249387,58.2783737,31.3406832,22.0790969,8.2313478,3.4937396,2.0474154,189.7122397,71.479751,40.7414398,37.5954267,17.7300926,14.7161496,3.9453889,2.3109731,1.1930181,140.4248622,54.4617556,37.9834989,20.682947,13.6105907,7.3629473,4.2859589,1.1827665,0.8543973,135.7349157,50.2614162,34.1744288,21.0215296,10.9626684,11.655676,3.4634475,1.7451719,2.4505774,47.6756926,14.850735,14.1175462,8.2073632,4.3400537,2.6572414,1.5759168,0.4933651,1.4334711,88.0592232,35.4106812,20.0568826,12.8141664,6.6226147,8.9984346,1.8875306,1.2518067,1.0171064,4.150967,4.9597511,4.0907675,3.4680066,5.0639788,2.7741175,4.6716737,4.4535665,2.1974802,3.8802,4.4689848,3.6522426,3.6896904,4.8548765,2.5482127,4.0326991,4.4489691,2.4686466,4.4754411,5.5446453,4.6144557,3.2047256,5.3136171,3.0623984,5.4429979,4.458874,1.9039708,4.1024325,4.9089611,4.075803,3.4725495,5.4552646,2.5027466,4.7728562,3.8094662,1.3545014,3.6431043,4.3714633,3.2584887,3.4811156,4.6081524,2.4597488,3.4997882,4.1711687,1.3135985,4.9446832,5.8535959
2008-12-01 00:00:00,506.5161596,187.1949466,131.8642355,85.5606419,44.8250415,34.2733577,12.7707111,4.0867183,5.9405069,277.0584557,104.5387268,72.0492577,49.1727353,22.2103596,17.8886484,5.6344083,2.4111545,3.1531651,229.4577039,82.6562198,59.8149778,36.3879066,22.6146819,16.3847093,7.1363028,1.6755638,2.7873418,353.3788751,132.586114,87.300935,62.3559381,31.7987855,24.6170766,8.7203328,2.9084329,3.0912602,217.2347579,83.3373395,55.8730319,38.8265986,17.3468213,14.2070713,4.3177623,1.7759114,1.5502216,136.1441171,49.2487745,31.4279031,23.5293395,14.4519641,10.4100053,4.4025706,1.1325215,1.5410386,153.1372845,54.6088326,44.5633005,23.2047039,13.0262561,9.6562811,4.0503783,1.1782854,2.8492467,59.8236977,21.2013873,16.1762258,10.3461367,4.8635383,3.6815771,1.316646,0.6352431,1.6029434,93.3135868,33.4074453,28.3870747,12.8585672,8.1627178,5.974704,2.7337323,0.5430423,1.2463032,4.434515,5.1683144,4.682634,3.7006004,5.3409299,2.7380455,5.0430646,3.4349321,2.8446631,4.4409556,5.2630412,4.6939701,3.9354897,4.8790368,2.5555048,4.076432,3.6862319,2.8881037,4.4267631,5.0532844,4.6690518,3.4244048,5.8884131,2.9696385,6.2047237,3.1280656,2.7970702,4.3392639,5.0886546,4.44017,3.7430853,5.4845438,2.7319886,4.9633611,3.0897711,1.988119,4.1074586,5.0137041,4.3301417,3.606282,4.5020443,2.340344,3.6916921,3.0887258,1.6702327,4.7686805,5.2207203
2009-01-01 00:00:00,600.0175636,216.6097309,145.5589128,116.1448549,53.0969964,45.1342024,11.4498992,6.2109177,5.8120493,339.1142284,122.0943472,82.7866329,69.2126839,27.4885784,24.8553377,5.471153,3.8700647,3.3354306,260.9033352,94.5153838,62.7722799,46.932171,25.6084179,20.2788647,5.9787462,2.3408531,2.4766186,437.2167084,163.3597799,98.9757626,86.1855504,38.1240714,31.9927377,8.5027549,5.6238507,4.4522009,270.7465979,101.2175997,60.712416,56.270805,22.0478836,19.8953239,4.470701,3.5770613,2.5548074,166.4701105,62.1421802,38.2633466,29.9147454,16.0761878,12.0974138,4.0320539,2.0467893,1.8973935,162.8008551,53.2499511,46.5831502,29.9593045,14.9729249,13.1414647,2.9471443,0.5870671,1.3598483,68.3676304,20.8767475,22.0742169,12.9418789,5.4406948,4.9600138,1.000452,0.2930033,0.7806232,94.4332247,32.3732036,24.5089333,17.0174256,9.5322301,8.1814509,1.9466923,0.2940637,0.5792251,5.3188148,6.0471557,5.2296281,5.0624009,6.4051585,3.7094717,4.5649972,5.11985,2.8548899,5.4884914,6.2243418,5.4468611,5.5396247,6.1175704,3.6208323,3.9557046,5.7705701,3.1287936,5.1133485,5.8326708,4.9683038,4.4917477,6.7455502,3.8242176,5.3140179,4.3153351,2.5537972,5.3543988,6.2174199,5.0524462,5.1437808,6.6478208,3.5584811,4.8608841,5.5614763,2.8718292,5.1490714,6.120013,4.7575322,5.2210656,5.7978403,3.3108885,3.8655553,5.8657597,2.7599486,5.725743,6.382892
2009-02-01 00:00:00,683.9191205,244.0806437,179.1740561,124.165118,53.4770596,60.377416,12.7246713,4.8826229,5.0375329,361.2502895,126.3328905,92.424003,71.4073011,30.0701187,29.6580906,6.3101728,2.6335503,2.4141625,322.668831,117.7477532,86.7500531,52.757817,23.4069408,30.7193253,6.4144985,2.2490726,2.6233704,495.3279421,172.6678488,129.8673434,97.3103129,36.7266327,42.7884991,8.7366001,4.1330237,3.0976814,292.901207,101.6124927,76.7759753,58.5804209,22.7449784,24.2820806,5.0013647,2.3406639,1.5632306,202.4267351,71.055356,53.0913681,38.7298921,13.9816544,18.5064185,3.7352354,1.7923598,1.5344508,188.5911784,71.4127949,49.3067127,26.8548051,16.7504268,17.5889169,3.9880712,0.7495992,1.9398515,68.3490825,24.7203978,15.6480277,12.8268802,7.3251404,5.37601,1.3088081,0.2928864,0.8509319,120.242096,46.6923972,33.658685,14.0279249,9.4252865,12.2129069,2.6792631,0.4567128,1.0889196,5.9675432,6.7305264,6.3177861,5.3123323,6.3559722,4.8686045,4.9913084,4.067749,2.464833,5.8003734,6.4107207,6.0103267,5.6302004,6.6209633,4.3208137,4.5410608,4.0041568,2.2761475,6.1665157,7.1111381,6.6819597,4.9352081,6.0451529,5.5476337,5.5307669,4.1448283,2.6683942,6.0366783,6.5645829,6.5520296,5.7250151,6.403724,4.8040751,4.9632139,4.2761764,1.9817629,5.5491695,6.0922297,5.9674544,5.3712489,6.0227613,4.1058114,4.3523908,4.0144468,1.7196607,6.9158029,7.3832099
2009-03-01 00:00:00,692.9780099,252.5520196,171.1803205,126.3983131,51.7599878,66.7193396,11.1275411,5.3711936,7.8692945,373.1246112,130.0609926,90.688743,70.9609178,29.9805098,37.4740776,6.2705063,3.1319856,4.5568784,319.8533987,122.4910271,80.4915775,55.4373953,21.779478,29.245262,4.8570347,2.239208,3.3124161,479.8715919,175.7871883,117.5485088,91.4509459,33.2337399,45.1886929,8.3256201,4.4327579,3.9041381,293.9454706,103.1932781,73.3502047,57.2696653,22.2449096,28.581132,5.0525423,2.457941,1.7957977,185.9261213,72.5939103,44.1983041,34.1812806,10.9888303,16.607561,3.2730778,1.9748169,2.1083404,213.106418,76.7648313,53.6318118,34.9473672,18.526248,21.5306467,2.801921,0.9384357,3.9651564,79.1791406,26.8677145,17.3385383,13.6912525,7.7356002,8.8929456,1.2179641,0.6740446,2.7610807,133.9272774,49.8971168,36.2932734,21.2561147,10.7906477,12.6377011,1.5839569,0.2643911,1.2040757,6.0426155,6.9451877,6.0547915,5.4022924,6.1841016,5.3363271,4.4477037,4.416984,3.8227169,5.9867808,6.5886236,5.8985717,5.5859446,6.6694056,5.4025403,4.6443646,4.6789671,4.3184072,6.10908,7.3686075,6.2410207,5.1841243,5.6210647,5.253819,4.217165,4.0961882,3.301394,5.9458372,6.7869394,6.0546892,5.4575384,5.8779394,5.1410606,4.9560709,4.5359322,2.544734,5.6577322,6.2938749,5.8229178,5.3224786,5.9492352,4.8640024,4.5594,4.1620932,2.0219345,6.4664314,7.637462
2009-04-01 00:00:00,637.0160525,221.2011441,167.4902727,116.6994319,48.0034365,58.6064091,13.3568237,5.5844155,6.074119,353.9959603,121.6531371,91.4636622,68.5692608,28.1675625,30.3488803,6.9899791,3.6705578,3.1329206,283.0200922,99.548007,76.0266105,48.1301711,19.8358741,28.2575288,6.3668446,1.9138578,2.9411984,458.1527314,166.2126616,108.7565112,91.9306074,32.1325148,40.7716588,8.7787984,4.9780199,4.5919592,282.0336671,100.7256819,67.5091467,59.2929043,21.0010705,22.0664027,5.8869585,3.3766573,2.1748452,176.1190643,65.4869797,41.2473645,32.6377031,11.1314443,18.7052561,2.8918399,1.6013626,2.417114,178.8633211,54.9884825,58.7337615,24.7688244,15.8709218,17.8347503,4.5780253,0.6063956,1.4821598,71.9622932,20.9274552,23.9545155,9.2763565,7.166492,8.2824776,1.1030206,0.2939005,0.9580754,106.9010279,34.0610273,34.779246,15.4924679,8.7044297,9.5522727,3.4750047,0.3124951,0.5240844,5.5733141,6.0985496,5.951352,5.0169055,5.7163699,4.7217962,5.3605642,4.4332916,2.9468933,5.6866667,6.1744468,5.9261754,5.4270063,6.2985983,4.3898585,5.2014551,5.3031394,2.9629033,5.437741,6.008295,5.9819255,4.5292951,5.0530798,5.1391515,5.546845,3.3723987,2.930029,5.6649786,6.4570176,5.5776393,5.4423091,5.6282936,4.6197287,5.3231754,4.8236526,3.0074743,5.405304,6.1473487,5.3053133,5.4587541,5.5821625,3.7734246,5.3622329,5.52346,2.4547476,6.1371158,6.9993326
2009-05-01 00:00:00,667.5181922,237.0872602,169.784998,126.0851181,45.2335227,63.6134904,12.6062418,4.6366768,8.4708842,387.4445607,137.84466,98.7614877,74.6935333,27.3760331,33.6932006,6.768712,3.1953002,5.1116338,280.0736315,99.2426002,71.0235103,51.3915848,17.8574895,29.9202898,5.8375297,1.4413766,3.3592504,498.4852361,177.4568044,124.9036245,98.4014131,34.1491488,45.8632338,9.5349069,3.7682352,4.4078694,318.6515707,113.4054325,81.250232,62.1260699,21.3980784,28.2789306,6.4969308,2.9037306,2.7921659,179.8336654,64.0513719,43.6533925,36.2753432,12.7510704,17.5843032,3.037976,0.8645045,1.6157035,169.0329561,59.6304558,44.8813736,27.683705,11.0843738,17.7502566,3.0713349,0.8684417,4.0630147,68.7929901,24.4392275,17.5112558,12.5674634,5.9779547,5.41427,0.2717812,0.2915696,2.3194679,100.2399661,35.1912283,27.3701178,15.1162416,5.1064191,12.3359866,2.7995537,0.5768721,1.7435469,5.8276561,6.533713,6.0135955,5.4064527,5.4031699,5.0842721,5.0576368,3.6479379,4.1228487,6.2138567,6.9753538,6.4006246,5.9151965,6.1230787,4.8389984,5.0216463,4.6170473,4.827391,5.3662728,6.0055729,5.547174,4.8057223,4.5780158,5.3920414,5.1000198,2.4895327,3.3736288,6.1531597,6.8518014,6.3884801,5.8683803,6.0085584,5.1673263,5.682871,3.6767348,2.8764804,6.1141803,6.8603118,6.4475425,5.7488535,5.7717963,4.8272843,5.8501952,4.746175,3.1376841,6.2234628,6.8367851
2009-06-01 00:00:00,654.7344765,230.5435418,166.4749408,125.8942164,42.7536958,66.9031481,10.2567391,4.4892094,7.4189851,376.0188967,126.3479952,100.7505401,74.1456744,25.1063961,36.9197119,5.8007144,2.8129968,4.1348679,278.7155798,104.1955466,65.7244007,51.7485421,17.6472998,29.9834361,4.4560247,1.6762126,3.2841172,503.0405658,174.7686149,127.8754508,101.1632679,31.6943702,51.9895365,8.0187891,3.6554761,3.8750603,318.4393179,108.0551832,84.378491,63.2073613,20.5987673,32.1243422,5.3847123,2.4344249,2.2560356,184.6012479,66.7134317,43.4969598,37.9559065,11.0956029,19.8651943,2.6340768,1.2210512,1.6190247,151.6939107,55.7749269,38.5994901,24.7309486,11.0593256,14.9136115,2.23795,0.8337333,3.5439247,57.5795788,18.292812,16.3720491,10.938313,4.5076287,4.7953697,0.4160021,0.3785719,1.8788323,94.1143319,37.4821149,22.227441,13.7926356,6.5516969,10.1182418,1.8219479,0.4551614,1.6650925,5.7303873,6.3467031,5.8957186,5.4177069,5.1525671,5.4184189,4.1605254,3.4807872,3.6055525,6.0466114,6.4009033,6.5242564,5.8987392,5.6533412,5.3575634,4.3810562,3.9713265,3.8610174,5.3527228,6.2821986,5.1370761,4.8509117,4.575907,5.4952786,3.9046622,2.8831408,3.3282885,6.2401977,6.8071539,6.53775,6.0053011,5.6864572,5.9635631,4.8418795,3.4931252,2.5173826,6.1204469,6.5634434,6.6351864,5.8680605,5.6596372,5.5058759,4.94494,3.8779806,2.5448785,6.4581676,7.2427441
2009-07-01 00:00:00,601.7201055,196.7940077,154.4185078,120.1211928,42.2667801,67.0957483,9.1705067,5.1577512,6.695611,346.2237779,109.1468354,95.059546,67.0805594,24.7601094,38.8542563,4.8671048,2.8294253,3.6259414,255.4963276,87.6471724,59.3589618,53.0406334,17.5066707,28.241492,4.3034019,2.3283259,3.0696696,453.8507389,150.7586141,108.8596456,95.1124713,32.9736015,51.5558664,6.8462953,3.4688772,4.2753675,287.3642196,95.360225,72.8733897,56.8072975,20.9920034,32.1161092,4.6503857,2.3583992,2.2064099,166.4865193,55.3983891,35.9862559,38.3051738,11.9815981,19.4397572,2.1959096,1.110478,2.0689576,147.8693667,46.0353936,45.5588622,25.0087215,9.2931786,15.5398819,2.3242114,1.688874,2.4202434,58.8595583,13.7866104,22.1861563,10.2732619,3.7681059,6.7381471,0.2167191,0.4710261,1.4195315,89.0098084,32.2487833,23.3727059,14.7354596,5.5250727,8.8017348,2.1074923,1.2178479,1.000712,5.2733888,5.4282743,5.4592891,5.1667858,5.1177724,5.4538622,3.7131064,4.1879687,3.2586291,5.5605405,5.506473,6.1566948,5.3067985,5.5953876,5.6473356,3.7271311,4.1267075,3.402583,4.9284983,5.3339448,4.6210172,4.9999503,4.566484,5.208374,3.6973713,4.2649075,3.1035333,5.6242466,5.8397065,5.5422392,5.6397901,5.9398439,5.9767416,4.1242528,3.4706708,2.7833216,5.5242097,5.7637865,5.7120402,5.2715156,5.8599757,5.5576341,4.2647186,3.8789182,2.5050841,5.8057142,5.9751848
2009-08-01 00:00:00,623.5373613,206.6507744,168.0563419,115.3502106,46.5359373,63.8055984,12.4751434,3.8879,6.7754553,347.3251121,110.2680849,98.5594502,62.1356353,27.3894779,35.533088,6.9902728,2.4190981,4.0300049,276.2122492,96.3826895,69.4968917,53.2145753,19.1464594,28.2725104,5.4848706,1.4688019,2.7454504,453.688926,144.8872595,119.407027,88.740135,35.7050982,48.0028037,9.982176,2.9724478,3.9919788,281.4907738,86.9060796,78.6881894,52.0970747,23.4696473,29.1993645,6.112268,2.164474,2.8536762,172.1981522,57.9811799,40.7188376,36.6430602,12.2354509,18.8034392,3.8699079,0.8079738,1.1383025,169.8484353,61.763515,48.6493149,26.6100756,10.8308391,15.8027947,2.4929674,0.9154522,2.7834766,65.8343384,23.3620054,19.8712608,10.0385605,3.9198306,6.3337235,0.8780047,0.2546242,1.1763287,104.0140969,38.4015096,28.7780541,16.5715151,6.9110085,9.4690711,1.6149626,0.660828,1.6071479,5.5030329,5.7837191,5.9470612,4.9955304,5.6796476,5.176842,5.1469231,3.1631839,3.2934756,5.6191143,5.6565028,6.3697361,4.9762398,6.1903887,5.1575056,5.3782544,3.537281,3.8016806,5.3637004,5.9364663,5.4355434,5.0182451,5.080067,5.2013508,4.8794432,2.6939452,2.7532232,5.7061501,5.7444828,6.1213415,5.3685572,6.517022,5.5513612,6.0568611,3.0646166,2.6494588,5.4561928,5.3430335,6.2024759,4.8546628,6.5321047,5.0859345,5.6049748,3.6083677,3.230683,6.1680634,6.4735136
2009-09-01 00:00:00,647.1759748,196.9168493,160.1737238,145.0545736,47.1785803,72.34092,14.3328471,4.1205451,7.0579356,358.7453646,108.3351293,91.6045634,77.1818927,28.3397304,37.7650725,8.2472637,2.4637598,4.807953,288.4306102,88.5817201,68.5691604,67.8726809,18.8388499,34.5758475,6.0855834,1.6567853,2.2499826,479.3976647,149.4486062,111.4558688,112.9381064,32.5319656,54.885924,10.6295143,3.1143934,4.3932861,291.7140831,90.1074817,72.3801721,64.3239473,22.289363,30.8849694,6.4327112,2.1204365,3.175002,187.6835816,59.3411245,39.0756967,48.6141591,10.2426025,24.0009546,4.1968031,0.9939569,1.2182841,167.7783101,47.4682431,48.717855,32.1164672,14.6466148,17.454996,3.7033328,1.0061516,2.6646495,67.0312815,18.2276476,19.2243913,12.8579454,6.0503674,6.8801031,1.8145526,0.3433233,1.632951,100.7470285,29.2405956,29.4934637,19.2585219,8.5962474,10.5748929,1.8887803,0.6628284,1.0316985,5.6133155,5.4251879,5.6110191,6.1203507,5.5749885,5.8132176,5.696104,3.3257533,3.3809224,5.7137057,5.4763565,5.8872885,6.0357127,6.2026482,5.4032443,6.1442224,3.6073567,4.4781305,5.4932691,5.363894,5.2800096,6.2195286,4.8384511,6.3385159,5.1837421,2.9798353,2.2190816,5.8688533,5.7937372,5.6114967,6.574381,5.7061584,6.1678007,6.2018816,3.1708207,2.827936,5.5489441,5.4327802,5.6438497,5.8700397,5.9748475,5.2779013,5.7371001,3.5606134,3.5139846,6.4465133,6.4438419
2009-10-01 00:00:00,613.6968989,213.1619065,151.825578,124.2819849,42.84781,56.3585669,14.6181182,3.3314393,7.2714952,343.5776808,118.1698443,84.6003404,71.0612864,24.2117265,30.7929545,8.8651085,1.9036825,3.9727378,270.1192181,94.9920622,67.2252376,53.2206985,18.6360835,25.5656124,5.7530097,1.4277568,3.2987574,456.0851692,159.8428013,110.1201137,94.1469443,32.9964501,41.8883969,10.0070185,2.7218608,4.3615835,282.8185799,96.6900387,69.5223504,59.6920677,19.6939373,25.7578692,7.0908047,1.7240323,2.6474796,173.2665893,63.1527626,40.5977634,34.4548766,13.3025128,16.1305278,2.9162138,0.9978285,1.7141038,157.6117297,53.3191052,41.7054642,30.1350406,9.8513599,14.47017,4.6110997,0.6095785,2.9099117,60.7591009,21.4798056,15.07799,11.3692187,4.5177892,5.0350853,1.7743038,0.1796502,1.3252582,96.8526288,31.8392996,26.6274743,18.7658219,5.3335707,9.4350846,2.8367959,0.4299283,1.5846536,5.3556496,5.9067115,5.2985947,5.3169202,5.1324918,4.5697545,5.9194098,2.64139,3.5301862,5.4990594,5.9855045,5.4242407,5.6306166,5.4043241,4.4361694,6.6822371,2.7253206,3.7029315,5.1837005,5.8115421,5.1485118,4.9487872,4.8176679,4.7417363,5.0338921,2.5372065,3.3424022,5.6924021,6.2842908,5.6462183,5.609741,5.993165,4.8105608,6.0502378,2.6865568,2.8695697,5.4515227,5.8898194,5.478987,5.5594225,5.4555493,4.4148683,6.4939184,2.8223738,2.9768616,6.1348683,7.002325
2009-11-01 00:00:00,593.4488303,207.2659026,135.7076712,125.1375767,43.9720843,57.1287623,13.5157834,3.7163086,7.0047413,332.7751561,119.4390351,76.2023951,69.2457205,25.0565205,29.0489344,7.4965066,2.3808217,3.9052223,260.6736743,87.8268675,59.5052762,55.8918562,18.9155638,28.0798279,6.0192768,1.3354868,3.099519,445.8847913,157.156895,94.1191984,100.076366,33.3105735,43.9593043,9.7679132,2.9040524,4.5904884,272.9805167,97.3562701,57.4545444,61.1404796,19.7791496,26.1503347,6.2612755,1.9035391,2.9349238,172.9042747,59.8006249,36.664654,38.9358864,13.5314239,17.8089696,3.5066378,1.0005134,1.6555647,147.564039,50.1090076,41.5884728,25.0612107,10.6615108,13.169458,3.7478701,0.8122561,2.4142529,59.7946394,22.082765,18.7478507,8.1052409,5.2773709,2.8985997,1.2352311,0.4772826,0.9702985,87.7693996,28.0262426,22.8406222,16.9559698,5.3841399,10.2708583,2.512639,0.3349735,1.4439544,5.1953553,5.7644164,4.7433878,5.3971739,5.2531602,4.6414765,5.5144964,2.9256305,3.3758457,5.3521945,6.091788,4.8950857,5.5335029,5.5353426,4.2214697,5.7274933,3.4097263,3.6399368,5.0080105,5.3718282,4.5623292,5.2373133,4.9208619,5.1740218,5.2703969,2.3347068,3.0930944,5.5248587,6.1481896,4.7516499,5.971762,5.9687217,5.024938,5.7824106,2.8661973,2.9688599,5.247669,5.9213041,4.4962528,5.7322791,5.4091928,4.4584621,5.6946879,3.1326861,3.2453891,6.0275197,6.5572318
2009-12-01 00:00:00,619.1328,209.8934682,151.2513396,130.4752778,44.6330934,57.3192372,13.7795059,4.2449833,7.5358947,340.0932631,122.59121,78.3123275,73.1914807,22.2253658,28.8128695,8.1174677,2.1008879,4.741654,279.0395369,87.3022582,72.9390121,57.2837971,22.4077276,28.5063677,5.6620382,2.1440955,2.7942406,448.1163732,153.1065552,100.5898417,102.8068107,31.9573548,40.7066961,10.1984583,3.1519468,5.5987097,274.1514061,97.1134765,61.6978497,61.7192828,18.6633232,23.1721904,6.5888417,1.65077,3.5456718,173.9649671,55.9930788,38.891992,41.0875279,13.2940316,17.5345057,3.6096165,1.5011768,2.0530379,171.0164268,56.7869129,50.6614979,27.6684671,12.6757387,16.6125411,3.5810477,1.0930366,1.9371849,65.941857,25.4777335,16.6144778,11.4721979,3.5620427,5.6406791,1.528626,0.4501178,1.1959823,105.0745698,31.3091795,34.0470201,16.1962692,9.113696,10.971862,2.0524217,0.6429187,0.7412027,5.3235521,5.7350856,5.1923284,5.5168824,5.2856103,4.553521,5.5072233,3.3317663,3.5643069,5.3641218,6.0986171,4.956876,5.7445422,4.8357063,4.1045188,6.0150445,3.0205503,4.3133998,5.2749281,5.292116,5.4713649,5.2509929,5.822957,5.1195852,4.9126131,3.7059014,2.7529955,5.4734634,5.9024464,5.0031383,6.0736708,5.5822342,4.587405,6.1261176,3.0780003,3.4730585,5.192525,5.7862063,4.7798621,5.7377653,4.9579074,3.9174295,5.9147802,2.681809,3.7714226,5.9836477,6.1155255
2010-01-01 00:00:00,654.0897793,216.5633712,163.4680813,141.5510395,40.9679373,63.5432849,13.1326684,6.4348423,8.4285545,357.65226,126.0460673,84.1210477,78.3893319,19.8927557,34.7036332,7.1497081,2.7283895,4.6213266,296.4375194,90.5173039,79.3470336,63.1617076,21.0751816,28.8396516,5.9829603,3.7064528,3.8072279,489.3927292,161.6925369,120.3417294,110.3986689,30.3882541,46.1500342,9.9246243,4.7976506,5.6992307,287.032614,100.6245426,66.4924827,65.3340845,16.7431981,26.5096377,6.2970748,2.1201208,2.9114727,202.3601152,61.0679943,53.8492467,45.0645844,13.645056,19.6403965,3.6275495,2.6775298,2.7877581,164.6970501,54.8708343,43.1263518,31.1523706,10.5796831,17.3932507,3.2080441,1.6371917,2.7293238,70.619646,25.4215247,17.628565,13.0552474,3.1495575,8.1939955,0.8526333,0.6082686,1.7098539,94.0774041,29.4493096,25.4977868,18.0971232,7.4301256,9.1992551,2.3554108,1.028923,1.0194699,5.7055882,6.0159415,5.6537007,6.1126297,4.8925689,5.1261712,5.3038212,5.1450459,4.0615274,5.6931394,6.3652246,5.3332506,6.2281476,4.3574049,4.9632139,5.3394386,3.9897336,4.2799958,5.7206804,5.5888837,6.038346,5.9750869,5.5341199,5.3370318,5.2618762,6.5388623,3.824562,6.0272769,6.285674,5.994456,6.62032,5.4068988,5.2165165,5.9469257,4.7592634,3.6139713,5.4866986,6.0695182,5.1635973,6.1374608,4.5468129,4.4882424,5.6713422,3.5355371,3.1838791,7.0064299,6.6775226
2010-02-01 00:00:00,690.5412705,214.5949117,171.0832429,154.493633,45.0311146,72.5673245,18.7139188,4.2139987,9.8431261,372.4947298,112.8138117,91.7524529,85.7595773,24.1363644,39.7714299,9.8508613,2.6332424,5.7769899,318.0465407,101.7811,79.3307901,68.7340557,20.8947502,32.7958946,8.8630576,1.5807563,4.0661362,498.5473434,160.5123606,119.2553543,113.2942946,31.4567922,52.4451796,12.5402144,3.5045879,5.5385597,299.6483974,93.640176,71.2436885,71.4494388,18.6851167,30.7017775,7.9641702,2.3377186,3.6263112,198.898946,66.8721845,48.0116659,41.8448559,12.7716755,21.7434022,4.5760442,1.1668692,1.9122486,191.9939271,54.0825512,51.8278886,41.1993384,13.5743224,20.1221449,6.1737044,0.7094109,4.3045664,72.8463324,19.1736357,20.5087644,14.3101385,5.4512477,9.0696525,1.8866911,0.2955237,2.1506788,119.1475947,34.9089155,31.3191242,26.8891999,8.1230747,11.0524924,4.2870133,0.4138871,2.1538876,5.9633801,5.9163301,5.9002764,6.5518677,5.3183523,5.7578707,7.3734114,3.5124954,4.5965298,5.8841783,5.662828,5.7836756,6.7238861,5.2495208,5.6499966,7.282783,3.9243622,5.2351498,6.0588951,6.2252156,6.0411378,6.3492001,5.4001436,5.8943468,7.4768244,2.9897927,3.9175624,6.1060808,6.2541375,5.9314739,6.6672103,5.4771074,5.8786833,7.4077347,3.6387234,3.5415976,5.6580123,5.6000453,5.4927549,6.5627833,4.9482917,5.1366867,7.0815979,3.9988622,3.9464488,6.9332555,7.4770466
2010-03-01 00:00:00,666.5577885,208.5392452,168.6795865,145.1695259,48.9424656,69.0506833,14.276665,4.2426486,7.6569684,365.8460221,114.04637,95.3217734,77.9601813,25.6494641,37.2733602,8.2082219,2.2161833,5.170468,300.7117664,94.4928753,73.3578131,67.2093446,23.2930015,31.7773231,6.0684431,2.0264653,2.4865004,464.5629253,150.183531,111.2266024,101.643616,33.5820061,50.7786861,9.8320385,2.8828042,4.4336411,280.0070542,88.487208,67.6616977,61.6042535,20.4005682,30.1889104,6.5039034,1.9843665,3.1761465,184.5558711,61.696323,43.5649047,40.0393624,13.181438,20.5897758,3.3281351,0.8984376,1.2574946,201.9948632,58.3557143,57.4529842,43.52591,15.3604595,18.2719972,4.4446265,1.3598444,3.2233273,85.8389679,25.559162,27.6600757,16.3559278,5.2488959,7.0844498,1.7043185,0.2318167,1.9943215,116.1558954,32.7965523,29.7929085,27.1699822,10.1115636,11.1875473,2.740308,1.1280277,1.2290058,5.7484296,5.7422176,5.8044567,6.1369335,5.7869207,5.4839144,5.6463484,3.5231484,3.5765587,5.7827852,5.7258976,6.0109903,6.0985652,5.5867008,5.3046532,6.166382,3.3596304,4.7121058,5.707179,5.762039,5.556382,6.1820485,6.0246807,5.710257,5.0682153,3.7212217,2.3826123,5.7554521,5.8816798,5.5809247,6.0976103,5.9227281,5.7910601,5.9505734,3.0089712,2.888632,5.3549154,5.3429181,5.2933035,5.7132016,5.4756003,5.1472044,5.9724849,3.440588,3.5046055,6.4922072,6.8761314
2010-04-01 00:00:00,642.7492554,211.8118906,161.9067194,133.7217743,49.9334261,60.2093025,13.8718403,3.955536,7.3387661,343.4350697,113.1374117,91.3973717,69.7746898,26.0531945,28.6931697,8.1971757,1.8903051,4.2917515,299.3141857,98.674479,70.5093477,63.9470845,23.8802316,31.5161329,5.6746646,2.0652309,3.0470145,460.0762358,150.757829,113.966075,100.3660277,33.1871859,44.3020797,10.2196152,2.7744474,4.5029758,277.3861017,89.5916764,73.3697511,58.6830147,20.1944996,24.4378718,6.6374849,1.6190303,2.8527729,182.6901341,61.1661526,40.5963239,41.683013,12.9926863,19.864208,3.5821304,1.1554171,1.6502029,182.6730196,61.0540617,47.9406443,33.3557467,16.7462402,15.9072228,3.6522251,1.1810886,2.8357903,66.048968,23.5457352,18.0276205,11.0916751,5.8586949,4.2552979,1.5596909,0.2712748,1.4389786,116.6240516,37.5083264,29.9130238,22.2640715,10.8875453,11.6519249,2.0925342,0.9098138,1.3968117,5.549148,5.8000656,5.5881416,5.6616111,5.950227,4.8428611,5.447382,3.2288991,3.4595892,5.4279593,5.6514228,5.7676909,5.4625805,5.7236759,4.1183448,6.099018,2.7393906,3.9756557,5.6950428,5.9804167,5.3713933,5.896011,6.2187728,5.7664523,4.7190582,3.8602747,2.9248307,5.6778797,5.8752211,5.708636,5.9808502,5.895252,5.0214409,6.206407,2.8422168,2.9055732,5.2761449,5.3842109,5.6584735,5.4312322,5.4844787,4.142911,6.1206475,2.6736225,3.1981473,6.4201026,6.7809917
2010-05-01 00:00:00,604.6141035,190.6233095,159.2314056,132.8503541,44.5269169,52.1075066,14.2378752,3.1268289,7.9099065,329.9397778,105.8785875,90.2780387,67.8991407,25.2460008,26.435121,8.1017619,1.757112,4.3440154,274.6743257,84.7447221,68.9533669,64.9512134,19.2809161,25.6723857,6.1361134,1.3697169,3.5658912,443.3807954,141.4689545,114.7232449,101.9657034,31.1054165,36.479207,10.5286089,2.2852117,4.8244484,274.9973003,89.6835593,76.3019991,55.8001434,19.9240263,21.5951944,7.071263,1.4520606,3.1690543,168.3834951,51.7853952,38.4212459,46.16556,11.1813903,14.8840126,3.457346,0.833151,1.6553941,161.2333081,49.154355,44.5081607,30.8846507,13.4215004,15.6282997,3.7092663,0.8416173,3.0854581,54.9424775,16.1950282,13.9760396,12.0989972,5.3219745,4.8399266,1.0304989,0.3050514,1.174961,106.2908306,32.9593268,30.5321211,18.7856534,8.0995258,10.7883731,2.6787674,0.5365659,1.9104971,5.2293027,5.2800258,5.4881524,5.6009437,5.2912983,4.1756713,5.612344,2.5683645,3.7023414,5.231215,5.3522996,5.7099229,5.2918501,5.5598431,3.7730061,6.0504833,2.5897886,4.0104224,5.2270075,5.1924255,5.2225787,5.9651799,4.9765608,4.6912037,5.1225696,2.5413946,3.385514,5.4543733,5.5463683,5.7159047,5.9904668,5.4889189,4.1240304,6.3548639,2.3863745,3.0859005,5.2256662,5.4217128,5.8506526,5.1607092,5.3677324,3.6397241,6.484644,2.4767067,3.4942991,5.8742474,5.7763724
2010-06-01 00:00:00,580.3019453,186.0252599,152.8123217,121.7454288,42.5794407,51.6179697,15.2853794,3.4029498,6.8331954,312.4883828,105.0723653,80.3923689,63.3382221,22.4137926,26.0990003,9.8223218,1.8654099,3.4849019,267.8135625,80.9528946,72.4199528,58.4072067,20.1656481,25.5189694,5.4630576,1.5375399,3.3482934,419.7896349,137.442882,110.4812145,88.1375917,29.5252618,36.4200812,11.1244617,2.5952412,4.0629008,253.2777127,87.1879446,65.4062482,50.0606572,17.081408,21.5650616,8.1704183,1.5839015,2.2220734,166.5119222,50.2549374,45.0749663,38.0769345,12.4438538,14.8550197,2.9540434,1.0113397,1.8408274,160.5123105,48.5823779,42.3311072,33.6078371,13.0541789,15.1978885,4.1609177,0.8077086,2.7702946,59.2106701,17.8844207,14.9861207,13.277565,5.3323845,4.5339388,1.6519036,0.2815084,1.2628286,101.3016403,30.6979572,27.3449865,20.3302722,7.7217943,10.6639497,2.5090141,0.5262002,1.507466,5.0071124,5.1316048,5.2822368,5.1245475,5.0740874,4.0821613,5.9952228,2.7304973,3.214589,4.9455044,5.282651,5.1119415,4.9186994,4.9679666,3.7026925,7.2593277,2.6866308,3.2114581,5.0809664,4.9479756,5.4850779,5.3681729,5.1974884,4.5601262,4.5657467,2.7856802,3.2178541,5.186809,5.3988824,5.5502395,5.2264929,5.2369807,4.1173957,6.7683355,2.6101264,2.5617533,4.8380242,5.2991178,5.0729308,4.6468174,4.6265903,3.6260978,7.6054546,2.6125435,2.4360913,5.825638,5.5811783
2010-07-01 00:00:00,572.03707,183.8630658,149.4524214,119.4278396,38.8338313,55.133617,15.4920966,2.8729738,6.9612245,301.9053678,100.9392296,81.9568211,56.8017572,21.5117058,26.69047,9.2083961,1.5573581,3.2396299,270.1317022,82.9238362,67.4956003,62.6260824,17.3221255,28.443147,6.2837005,1.3156156,3.7215946,412.0670771,133.8654247,103.5655857,90.7946637,28.8949834,36.9048961,11.3600232,2.0548776,4.6266225,243.0274099,80.5322263,65.978999,47.0835186,17.4852606,20.4088521,7.4062271,1.3328462,2.7994801,169.0396671,53.3331985,37.5865867,43.7111451,11.4097229,16.496044,3.9537961,0.7220314,1.8271424,159.969993,49.9976411,45.8868357,28.6331759,9.9388479,18.2287209,4.1320734,0.8180961,2.334602,58.8779579,20.4070034,15.9778221,9.7182386,4.0264453,6.2816179,1.802169,0.2245119,0.4401498,101.092035,29.5906377,29.9090136,18.9149373,5.9124026,11.947103,2.3299044,0.5935842,1.8944522,4.9302813,5.0560961,5.1571358,5.0470694,4.6216875,4.3349109,6.1205975,2.3037849,3.2854197,4.7701362,5.0638461,5.1799519,4.4459269,4.7330782,3.7577167,6.8701201,2.264727,2.9899059,5.1224838,5.0466944,5.1296999,5.7525444,4.490447,5.0649609,5.2769317,2.3517971,3.5946976,5.0594857,5.214478,5.1977836,5.3649755,5.0167614,4.1316583,6.860085,2.0440894,2.9452226,4.6079941,4.8740558,5.0900993,4.3230506,4.6460523,3.3962875,6.8978009,2.2226035,3.0487193,5.8890489,5.8292468
2010-08-01 00:00:00,559.2822219,168.9231067,154.270452,113.1674685,43.4272915,55.0537305,15.0773908,3.6380885,5.7246935,285.9592732,86.6526235,80.0984673,57.2399206,24.4527419,25.0634396,7.8339515,2.1620665,2.4560623,273.3229487,82.2704833,74.1719846,55.9275479,18.9745496,29.9902908,7.2434393,1.476022,3.2686312,386.855605,117.1074766,104.9975789,82.3575028,29.1727706,37.247722,10.1026884,3.0089469,2.8609189,226.2188789,66.7079917,62.5898682,48.708793,18.0199658,20.7300035,6.4070125,1.7810573,1.274187,160.6367262,50.3994849,42.4077107,33.6487098,11.1528048,16.5177186,3.695676,1.2278896,1.5867319,172.4266168,51.8156301,49.2728731,30.8099657,14.2545209,17.8060084,4.9747024,0.6291416,2.8637746,59.7403943,19.9446317,17.5085991,8.5311276,6.4327761,4.3334362,1.426939,0.3810092,1.1818753,112.6862225,31.8709984,31.764274,22.2788381,7.8217448,13.4725723,3.5477634,0.2481323,1.6818993,4.8493638,4.6868152,5.3110257,4.8620827,5.1623843,4.3558085,5.9716334,2.8614464,2.7022644,4.5513568,4.3843384,5.0595692,4.5689325,5.3885985,3.5547036,5.8530594,3.0833278,2.2786185,5.2059932,5.0540695,5.6122358,5.203802,4.8974315,5.3665532,6.1054028,2.5885863,3.1410821,4.7838103,4.5942089,5.2637166,4.9603785,5.1332055,4.1608286,6.150539,2.9303244,1.8792162,4.3286436,4.0777745,4.8299974,4.5719262,4.8712178,3.4527942,5.9848695,2.8772341,1.4206961,5.6153421,5.5194108
2010-09-01 00:00:00,592.0659826,185.8643289,152.7049694,125.0567472,46.0582008,60.012215,13.0735204,3.6872291,5.6087718,313.6864605,98.3284684,83.9576239,62.9045405,25.7423538,30.4208267,7.2939829,1.9558714,3.0827929,278.3795222,87.5358605,68.7473455,62.1522067,20.315847,29.5913884,5.7795375,1.7313577,2.5259789,398.4178391,122.7963582,99.2044542,91.2525093,31.25409,38.3838608,9.4023561,2.9813279,3.1428827,230.4489025,70.7765433,57.9360913,51.1823171,18.7344462,23.2422126,5.2291655,1.6578201,1.6903063,167.9689367,52.0198149,41.2683629,40.0701922,12.5196438,15.1416482,4.1731906,1.3235078,1.4525764,193.6481435,63.0679707,53.5005152,33.8042379,14.8041108,21.6283543,3.6711643,0.7059012,2.4658891,83.237558,27.5519251,26.0215327,11.7222234,7.0079076,7.1786141,2.0648174,0.2980513,1.3924866,110.4105855,35.5160457,27.4789825,22.0820145,7.7962032,14.4497402,1.606347,0.4078499,1.0734025,5.038248,5.0271067,5.200059,5.2305692,5.4015877,4.6829867,5.1862422,2.8784576,2.6412999,4.9010725,4.8612479,5.2170964,4.897997,5.6052148,4.2687058,5.4516409,2.8128715,2.8318443,5.2023225,5.2274496,5.1794024,5.616547,5.1638855,5.2019951,4.8860488,2.9563272,2.4408598,4.7848732,4.6434138,4.8550754,5.2959479,5.3539596,4.2365712,5.6810047,2.8675599,2.0086696,4.3025377,4.2056609,4.3871856,4.6517838,4.9077115,3.8132122,4.857424,2.6897937,1.840482,5.6545746,5.4094892
2010-10-01 00:00:00,589.8094069,193.6742376,152.3746623,119.3250784,47.5417967,53.851787,13.690818,3.0506869,6.3003399,309.8102447,101.5183072,79.908986,62.7036239,26.8355124,25.9177398,7.6217351,1.5681577,3.7361827,279.9991621,92.1559304,72.4656763,56.6214546,20.7062843,27.9340472,6.0690828,1.4825292,2.5641573,412.0189035,132.5519694,101.9646408,89.1990235,34.1072661,37.9263235,10.0593564,2.5119937,3.6983302,238.8946209,76.461743,59.8332135,49.9556426,21.331801,21.4504686,6.2122624,1.4316152,2.2178746,173.1242826,56.0902264,42.1314274,39.2433808,12.7754651,16.4758549,3.847094,1.0803785,1.4804556,177.7905034,61.1222682,50.4100215,30.126055,13.4345306,15.9254636,3.6314616,0.5386933,2.6020098,70.9156239,25.0565642,20.0757725,12.7479812,5.5037114,4.4672712,1.4094727,0.1365425,1.5183081,106.8748796,36.065704,30.334249,17.3780738,7.9308192,11.4581924,2.2219889,0.4021507,1.0837017,5.0330273,5.2534161,5.1965632,4.9960051,5.5727078,4.2564662,5.4368978,2.4075007,2.9345831,4.8507257,5.0367187,4.9699971,4.8889755,5.8320048,3.6638009,5.7069154,2.270519,3.3726178,5.2513997,5.5147861,5.4716169,5.1201358,5.2690929,5.0081153,5.1319644,2.5716083,2.4676014,5.0385791,5.1081295,5.0665315,5.3027405,5.9011422,4.2613901,6.0888458,2.5113864,2.3936255,4.5080292,4.5840256,4.5442391,4.6290247,5.6444419,3.5754819,5.7703791,2.4091619,2.4505682,6.0155006,6.0512635
2010-11-01 00:00:00,558.2334409,179.0513085,140.7011437,117.5666367,44.9799784,51.332084,14.1856482,3.4463607,6.9702807,282.9565577,89.6061617,69.4640517,61.7002872,23.6797071,25.8575208,7.2556793,1.7429928,3.650157,275.2768832,89.4451468,71.237092,55.8663495,21.3002712,25.4745633,6.9299689,1.7033678,3.3201237,396.474602,128.776999,98.8521887,85.6211911,32.6320751,34.087382,9.9010553,2.6458813,3.9578297,225.4049981,72.2843577,54.3405005,49.4148412,19.7906887,20.9556128,5.2522772,1.5246053,1.8421148,171.069604,56.4926413,44.5116882,36.2063499,12.8413864,13.1317692,4.6487781,1.121276,2.115715,161.7588389,50.2743096,41.848955,31.9454456,12.3479033,17.2447021,4.2845929,0.8004794,3.012451,57.5515596,17.321804,15.1235512,12.285446,3.8890185,4.901908,2.0034021,0.2183875,1.8080422,104.2072793,32.9525055,26.7254038,19.6599996,8.4588848,12.3427941,2.2811908,0.5820918,1.2044088,4.7700931,4.8640689,4.7930949,4.9440238,5.3077565,4.0439993,5.6425972,2.766218,3.2351061,4.44402,4.4621839,4.3198548,4.8311724,5.2328625,3.6535291,5.3963796,2.5622727,3.2848706,5.1592023,5.3464629,5.3663461,5.074949,5.3935739,4.5360798,5.9256719,3.0114957,3.1821063,4.7920378,4.9035886,4.8669276,5.0286245,5.6069585,3.7624346,5.9151384,2.6479429,2.4991947,4.2313934,4.3041648,4.1141772,4.6012023,5.2082149,3.4393861,4.7475076,2.5329154,1.9871725,5.8055758,5.9668579
2010-12-01 00:00:00,561.5366885,166.7585322,138.4506891,136.3441358,46.9860862,50.0289074,13.3281042,2.4730614,7.1671723,286.583363,78.11761,73.6717709,71.5422835,24.8995132,27.018065,6.3439523,1.1973082,3.7928598,274.9533255,88.6409221,64.7789182,64.8018523,22.086573,23.0108424,6.9841519,1.2757531,3.3743125,396.7342978,118.4225874,89.7065753,102.1973383,34.156651,35.6249813,9.5791151,2.0191705,5.027879,219.2070824,63.0924194,49.7899953,56.2701714,20.3378204,20.7326199,5.0943147,1.0415227,2.8482187,177.5272154,55.330168,39.91658,45.9271668,13.8188307,14.8923615,4.4848004,0.9776478,2.1796603,164.8023907,48.3359448,48.7441138,34.1467975,12.8294352,14.4039261,3.7489891,0.4538909,2.1392933,67.3762806,15.0251907,23.8817756,15.2721121,4.5616929,6.2854451,1.2496376,0.1557856,0.9446411,97.4261101,33.3107542,24.8623381,18.8746855,8.2677423,8.1184809,2.4993516,0.2981053,1.1946522,4.7361108,4.4747054,4.6715728,5.6268296,5.467246,3.8881551,5.2128729,2.0109519,3.284059,4.4353984,3.8533197,4.5286022,5.4623668,5.4058156,3.7559508,4.625014,1.7671323,3.368785,5.0962421,5.2159753,4.8455504,5.8202967,5.5381962,4.0557734,5.8932703,2.310087,3.1937712,4.7357649,4.4720136,4.3480904,5.9051424,5.8281522,3.8810546,5.6631593,1.9970239,3.1169193,4.0640739,3.7386439,3.7156255,5.1108473,5.2871860999999996,3.3755609,4.5495603,1.7326411,3.0221557,5.9500411,5.7605168
2011-01-01 00:00:00,631.0617593,189.6447462,158.0696807,144.2053465,49.3144365,62.0449059,16.4156787,3.1946226,8.1723422,328.1557555,96.4421164,79.9282339,78.6971729,25.7356577,32.328092,8.935881,1.2961117,4.7924898,302.9060039,93.2026298,78.1414468,65.5081736,23.5787788,29.7168139,7.4797977,1.8985109,3.3798524,458.3826044,138.3227458,105.2523179,112.8415406,36.4798632,46.0048827,11.8387337,2.6574355,4.985085,266.9145237,77.5961736,61.9283124,68.8235605,20.4960821,26.8702494,7.2784823,1.1635418,2.7581217,191.4680807,60.7265722,43.3240055,44.0179802,15.9837812,19.1346333,4.5602514,1.4938937,2.2269633,172.679155,51.3220005,52.8173628,31.3638059,12.8345733,16.0400232,4.576945,0.5371872,3.1872571,61.2412318,18.8459429,17.9999215,9.8736125,5.2395756,5.4578426,1.6573987,0.1325699,2.0343681,111.4379232,32.4760576,34.8174413,21.4901934,7.5949977,10.5821806,2.9195463,0.4046173,1.152889,5.396128,5.1645402,5.3551951,6.096681,5.8769261,4.8725314,6.4181907,2.5883677,3.8193396,5.1228697,4.7875475,4.9340484,6.138681,5.6657638,4.5032602,6.4841701,1.9199968,4.2822605,5.7270803,5.6226844,5.8674656,6.0469787,6.1261319,5.3497648,6.3411063,3.3952693,3.3117075,5.5242195,5.2680837,5.1182425,6.6490008,6.4126231,5.0077581,7.0020046,2.6541998,3.0822884,4.9838528,4.6116113,4.6399089,6.3976703,5.4713423,4.3326895,6.4547768,1.9477982,2.8962154,6.5078627,6.4393885
2011-02-01 00:00:00,662.6877726,197.686927,165.4964113,154.8967396,55.5210608,60.0047753,16.4986153,3.8572228,8.7260205,342.4697512,101.0717228,88.5797882,79.4185264,28.4605865,30.8673996,7.9597906,1.6794626,4.4324746,320.2180215,96.6152043,76.9166231,75.4782132,27.0604743,29.1373758,8.5388247,2.1777602,4.2935459,454.8356766,134.3823149,99.4169433,123.2450552,35.6983231,43.2552496,11.1785554,3.2171894,4.4420455,267.783573,77.6952003,61.9788988,69.6838437,21.4799276,26.3524863,6.6285001,1.6193167,2.3453994,187.0521035,56.6871146,37.4380445,53.5612115,14.2183956,16.9027633,4.5500553,1.5978727,2.0966462,207.8520961,63.3046121,66.0794679,31.6516844,19.8227377,16.7495257,5.3200599,0.6400335,4.283975,74.6861781,23.3765224,26.6008894,9.7346827,6.9806589,4.5149132,1.3312904,0.0601459,2.0870753,133.1659179,39.9280897,39.4785786,21.9170017,12.8420788,12.2346125,3.9887695,0.5798876,2.1968997,5.6117826,5.3078558,5.5540995,6.5008705,6.4674587,4.7251956,6.4804163,3.0877888,4.0747235,5.3145365,4.981004,5.4235991,6.1778932,6.1439365,4.3147335,5.7913593,2.4653894,3.960072,5.9688218,5.6990772,5.7123906,6.8792918,6.8466368,5.2547638,7.2888349,3.8342866,4.200264,5.4190863,5.0941667,4.758907,7.1178644,6.0843604,4.7173956,6.5494325,3.1896292,2.7850667,4.9246204,4.5725668,4.5461931,6.2981356,5.5809952,4.2823233,5.8545212,2.6802043,2.472413,6.3288038,6.0382193
2011-03-01 00:00:00,619.2324081,199.4647706,139.469483,145.8848389,48.896972,60.4472368,14.1457599,3.7872222,7.1361248,307.2858173,92.9114629,68.7397819,76.1463729,25.7022684,31.1341489,7.2484995,1.8615465,3.5417363,311.9465909,106.5533077,70.7297011,69.738466,23.1947037,29.3130878,6.8972604,1.9256757,3.5943885,421.6446384,133.1624697,88.9946126,105.4043574,34.8270887,41.8948777,10.8718254,2.898942,3.590465,239.430475,69.2279352,50.76326,62.6466936,21.9220745,25.4229998,6.2552778,1.6228054,1.5694288,182.2141634,63.9345345,38.2313527,42.7576638,12.9050142,16.4718779,4.6165475,1.2761365,2.0210363,197.5877697,66.3023009,50.4748704,40.4804815,14.0698834,18.5523591,3.2739346,0.8882802,3.5456597,67.8553423,23.6835277,17.976522,13.4996793,3.7801939,5.7111491,0.9932217,0.2387411,1.9723075,129.7324275,42.6187732,32.4983485,26.9808022,10.2896895,12.84121,2.2807129,0.6495392,1.5733522,5.2316598,5.3397123,4.7118892,6.0917182,5.6916491,4.6897463,5.5273904,3.0304451,3.2872753,4.7807541,4.5905983,4.249586,5.9041515,5.5437638,4.3410832,5.3238351,2.7568739,3.1668709,5.7675053,6.2255609,5.2689617,6.3106188,5.8650185,5.1271245,5.758789,3.3519943,3.4152198,5.0654349,5.0694605,4.3246363,6.1484546,6.0161347,4.5553646,6.5080655,2.9192582,2.242754,4.4586401,4.1276852,3.7952629,5.7441599,5.7108227,4.1166699,5.694998,2.7264181,1.6709638,6.1685469,6.7328075
2011-04-01 00:00:00,588.206156,191.7299502,143.3164696,125.7811154,48.4868205,53.1524405,12.2002695,3.9041141,9.6349763,310.2848894,95.0098453,78.5658473,68.2633891,26.8745543,26.9974861,6.6377527,1.9178734,6.0181413,277.9212666,96.720105,64.7506223,57.5177263,21.6122661,26.1549544,5.5625168,1.9862407,3.616835,416.3475621,137.5603656,99.2864674,91.4240333,34.0157617,37.4175032,8.180381,3.103951,5.3590991,241.9976453,76.1223536,58.9036606,54.2587254,21.3832554,21.6959817,4.6833325,1.5695504,3.3807857,174.3499168,61.438012,40.3828068,37.1653078,12.6325062,15.7215215,3.4970484,1.5344006,1.9783134,171.8585939,54.1695846,44.0300023,34.3570821,14.4710588,15.7349373,4.0198885,0.8001631,4.2758773,68.2872441,18.8874917,19.6621867,14.0046637,5.4912989,5.3015043,1.9544201,0.348323,2.6373556,103.5713498,35.2820929,24.3678156,20.3524184,8.9797599,10.4334329,2.0654684,0.4518401,1.6385216,4.9954858,5.1954057,4.8678521,5.2475928,5.6483373,4.1214349,4.7812462,3.1885738,4.4275922,4.8430188,4.7194381,4.8702312,5.2939606,5.8019927,3.7846817,4.8460183,2.9589675,5.3387456,5.1774625,5.7667093,4.8649685,5.1936055,5.4682593,4.5382466,4.706184,3.4468304,3.4483374,5.0374142,5.2835989,4.854416,5.381533,5.8911404,4.0710568,4.9899184,3.2093612,3.3437694,4.5222259,4.5252174,4.4293376,4.9915917,5.6369516,3.5323768,4.2833933,2.8152058,3.610988,5.9835724,6.6682294
2011-05-01 00:00:00,589.8361665,181.3782971,152.9081317,126.287648,45.3123014,54.7971517,13.915186,5.3817977,9.8556529,302.3472715,87.6366528,76.4591147,67.8398466,24.4598674,29.4385123,7.8800283,3.037759,5.5954904,287.488895,93.7416443,76.449017,58.4478014,20.8524339,25.3586394,6.0351577,2.3440387,4.2601625,423.770992,131.6468933,102.7175877,98.2026568,31.8516332,38.6811532,10.2075082,4.1726286,6.2909312,245.3140107,70.9154236,60.7130206,57.9187208,19.7974835,23.1578233,6.2870955,2.4202254,4.1042181,178.4569813,60.7314697,42.0045671,40.2839359,12.0541496,15.52333,3.9204127,1.7524032,2.1867131,166.0651745,49.7314038,50.190544,28.0849912,13.4606682,16.1159985,3.7076779,1.2091691,3.5647217,57.0332608,16.7212293,15.7460941,9.9211258,4.6623839,6.280689,1.5929328,0.6175336,1.4912723,109.0319137,33.0101746,34.4444499,18.1638654,8.7982843,9.8353095,2.114745,0.5916355,2.0734495,5.0045419,4.929287,5.1560063,5.2737834,5.3136164,4.2123165,5.5050228,4.3828658,4.5428604,4.7216261,4.3782046,4.7328177,5.262721,5.3138068,4.0746333,5.8034351,4.5313503,5.0132298,5.3411175,5.5866841,5.6623792,5.2866819,5.313393,4.3842984,5.1586777,4.2043248,4.044444,5.1337802,5.1162465,4.9929417,5.7673774,5.53154,4.1999389,6.1538078,4.187419,3.9532845,4.597616,4.272979,4.550077,5.33131,5.2700461,3.7496848,5.7568039,4.0987106,4.3744937,6.1138815,6.6482916
2011-06-01 00:00:00,564.2161214,189.9335192,132.2486912,121.1752305,40.0767958,55.1389848,12.5578017,4.251775,8.8333233,292.6045245,97.7427485,66.5280221,59.4114862,22.8500279,32.16329,6.6265018,2.4087903,4.8736577,271.6115969,92.1907708,65.7206691,61.7637443,17.2267679,22.9756947,5.9312999,1.8429847,3.9596656,405.9567284,138.4706869,89.5298222,93.3731076,29.338817,38.11422,8.2249999,3.3237626,5.5813121,242.8583199,81.2445875,52.0414686,53.1272088,19.4838217,27.0203411,4.6481982,1.9916585,3.3010356,163.0984084,57.2260994,37.4883537,40.2458987,9.8549953,11.093879,3.5768017,1.3321041,2.2802766,158.259393,51.4628323,42.7188689,27.8021229,10.7379788,17.0247647,4.3328018,0.9280124,3.2520112,49.7462045,16.498161,14.4865535,6.2842774,3.3662062,5.1429489,1.9783036,0.4171319,1.5726221,108.5131885,34.9646714,28.2323155,21.5178455,7.3717726,11.8818158,2.3544982,0.5108805,1.6793891,4.7873873,5.164978,4.4619074,5.0518481,4.6916465,4.2369252,5.0328737,3.4228913,4.085422,4.5785673,4.8936778,4.1424541,4.6197962,4.9551629,4.4311745,4.9483928,3.5601385,4.318961,5.0347613,5.4875214,4.8397164,5.551238,4.3825065,3.9919524,5.1307343,3.2586971,3.8304864,4.9053569,5.3364236,4.376144,5.4661786,5.0878611,4.128055,4.9828099,3.3406175,3.4367672,4.5480012,4.8759679,3.9326329,4.8815919,5.1393835,4.3446675,4.3030561,3.4048981,3.4937994,5.5553263,6.1626408
2011-07-01 00:00:00,562.5198415,177.9555978,145.2520457,123.8015656,40.1196612,49.6213512,12.3485639,5.8048604,7.6161958,295.4222845,93.1600095,75.341066,64.4928493,21.6309187,26.2657142,7.496656,3.2820986,3.7529721,267.097557,84.7955882,69.9109797,59.3087163,18.4887424,23.3556371,4.8519079,2.5227618,3.8632236,399.2892604,124.3519147,97.1960252,93.5288075,28.6136356,37.6347413,8.6611611,4.4469466,4.8560285,238.9271542,75.8420451,57.6633424,54.568791,17.1456885,22.4557215,5.6109936,2.6582952,2.982277,160.3621062,48.5098696,39.5326828,38.9600165,11.4679471,15.1790198,3.0501675,1.7886513,1.8737515,163.2305811,53.6036831,48.0560205,30.2727581,11.5060256,11.9866099,3.6874028,1.3579138,2.7601673,56.4951303,17.3179645,17.6777237,9.9240583,4.4852303,3.8099927,1.8856624,0.6238033,0.7706952,106.7354508,36.2857186,30.3782969,20.3486998,7.0207953,8.1766173,1.8017404,0.7341105,1.9894721,4.7718745,4.8232813,4.9150089,5.1615247,4.7090047,3.8030827,4.9267572,4.6618201,3.5757569,4.6118671,4.6289612,4.6842582,5.0114881,4.6899614,3.6249135,5.6021356,4.8416913,3.3978785,4.9622975,5.0564872,5.1905606,5.3352151,4.7314816,4.0255998,4.1531415,4.4468905,3.7673487,4.8079084,4.7815431,4.765168,5.3989316,5.0025105,4.0318058,5.2990803,4.3366873,3.0221504,4.4644839,4.5467085,4.336429,4.9726194,4.5943143,3.6186568,5.169185,4.4369075,3.161532,5.4302737,5.2015722
2011-08-01 00:00:00,596.7613242,189.4490585,148.6026751,137.453054,40.6726373,55.1464893,12.957753,4.2106008,8.2690563,322.0807126,103.1885723,75.6499877,71.3845327,24.2166105,32.44458,7.4183774,2.4104457,5.3676063,274.6806115,86.2604862,72.9526874,66.0685213,16.4560268,22.7019093,5.5393755,1.8001551,2.90145,422.0877432,130.8820682,102.0741333,102.9530325,28.039567,39.9295689,9.8912357,3.4799584,4.8381791,256.8178546,79.7918675,58.062887,60.9473555,19.5092498,26.8318426,5.7801306,2.1318497,3.762672,165.2698886,51.0902007,44.0112463,42.005677,8.5303172,13.0977263,4.1111052,1.3481087,1.0755072,174.673581,58.5669903,46.5285418,34.5000215,12.6330702,15.2169204,3.0665172,0.7306423,3.4308772,65.262858,23.3967048,17.5871007,10.4371772,4.7073607,5.6127374,1.6382469,0.278596,1.6049343,109.4107229,35.1702855,28.941441,24.0628443,7.9257096,9.604183,1.4282704,0.4520464,1.8259428,5.090093,5.1671403,5.0615785,5.7360647,4.8313824,4.2542139,5.2326338,3.3851103,3.8420618,5.0578226,5.1792095,4.7392762,5.5509544,5.3172875,4.4740498,5.5918576,3.5658505,4.7702551,5.1284606,5.1527764,5.4456086,5.9504639,4.258685,3.9750734,4.8181237,3.1699643,2.8251145,5.1294026,5.1084635,4.9946253,5.9905461,4.9659912,4.355358,6.0636418,3.487368,3.0215965,4.8234958,4.8210454,4.3857077,5.569285,5.2225518,4.3503529,5.3086067,3.6195348,4.0518149,5.6901717,5.632944
2011-09-01 00:00:00,620.1409733,204.6831415,159.5620122,125.9712843,47.7394835,58.4405827,11.8061919,3.975999,7.9622783,331.9503294,109.4073466,81.3475417,68.4972915,26.4272164,32.9016966,7.047599,2.0985398,4.2230977,288.190644,95.2757949,78.2144705,57.4739928,21.3122671,25.5388861,4.7585929,1.8774592,3.7391806,432.8079436,143.4683855,104.1523336,91.8468052,34.3627009,41.9017787,8.4645609,3.1264825,5.4848963,259.4774579,84.1056197,59.959048,55.9899725,21.5568417,27.1192493,5.7003279,1.7404252,3.3059736,173.3304857,59.3627657,44.1932856,35.8568327,12.8058592,14.7825294,2.764233,1.3860574,2.1789227,187.3330297,61.2147561,55.4096786,34.1244791,13.3767826,16.538804,3.341631,0.8495165,2.477382,72.4728714,25.3017269,21.3884937,12.5073189,4.8703747,5.7824473,1.3472711,0.3581147,0.9171241,114.8601583,35.9130292,34.0211849,21.6171601,8.5064079,10.7563567,1.9943598,0.4914018,1.5602579,5.1955201,5.4583983,5.338261,5.1954138,5.5491555,4.4317938,4.7210878,3.0858692,3.709957,5.1361387,5.3874725,5.0186857,5.2535582,5.697366,4.5085005,5.2733376,3.0210513,3.811118,5.2656428,5.5421828,5.7168774,5.1277766,5.3757491,4.3367375,4.087167,3.1616926,3.6019739,5.1263657,5.4144468,5.0004647,5.2355555,5.98552,4.416591,5.0502706,3.0059352,3.3971017,4.7993601,4.9615313,4.4861104,5.0721376,5.6590951,4.3265756,5.1534118,2.8742763,3.5922743,5.7086424,6.2187406
2011-10-01 00:00:00,588.5535235,190.3594469,152.5996507,124.7030729,44.3382818,50.858669,13.351802,5.2918425,7.0507576,324.4008883,101.4358249,86.3261348,67.2732552,25.9341124,28.8868448,7.3836824,3.1494107,4.0116231,264.1526351,88.923622,66.2735158,57.4298177,18.4041694,21.9718243,5.9681196,2.1424318,3.0391345,434.0757273,137.4408901,110.1665591,93.8615286,33.1178483,40.7101957,9.6555568,4.4036062,4.7195425,261.153349,80.5048705,66.9571305,54.0529726,21.1498287,26.1448694,6.1263376,2.6600402,3.5572995,172.9223783,56.9360196,43.2094286,39.808556,11.9680196,14.5653263,3.5292192,1.743566,1.162243,154.4777962,52.9185569,42.4330915,30.8415443,11.2204336,10.1484733,3.6962452,0.8882363,2.3312151,63.2475393,20.9309544,19.3690044,13.2202826,4.7842837,2.7419754,1.2573447,0.4893705,0.4543236,91.2302568,31.9876024,23.0640872,17.6212617,6.4361499,7.406498,2.4389005,0.3988658,1.8768915,4.9627258,5.1437385,5.1249443,5.116262,5.1953174,3.9322593,5.3039908,4.0589405,3.2824063,5.0379283,5.0382838,5.3314589,5.138064,5.6251449,4.0174295,5.4926685,4.4305641,3.5886298,4.8733872,5.2695531,4.8787837,5.0909573,4.6902895,3.82563,5.0877688,3.6134041,2.9501149,5.215835,5.2779572,5.3427885,5.3987992,5.8631723,4.4048651,5.8757808,4.1488117,2.9840755,4.8545969,4.8045629,5.0013143,4.9044929,5.5823194,4.2089684,5.7161675,4.2276322,3.8302318,5.8761954,6.1322898
2011-11-01 00:00:00,578.1630754,182.2026302,147.6154799,123.8749484,42.9862621,50.9455123,16.14693,6.5465029,7.8448097,308.0222473,94.5697369,79.8545968,64.0642162,24.8944047,28.855293,9.1890571,3.0914635,3.5034791,270.140828,87.6328933,67.7608831,59.8107322,18.0918574,22.0902193,6.9578728,3.4550394,4.3413306,418.4022697,132.3078114,107.7566688,90.653341,29.6518022,36.2251069,11.1618825,5.4701761,5.1754809,244.1678164,78.2420883,62.3826396,49.8371347,19.40614,22.1528831,6.8869559,2.6813252,2.5786496,174.2344534,54.0657231,45.3740292,40.8162063,10.2456622,14.0722238,4.2749265,2.7888509,2.5968313,159.7608056,49.8948189,39.858811,33.2216074,13.3344599,14.7204054,4.9850475,1.0763267,2.6693288,63.854431,16.3276486,17.4719572,14.2270815,5.4882647,6.7024099,2.3021012,0.4101382,0.9248295,95.9063747,33.5671703,22.3868538,18.9945259,7.8461952,8.0179955,2.6829463,0.6661885,1.7444993,4.8923976,4.9322171,4.9899561,5.1480384,5.0281527,3.8997031,6.398297,4.9881352,3.6652668,4.8022833,4.709693,4.9750905,4.9451152,5.3944201,3.9706503,6.7485259,4.405229,3.1572873,4.9993653,5.1972136,5.0075894,5.3847145,4.5985266,3.8107604,5.9878931,5.6580298,4.212176,5.0262627,5.0649492,5.2418048,5.2522638,5.2295969,3.8809604,6.7606033,5.1257841,3.2721294,4.5583747,4.6738233,4.7040891,4.5664087,5.1531542,3.5431069,6.3103953,4.3590209,2.7901378,5.8707198,5.7628616
2011-12-01 00:00:00,602.0448335,204.4038491,149.3215632,122.5134368,45.3844972,50.505816,16.4761564,5.7408508,7.6986639,306.5691509,99.0155868,75.558399,62.2796619,24.9951461,27.8954497,9.3418805,2.9870744,4.4959526,295.4756826,105.3882622,73.7631642,60.233775,20.3893511,22.6103663,7.134276,2.7537764,3.2027114,426.1104878,150.5353094,100.5915938,88.8772998,32.8398419,33.8327922,11.3359161,4.5845183,3.5132163,236.5442349,79.0295779,56.4697548,48.588581,20.2097814,20.6891356,6.9681953,2.5015654,2.0876434,189.5662529,71.5057315,44.1218389,40.2887189,12.6300604,13.1436566,4.3677208,2.0829529,1.4255729,175.9343457,53.8685397,48.7299694,33.636137,12.5446553,16.6730238,5.1402403,1.1563325,4.1854476,70.024916,19.9860089,19.0886441,13.6910809,4.7853647,7.2063141,2.3736852,0.485509,2.4083091,105.9094296,33.8825308,29.6413253,19.9450561,7.7592907,9.4667097,2.7665551,0.6708234,1.7771385,5.0347458,5.4540739,4.9950715,5.0551705,5.2496481,3.8147121,6.4033904,4.3355882,3.5161444,4.7180776,4.873606,4.6390884,4.7484499,5.3725953,3.7809722,6.7389763,4.2200606,3.9665542,5.4115986,6.1412995,5.4211946,5.4169573,5.1063958,3.8571777,6.0114048,4.4682739,3.032718,5.0323434,5.6256733,4.832701,5.0984507,5.6771652,3.5504976,6.7409302,4.2359976,2.2078566,4.3551659,4.6600215,4.1911838,4.3991457,5.2956566,3.2590147,6.2077048,4.0064885,2.2581311,6.2437664,7.2968226
2012-01-01 00:00:00,642.3392291,200.4217528,160.8141834,142.8492902,47.35442,58.1059161,18.0652968,6.5681936,8.1601762,342.1346743,104.8090238,84.2482381,74.8787591,25.9466382,34.2200896,10.3506755,2.8270585,4.8541914,300.2045548,95.612729,76.5659453,67.9705311,21.4077817,23.8858265,7.7146213,3.7411351,3.3059848,472.9131594,145.0289772,117.1011004,111.9886116,31.4361979,43.4057298,12.6730893,5.5500246,5.7294286,276.866472,82.229174,68.5813612,64.1940429,18.85988,28.7185253,8.013986,2.6419066,3.6275961,196.0466874,62.7998033,48.5197392,47.7945687,12.5763179,14.6872045,4.6591033,2.908118,2.1018325,169.4260697,55.3927756,43.713083,30.8606786,15.918222,14.7001863,5.3922075,1.018169,2.4307476,65.2682023,22.5798498,15.6668769,10.6847163,7.0867582,5.5015643,2.3366895,0.1851519,1.2265953,104.1578674,32.8129258,28.0462061,20.1759623,8.8314638,9.198622,3.055518,0.8330171,1.2041522,5.4422656,5.4483145,5.4441065,5.9419953,5.589108,4.3853264,7.201884,5.1650494,3.7789765,5.3065126,5.2004218,5.2418068,5.745852,5.6370703,4.5860602,7.6913441,4.1164857,4.3370538,5.6057025,5.7486992,5.6855479,6.1741814,5.5320597,4.1265589,6.6353416,6.3962367,3.1784513,5.6329933,5.4649036,5.7018974,6.43765,5.5862327,4.5440932,7.7565278,5.228334,3.5634191,5.1092376,4.8548917,5.1274214,5.7658567,5.1071857,4.4827361,7.3065597,4.2909535,3.8951198,6.5865372,6.5410575
2012-02-01 00:00:00,699.6048415,211.3843149,181.9331803,162.2557003,51.0013586,57.008027,20.5956973,6.6740403,8.7525229,364.9975586,105.1785459,94.1712516,87.8410005,28.8569196,29.0297695,10.9694194,4.4169501,4.533702,334.6072828,106.2057689,87.7619287,74.4146998,22.144439,27.9782574,9.6262779,2.2570902,4.2188209,492.8348407,150.2287302,122.1426555,119.1724817,37.9182868,37.9630865,14.9347629,5.0686431,5.4061941,291.0804828,84.2321601,71.1981872,74.1048111,24.3091949,21.9341676,8.805962,3.5305835,2.9654165,201.7543579,65.9965701,50.9444683,45.0676706,13.6090919,16.0289189,6.1288009,1.5380596,2.4407776,206.7700008,61.1555847,59.7905248,43.0832186,13.0830718,19.0449405,5.6609344,1.6053972,3.3463288,73.9170758,20.9463858,22.9730643,13.7361894,4.5477247,7.095602,2.1634574,0.8863666,1.5682856,132.852925,40.2091989,36.8174604,29.3470292,8.5353471,11.9493385,3.497477,0.7190306,1.7780433,5.8606423,5.6833916,6.0898974,6.688067,5.9330842,4.2524447,8.0536612,5.1367978,4.0031765,5.6252802,5.1924248,5.8172523,6.7157072,6.2357162,3.8701425,7.9261255,6.2405661,3.9752231,6.1409144,6.2705669,6.412384,6.6557311,5.580176,4.7380736,8.2040885,3.816001,4.0336578,5.8113761,5.6296708,5.8727493,6.8124341,6.5951581,3.9166696,8.7758638,4.8291813,3.3066692,5.3247274,4.9277726,5.2899321,6.6500761,6.428054,3.3828491,7.7776101,5.6880227,3.1175083,6.6940432,6.8805072
2012-03-01 00:00:00,659.8616174,184.7792114,187.9676611,148.2309583,47.2457013,59.2994466,17.4722897,5.0827279,9.783621,342.8072689,100.3013899,96.6469052,74.083821,25.5769523,28.3142328,9.782012,3.1107774,4.9911783,317.0543485,84.4778215,91.3207559,74.1471373,21.668749,30.9852138,7.6902778,1.9719505,4.7924427,455.8739266,126.7434759,126.8314144,107.0816009,35.5668536,36.8228325,13.4804248,4.1207557,5.2265688,265.5446758,76.1603267,72.3233508,61.2457719,21.0949363,21.2661325,8.5309259,2.5108905,2.4123412,190.3292508,50.5831493,54.5080636,45.835829,14.4719172,15.5567,4.9494988,1.6098652,2.8142277,203.9876908,58.0357355,61.1362467,41.1493574,11.6788477,22.4766141,3.991865,0.9619722,4.5570521,77.2625931,24.1410632,24.3235544,12.8380491,4.482016,7.0481004,1.251086,0.5998869,2.5788371,126.7250976,33.8946722,36.8126923,28.3113083,7.1968318,15.4285137,2.7407789,0.3620853,1.9782151,5.5014164,4.9460541,6.2385748,6.0906841,5.5036994,4.3933576,6.9007688,3.8658598,4.4689907,5.2847241,4.9541811,5.9682042,5.6600778,5.5003301,3.7777009,7.2357093,4.3886213,4.4037247,5.7566311,4.9364395,6.5527392,6.5917409,5.5076817,5.1621144,6.5170412,3.2543389,4.5390521,5.4310639,4.811403,6.1450019,6.1509115,6.2741801,3.8476395,8.0784533,3.9534164,3.2725913,4.9106292,4.4966468,5.4280872,5.5640653,5.592628,3.3301012,7.7722835,4.1083861,2.5653917,6.3734674,5.3782261
2012-04-01 00:00:00,599.2862944,183.6533133,163.6984596,123.4246407,46.4199054,51.3814791,18.6651285,5.5873001,6.4560676,313.6273486,99.5935637,79.3747068,66.4262315,26.0961363,25.936873,9.1429552,3.4495695,3.6073126,285.6589458,84.0597496,84.3237528,56.9984093,20.3237691,25.4446061,9.5221732,2.1377306,2.848755,421.9538793,124.8174209,112.1708858,95.6985705,32.1397318,35.0181393,14.2504655,4.6534817,3.2051839,249.0806788,76.9311254,62.6170923,56.3706337,19.5143595,21.4088766,7.5975283,2.7339922,1.9070708,172.8732005,47.8862954,49.5537935,39.3279369,12.6253723,13.6092627,6.6529372,1.9194895,1.2981131,177.3324151,58.8358925,51.5275738,27.7260702,14.2801737,16.3633398,4.414663,0.9338184,3.2508837,64.5466698,22.6624383,16.7576144,10.0555978,6.5817768,4.5279964,1.545427,0.7155773,1.7002418,112.7857453,36.1734542,34.7699594,17.6704724,7.6983968,11.8353435,2.869236,0.2182411,1.550642,5.0229689,4.9545591,5.4369006,5.1173921,5.4447357,3.808749,7.4104449,4.3509708,2.9409168,4.842032,4.9277585,4.9059346,5.084283,5.6492215,3.4454122,6.8368735,4.9160273,3.1911311,5.2378605,4.986692,6.0536273,5.1565258,5.2029152,4.2674842,8.0596739,3.6702288,2.6752927,5.0629031,4.7897066,5.4852278,5.5418987,5.7507748,3.5961995,8.7976613,4.4805514,2.0282908,4.6373425,4.6147905,4.7267375,5.1240463,5.2338514,3.3025314,7.2437182,4.4761896,2.0682168,5.8343317,5.1002788
2012-05-01 00:00:00,620.9381901,187.1654683,166.4003054,140.828214,43.143113,52.3129679,15.5695246,6.2386779,9.279919,318.0587254,96.9354164,82.8505447,73.1574779,24.1100404,24.3403557,7.8595039,3.0133143,5.7920721,302.8794647,90.2300519,83.5497607,67.6707361,19.0330726,27.9726122,7.7100207,3.2253635,3.4878469,430.0044773,126.9144404,115.9219612,103.65215,30.6223281,32.4381379,11.1154022,4.0618474,5.2782101,246.3366412,74.6203025,63.3718246,58.5911765,20.0049629,18.1823646,5.9738528,1.9193861,3.6727713,183.6678361,52.2941379,52.5501366,45.0609735,10.6173652,14.2557733,5.1415494,2.1424613,1.6054388,190.9337128,60.2510279,50.4783442,37.176064,12.5207849,19.87483,4.4541224,2.1768305,4.0017089,71.7220842,22.3151139,19.4787201,14.5663014,4.1050776,6.1579911,1.8856511,1.0939283,2.1193008,119.2116286,37.935914,30.9996241,22.6097627,8.4157073,13.7168389,2.5684713,1.0829022,1.8824081,5.1684158,5.0105162,5.4920551,5.7947647,5.0518282,3.8465764,6.1628421,4.7986539,4.182155,4.8946325,4.7707987,5.1181836,5.5788293,5.2175217,3.2176548,5.8456206,4.3170092,5.1093859,5.490947,5.2964216,5.920947,6.0478335,4.8564616,4.6348711,6.5237259,5.3570398,3.2136629,5.1100466,4.8089459,5.6170318,5.9567123,5.3819454,3.3303094,6.8062006,3.8669804,3.2877673,4.5610295,4.4315814,4.7994435,5.3040715,5.2994053,2.7806607,5.5987575,3.1252173,3.9693416,6.0938563,5.4740946
2012-06-01 00:00:00,599.270207,189.4037299,159.7138234,121.0651172,50.7969249,46.9553511,17.3767857,5.5270891,8.4313857,306.7857557,103.2162721,77.1215364,61.4147844,27.9508193,18.9843571,10.5033526,3.217102,4.3775318,292.4844513,86.1874578,82.592287,59.6503329,22.8461056,27.970994,6.8734331,2.3099871,4.0538538,422.9076023,133.3322626,112.3503571,87.9203382,35.6078451,29.6547966,13.8237862,4.3259418,5.8922748,240.517131,79.934493,59.0965014,50.4664551,20.87603,14.8008433,9.8006202,2.3728176,3.1693704,182.3904713,53.3977696,53.2538556,37.4538831,14.7318151,14.8539534,4.0231659,1.9531242,2.7229044,176.3626047,56.0714673,47.3634663,33.144779,15.1890798,17.3005545,3.5529995,1.2011473,2.5391109,66.2686247,23.2817791,18.025035,10.9483293,7.0747893,4.1835139,0.7027324,0.8442844,1.2081614,110.09398,32.7896882,29.3384314,22.1964498,8.1142905,13.1170406,2.8502672,0.356863,1.3309494,5.0125845,5.0909884,5.2863425,5.0292541,5.9307299,3.4751423,6.9443704,4.3245548,3.8193851,4.737287,5.1013034,4.7641126,4.7180064,6.0412512,2.5215911,7.8081573,4.6330168,3.8862407,5.3379562,5.0786901,5.8891344,5.3957413,5.8008935,4.6750343,5.9401883,3.9575905,3.7497273,5.065753,5.1207751,5.4350844,5.1266412,6.3577838,3.0403176,8.6156598,4.1844695,3.6097825,4.4762782,4.8122958,4.4494866,4.5918291,5.622507,2.278031,9.1261885,3.8534161,3.3394397,6.1303266,5.664316
2012-07-01 00:00:00,583.375407,181.456043,154.2595349,132.3378375,40.6906398,46.8445869,14.9607176,5.2232865,7.6027608,314.3036886,107.0182649,82.0413012,64.8432164,21.3418163,23.3957499,8.855975,2.3759604,4.4314046,269.0717183,74.4377782,72.2182336,67.4946211,19.3488235,23.448837,6.1047426,2.8473261,3.1713563,425.6988424,140.7347605,107.7271083,93.4610513,30.9340826,33.2901097,10.9681396,3.7091525,4.8744378,258.1164889,93.4449735,65.6887041,50.3705944,17.6585648,18.531618,7.3370273,1.8695465,3.2154603,167.5823535,47.289787,42.0384041,43.0904569,13.2755178,14.7584917,3.6311123,1.839606,1.6589774,157.6765646,40.7212825,46.5324266,38.8767862,9.7565572,13.5544772,3.9925779,1.5141339,2.728323,56.1871997,13.5732913,16.3525971,14.4726221,3.6832515,4.8641319,1.5189477,0.5064139,1.2159442,101.4893649,27.1479912,30.1798295,24.4041642,6.0733057,8.6903452,2.4736302,1.00772,1.5123788,4.880931,4.8714896,5.1321798,5.4629912,4.7905318,3.4766319,6.0098475,3.9314008,3.448047,4.8468648,5.2699669,5.0922048,4.9372253,4.6665926,3.094744,6.6610483,3.3481749,3.947387,4.9213353,4.3938448,5.1783605,6.0855887,4.9351029,3.9647728,5.2633873,4.6000408,2.93012,5.0587416,5.3243933,5.2319555,5.3530331,5.5516508,3.4143515,6.8719043,3.4200876,2.9246485,4.7622749,5.5428093,4.9263672,4.5154802,4.7891342,2.8375243,6.9424852,2.996297,3.3727326,5.595239,4.9397582
2012-08-01 00:00:00,590.767867,164.4980607,164.2592479,135.0753371,45.7003534,51.424669,16.7936737,5.6186124,7.3979128,327.76435,94.2839399,90.3722745,71.8221753,28.0533479,26.6206477,8.9633658,3.4631932,4.1854057,263.003517,70.2141208,73.8869734,63.2531618,17.6470056,24.8040213,7.8303079,2.1554191,3.2125072,442.8426569,125.5701906,121.9002707,103.4958543,36.2938654,34.2035213,12.5158536,4.2243432,4.6387579,274.2140693,82.073856,74.4655871,61.0217887,23.0261389,20.6295268,7.5618589,2.6744235,2.7608895,168.6285876,43.4963346,47.4346836,42.4740656,13.2677265,13.5739945,4.9539947,1.5499197,1.8778684,147.9252101,38.9278702,42.3589772,31.5794828,9.406488,17.2211477,4.2778201,1.3942692,2.7591549,53.5502807,12.210084,15.9066874,10.8003866,5.027209,5.9911209,1.4015069,0.7887698,1.4245162,94.3749294,26.7177862,26.4522898,20.7790962,4.3792791,11.2300268,2.8763132,0.6054994,1.3346388,4.9833287,4.4813481,5.5180703,5.592324,5.4518091,3.8108689,6.7366898,4.178154,3.3536717,5.0926793,4.7197659,5.6508177,5.4577312,6.1923353,3.5452472,6.6704745,4.8089865,3.7105914,4.8534535,4.1966808,5.3639477,5.7534303,4.5809377,4.1440986,6.8141189,3.4508285,2.9801936,5.3102367,4.8725758,5.9302906,5.937662,6.5253086,3.5128427,7.7775631,3.8602506,2.8369147,5.0816032,4.9461458,5.6161092,5.4385711,6.2517682,3.1478009,7.0295892,4.1540517,2.9596351,5.7294244,4.7395539
2012-09-01 00:00:00,661.0912471,201.2830124,171.8235503,152.3122964,47.8979673,57.3523143,18.1793663,3.8156414,8.4270987,371.4831545,120.5961714,94.1144698,82.6725616,27.7071949,29.3735253,9.936981,2.102049,4.9802015,289.6080926,80.6868411,77.7090805,69.6397348,20.1907724,27.978789,8.2423853,1.7135923,3.4468972,474.4569835,146.4756929,120.8115206,111.6056403,34.3946605,39.7117434,13.1941276,3.1607553,5.1028431,294.4389584,95.4204552,75.5525687,64.1850812,21.6955222,24.4053368,8.7667955,1.6544523,2.7587464,180.0180251,51.0552377,45.2589518,47.4205591,12.6991382,15.3064065,4.427332,1.5063031,2.3440967,186.6342636,54.8073196,51.0120298,40.7066561,13.5033068,17.6405709,4.9852388,0.654886,3.3242556,77.0441961,25.1757162,18.5619011,18.4874804,6.0116727,4.9681884,1.1701855,0.4475968,2.2214551,109.5900675,29.6316034,32.4501287,22.2191757,7.4916342,12.6723824,3.8150533,0.2072893,1.1028005,5.4551464,5.3034772,5.6605358,6.2251273,5.6038026,4.1613909,7.1794441,2.8444967,3.8153478,5.6681247,5.8668678,5.7776195,6.2421725,6.0776628,3.8349234,7.2395247,2.9009847,4.3905397,5.2043117,4.6378234,5.5249359,6.2050127,5.0621867,4.5698125,7.1083238,2.7781378,3.2081054,5.5100605,5.4020919,5.7530072,6.2585122,5.9747888,3.9630592,8.0741448,2.8557789,3.1069026,5.3520995,5.5407001,5.5962546,5.7002863,5.8079373,3.6902125,8.0186584,2.5600389,2.9258854,5.7895394,5.1608003
2012-10-01 00:00:00,623.6190531,189.1965077,156.5679028,137.950296,48.0123935,59.8047909,16.6635062,6.7873728,8.6362833,335.9634332,102.0843092,79.366906,79.1496121,27.1507757,30.9953661,8.5613187,3.5234532,5.1316922,287.6556199,87.1121985,77.2009968,58.8006839,20.8616178,28.8094248,8.1021875,3.2639196,3.504591,453.2128607,138.8745335,110.7402025,101.3754785,36.0686587,43.0700942,12.2742066,4.794214,6.0154728,275.790619,85.886304,64.5865389,64.7731057,21.828246,24.8317876,7.2004806,2.889368,3.7947881,177.4222417,52.9882294,46.1536636,36.6023728,14.2404127,18.2383066,5.073726,1.904846,2.2206847,170.4061924,50.3219742,45.8277003,36.5748175,11.9437348,16.7346968,4.3892996,1.9931588,2.6208105,60.1728142,16.1980052,14.7803671,14.3765064,5.3225296,6.1635785,1.3608381,0.6340852,1.3369041,110.2333782,34.1239691,31.0473332,22.1983111,6.6212052,10.5711183,3.0284615,1.3590736,1.2839064,5.1840451,5.0329771,5.1996521,5.6864584,5.6041232,4.3734049,6.577161,5.0191811,3.914929,5.1473834,4.9973749,4.8768632,6.0285662,5.9296392,4.0685603,6.2527415,4.790469,4.5168694,5.2275304,5.0753493,5.5792936,5.2829161,5.2304297,4.7568655,6.9586667,5.2919243,3.2757162,5.3567879,5.2282213,5.3556476,5.8122246,6.3145381,4.3652522,7.5734162,4.3514686,3.7068684,5.0515836,5.0048218,4.8487031,5.7990429,5.8483007,3.7870644,6.6421747,4.4849424,4.0959398,5.9120142,5.6359843
2012-11-01 00:00:00,589.17245,180.34973,150.0973366,134.1980553,43.9418238,51.3240047,17.0854774,3.7171605,8.4588618,323.3230992,105.9301629,77.9725466,73.5372595,23.2306249,27.8083324,8.6738126,1.6590644,4.5112959,265.8493508,74.4195671,72.12479,60.6607958,20.7111989,23.5156722,8.4116648,2.0580961,3.9475659,434.572759,140.584535,101.7946866,99.3291824,33.2533007,37.2320735,13.3141418,2.7780627,6.2867764,260.3642005,87.2367391,59.5370015,60.3717418,18.9970079,21.8620799,7.7054059,1.3355001,3.3187243,174.2085585,53.3477958,42.2576851,38.9574406,14.2562927,15.3699936,5.608736,1.4425626,2.9680521,154.599691,39.765195,48.30265,34.8688729,10.6885231,14.0919312,3.7713356,0.9390978,2.1720854,62.9588988,18.6934238,18.4355451,13.1655177,4.233617,5.9462526,0.9684067,0.3235644,1.1925716,91.6407923,21.0717712,29.867105,21.7033553,6.4549061,8.1456786,2.8029288,0.6155335,0.9795138,4.9231013,4.8421602,5.0195655,5.5167849,5.1532641,3.7693893,6.8502606,2.7257064,3.8438706,4.9848299,5.2144227,4.847702,5.5956111,5.0838893,3.6913666,6.4610237,2.2412139,3.9759533,4.8500575,4.3954938,5.2196178,5.4241543,5.2333659,3.8660201,7.3039944,3.3009314,3.7032778,5.126603,5.2762358,4.9443366,5.666882,5.789727,3.7666107,8.1824382,2.4871608,3.845655,4.7734332,5.1131608,4.4535927,5.4127468,5.0407247,3.3439101,7.1681402,2.0388639,3.5888792,5.7639644,5.5665493
2012-12-01 00:00:00,637.8284158,187.12842,165.8972322,146.3103477,50.3564852,54.8438372,18.8058916,5.4668791,9.0193228,344.7202881,100.453093,85.1375807,82.5603657,28.0768361,29.5980723,10.4412211,3.4980313,4.9550879,293.1081277,86.675327,80.7596515,63.749982,22.2796491,25.2457649,8.3646705,1.9688478,4.0642349,459.5866576,130.7503801,114.7569857,115.0885166,34.3761624,40.4355082,13.5253466,4.1774372,6.4763205,270.5476257,75.9987536,63.4669772,70.6031062,21.697859,23.6467854,8.1644813,2.9037446,4.0659184,189.0390319,54.7516265,51.2900085,44.4854105,12.6783035,16.7887228,5.3608654,1.2736925,2.4104021,178.2417583,56.3780399,51.1402465,31.221831,15.9803227,14.408329,5.280545,1.289442,2.5430023,74.1726624,24.4543394,21.6706035,11.9572595,6.3789771,5.9512869,2.2767398,0.5942867,0.8891695,104.0690958,31.9237005,29.469643,19.2645715,9.6013456,8.4570421,3.0038052,0.6951553,1.6538328,5.2456643,4.9342086,5.4358504,5.9879914,5.7626616,3.9663853,7.3835796,4.0422522,4.0107407,5.2174907,4.8664178,5.1549754,6.1979155,5.9870764,3.8763114,7.5646054,4.7493706,4.3097186,5.2791906,5.015177,5.7671124,5.7363713,5.5027325,4.0774679,7.1694185,3.1966552,3.6979701,5.3490498,4.8602701,5.4468177,6.510111,5.9054021,4.0176493,8.3727727,3.8346974,3.8549651,4.8951038,4.4250268,4.6611807,6.2180817,5.669767,3.5762256,7.5659732,4.5226658,4.2203453,6.1676118,5.6287604
2013-01-01 00:00:00,696.8740676,201.8487395,194.8365147,145.2701451,56.9966229,58.5291879,20.5946806,6.7613863,12.0367906,383.9065742,112.3179806,106.5966925,82.3647745,29.7336749,32.1255249,10.9815731,3.0775437,6.7088101,312.9674934,89.5307589,88.2398222,62.9053706,27.262948,26.403663,9.6131075,3.6838427,5.3279805,508.9120206,144.8888972,134.2147946,116.0111782,39.7158049,43.9515818,15.3524549,6.2384097,8.5388993,303.3879459,88.0470028,79.735425,69.5293384,23.1391787,26.4258378,9.0894429,2.9938064,4.4279139,205.5240746,56.8418944,54.4793695,46.4818397,16.5766261,17.525744,6.263012,3.2446033,4.1109855,187.9620471,56.9598424,60.6217201,29.2589669,17.280818,14.5776061,5.2422257,0.5229766,3.4978913,80.5186283,24.2709778,26.8612675,12.835436,6.5944962,5.6996871,1.8921302,0.0837372,2.2808962,107.4434188,32.6888645,33.7604526,16.4235309,10.6863219,8.8779189,3.3500955,0.4392394,1.2169951,5.8059266,5.3854163,6.4774768,6.0001953,6.6495894,4.2923666,8.189945,5.1345436,5.4246952,5.8736659,5.4901617,6.521173,6.3054516,6.4548521,4.1923062,8.0418562,4.2895837,5.8771674,5.7249371,5.2595314,6.425465,5.6425306,6.8758264,4.4207448,8.3659321,6.145915,4.9452943,5.9806073,5.4159083,6.4545960000000004,6.6252347,6.9541689,4.4328995,9.2128696,5.7908956,5.1210063,5.538196,5.1513027,5.9037292,6.2466505,6.1902643,3.9866707,8.1499819,4.7653536,4.6997319,6.7801316,5.8840818
2013-02-01 00:00:00,740.9822388,222.0400754,189.4832234,165.2341701,56.3186047,70.2801188,19.3398413,6.6776413,11.6085639,395.1117896,120.0815818,93.4142244,91.8739691,31.9836673,38.3051706,9.9475364,3.5949177,5.9107223,345.8704492,101.9584936,96.068999,73.360201,24.3349374,31.9749482,9.3923049,3.0827236,5.6978416,521.7845761,157.4993918,122.9896606,122.8570533,40.5599031,50.6159267,14.2356996,5.585343,7.441598,307.4126067,92.5931128,67.3757079,74.8378784,24.6638666,32.7146317,8.4018412,3.124149,3.7014191,214.3719694,64.906279,55.6139526,48.0191749,15.8960365,17.901295,5.8338584,2.461194,3.7401789,219.1976627,64.5406836,66.4935628,42.3771168,15.7587016,19.6641921,5.1041417,1.0922983,4.1669658,87.699183,27.488469,26.0385165,17.0360907,7.3198007,5.590539,1.5456952,0.4707687,2.2093031,131.4984798,37.0522146,40.4550463,25.3410261,8.4389009,14.0736531,3.5584465,0.6215296,1.9576627,6.0904515,5.820565,6.2048954,6.7530848,6.5055664,5.0967004,7.5968687,5.170575,5.2144792,5.9921914,5.7754558,5.70848,6.9357881,6.9148282,4.9838563,7.2527472,5.1145649,5.140042,6.2067194,5.8746044,6.7780319,6.5374154,6.0360301,5.2387999,7.9988251,5.2374606,5.2940105,6.0909028,5.7982165,5.9016594,6.9767149,7.0362578,5.1185609,8.6030324,5.1478023,4.4814835,5.5900555,5.3516179,5.0456981,6.6329887,6.5612713,4.948456,7.6382776,4.9247043,3.8935237,6.9888447,6.5817664
2013-03-01 00:00:00,726.087422,221.4937008,185.6918411,157.5039775,53.3715421,72.5065366,18.3640172,6.3692065,10.7866001,391.0378276,118.6058515,97.583377,88.9293962,28.8118188,37.5730496,9.4510749,3.553146,6.5301135,335.0495943,102.8878493,88.1084642,68.5745813,24.5597233,34.933487,8.9129423,2.8160605,4.2564866,515.8585913,149.6106456,128.705641,120.9250558,38.9765644,52.1334177,13.1054529,5.4166802,6.9851336,312.4434899,89.556451,76.6690352,76.2752499,23.1906573,30.9337097,8.0411162,3.2415346,4.5357359,203.4151014,60.0541946,52.0366058,44.6498059,15.7859071,21.199708,5.0643366,2.1751456,2.4493977,210.2288307,71.8830551,56.9862001,36.5789217,14.3949777,20.3731189,5.2585643,0.9525263,3.8014664,78.5943377,29.0494005,20.9143417,12.6541464,5.6211616,6.6393399,1.4099587,0.3116114,1.9943776,131.634493,42.8336546,36.0718584,23.9247754,8.7738161,13.733779,3.8486056,0.6409149,1.8070889,5.9694326,5.780013,6.1024605,6.4549351,6.1624849,5.2668432,7.296292,4.8735644,4.8306456,5.9420371,5.6994571,5.9394677,6.7727094,6.2487431,4.9348739,7.0098426,4.9374203,5.698201,6.0017271,5.8757476,6.2937488,6.0846999,6.0642799,5.6776371,7.6267683,4.7953136,3.9159679,6.0826985,5.5553194,6.1672717,7.0189293,6.799987,5.3173077,8.2356856,5.1772899,4.3520262,5.7143252,5.2043938,5.6549875,6.8724671,6.2518316,4.7667709,7.543834,5.1570458,4.9323682,6.7511831,6.1763775
2013-04-01 00:00:00,682.9062991,204.855568,184.2039589,130.9865408,52.6225612,74.0781812,17.6838933,7.7391171,10.7364785,361.9757628,107.7667659,96.6678479,73.2226057,26.6584429,39.4050849,8.0464481,4.0040403,6.2045271,320.93053629999997,97.0888021,87.536111,57.7639351,25.9641183,34.6730963,9.6374452,3.7350768,4.5319514,496.5258334,141.9776137,133.1311835,104.54484,41.8143716,49.0037189,12.6805412,6.3873506,6.9862139,297.0647656,85.3109193,77.3313573,64.9349644,23.145824,30.6117038,7.1164786,3.7544416,4.8590765,199.4610678,56.6666944,55.7998262,39.6098756,18.6685476,18.3920151,5.5640626,2.6329089,2.1271374,186.3804656,62.8779543,51.0727754,26.4417008,10.8081896,25.0744623,5.0033521,1.3517665,3.7502646,64.9109972,22.4558466,19.3364906,8.2876413,3.5126189,8.793381,0.9299695,0.2495987,1.3454505,121.4694684,40.4221077,31.7362848,18.1540595,7.2955707,16.2810812,4.0733826,1.1021679,2.404814,5.6141709,5.3448747,6.0335466,5.4076562,6.0611989,5.3715575,7.0749332,5.7700805,4.7793719,5.5067041,5.1895904,5.8882572,5.60761,5.7580216,5.1526266,6.007832,5.485857,5.4124201,5.7405289,5.5284936,6.2025566,5.1737994,6.4076006,5.6440991,8.3068004,6.1094035,4.1196917,5.8491857,5.2600735,6.3633365,6.1108824,7.2001291,4.9840959,8.1853983,6.0496625,4.3060085,5.4364752,4.9587816,5.7323399,5.8958851,6.1625196,4.6564369,6.8477198,6.0525203,5.1397298,6.5948164,5.7896673
2013-05-01 00:00:00,676.9061813,214.7495356,168.3027572,140.7203044,50.7753778,67.7191082,17.7563758,8.158077,8.7246454,363.5092262,116.9826764,90.2843466,76.8521705,27.7064259,34.155433,9.0611842,4.5601061,3.9068835,313.3969552,97.7668591,78.0184106,63.8681339,23.0689519,33.5636751,8.6951916,3.5979709,4.8177619,503.738701,159.3843768,119.3303648,111.4909922,37.5043029,49.4179586,13.9291618,6.7846052,5.8969386,299.3433575,94.8322588,73.4177501,67.7370765,21.7309593,27.5440743,7.6329882,3.7336907,2.7145596,204.3953435,64.5521179,45.9126147,43.7539158,15.7733436,21.8738843,6.2961736,3.0509146,3.182379,173.1674803,55.3651588,48.9723924,29.2293122,13.2710749,18.3011495,3.827214,1.3734718,2.8277068,64.1658687,22.1504176,16.8665965,9.115094,5.9754665,6.6113587,1.428196,0.8264154,1.1923239,109.0016116,33.2147412,32.1057959,20.1142181,7.2956083,11.6897908,2.399018,0.5470563,1.6353829,5.5627418,5.6127998,5.5173149,5.7809536,5.8191695,4.9258161,7.0119362,6.108303,3.8996424,5.5130243,5.6342983,5.4842458,5.8767134,5.8924698,4.4324768,6.7184799,6.2525602,3.402592,5.6215443,5.5872904,5.5560843,5.6697838,5.7335089,5.5549933,7.3463222,5.9347628,4.4236759,5.9213914,5.9174248,5.7318417,6.465998,6.3534504,5.007017,8.61806,6.3715244,3.6380462,5.4805353,5.5559491,5.4597092,6.136686,5.6777518,4.1703879,7.1120334,5.9209153,2.9201005,6.7121299,6.5427832
2013-06-01 00:00:00,673.4005686,201.9073727,173.3364175,149.7197924,47.6315193,62.5923974,21.946281,8.1665812,8.100207,367.6331,105.2112243,97.0616213,84.5448649,26.0949124,34.8154921,11.677777,4.3664846,3.8607234,305.7674686,96.6961483,76.2747962,65.1749275,21.5366069,27.7769054,10.268504,3.8000966,4.2394837,506.0507994,156.1966322,126.9015396,115.9348245,34.5443295,45.0993123,15.7286706,6.023563,5.6219277,302.644516,89.442889,77.9539257,68.9294735,21.8483448,28.755698,9.7386256,3.5499267,2.4256327,203.4062833,66.7537432,48.9476139,47.0053509,12.6959846,16.3436143,5.9900451,2.4736363,3.196295,167.3497692,45.7107405,46.4348779,33.7849679,13.0871899,17.4930852,6.2176104,2.1430182,2.4782793,64.988584,15.7683354,19.1076956,15.6153914,4.2465676,6.0597941,1.9391514,0.8165579,1.4350906,102.3611853,29.9424051,27.3271823,18.1695766,8.8406223,11.4332911,4.278459,1.3264602,1.0431887,5.5351543,5.3012802,5.6320639,6.1403618,5.564633,4.5665656,8.6705294,5.8522371,3.6491236,5.5770946,5.0995515,5.8520645,6.4299058,5.6269063,4.5448626,8.7267447,5.6590977,3.3727623,5.485556,5.5397188,5.3749329,5.8014747,5.4910017,4.5940625,8.6074728,6.0911047,3.9433725,5.9734734,5.866125,6.1252423,6.6508287,6.0177785,4.5714181,9.7668362,5.4210051,3.4863039,5.5567418,5.2895151,5.7990361,6.224853,5.8256256,4.3437124,9.2319321,5.2555099,2.5852246,6.72374,6.8694954
2013-07-01 00:00:00,647.1758146,202.1180112,164.751414,132.7273759,54.7909479,58.8423758,18.9578313,7.1566663,7.8311922,356.5245025,104.3290007,92.4341766,75.429373,29.6264054,36.5618551,10.8669584,3.4745031,3.8022303,290.6513121,97.7890105,72.3172375,57.2980028,25.1645425,22.2805207,8.0908729,3.6821633,4.0289619,483.9034139,148.4677802,122.1915168,101.3417176,43.0035574,43.3370027,13.9438396,5.9062428,5.7117568,293.5742298,84.8534571,75.6360104,61.1092498,25.3831136,31.1116542,9.6257908,3.3453643,2.5095895,190.3291841,63.6143231,46.5555064,40.2324678,17.6204438,12.2253485,4.3180488,2.5608784,3.2021673,163.2724007,53.650231,42.5598973,31.3856583,11.7873905,15.505373,5.0139917,1.2504236,2.1194353,62.9502728,19.4755436,16.7981662,14.3201232,4.2432918,5.4502009,1.2411676,0.1291387,1.2926408,100.3221279,34.1746874,25.7617311,17.0655351,7.5440987,10.0551721,3.7728241,1.1212848,0.8267945,5.336587,5.3151132,5.3955853,5.4315163,6.4163855,4.3150711,7.5777398,5.1711977,3.5403096,5.4209524,5.0548575,5.6225849,5.7129756,6.4155072,4.7905693,8.1563422,4.6030547,3.3108787,5.2366199,5.6240392,5.1308168,5.100702,6.4174199,3.71068,6.9185471,5.8528601,3.7880333,5.6939072,5.5719491,5.8726577,5.7388348,7.4946864,4.4320802,8.6984822,5.2854472,3.4860891,5.3775615,5.0128115,5.5980498,5.4616081,6.789718,4.7494819,9.0465575,5.0097321,2.6575763,6.2621194,6.5458586
2013-08-01 00:00:00,680.9789535,216.0036134,173.6918795,134.6368363,55.9392969,64.8215414,20.0515014,7.7450411,8.0892436,373.5024105,114.9715795,96.6180454,75.0611027,31.8547267,33.6457134,11.952444,4.4826686,4.9161303,307.476543,101.0320339,77.0738341,59.5757335,24.0845702,31.175828,8.0990575,3.2623725,3.1731132,488.8662425,149.9475731,126.0906675,101.6895174,40.7587766,43.7869364,15.4399143,6.4375721,4.715285,299.1898707,86.0533508,78.4556666,62.2480632,26.5999607,28.0816581,10.6705397,4.1754222,2.9052094,189.6763718,63.8942223,47.6350009,39.4414543,14.1588159,15.7052783,4.7693746,2.2621499,1.8100757,192.112711,66.0560403,47.601212,32.9473188,15.1805202,21.034605,4.6115871,1.307469,3.3739585,74.3125398,28.9182287,18.1623788,12.8130395,5.254766,5.5640553,1.2819043,0.3072464,2.0109209,117.8001712,37.1378116,29.4388333,20.1342793,9.9257543,15.4705497,3.3296828,1.0002226,1.3630376,5.6548495,5.7095376,5.7267852,5.5645221,6.6313714,4.7716617,8.0805758,5.6186689,3.699853,5.7300021,5.6555409,5.9037945,5.7500163,6.9681059,4.4003205,9.1026153,5.9162725,4.2872672,5.5661691,5.7722524,5.5193401,5.3471859,6.2329854,5.2497878,6.9319487,5.2554229,3.051988,5.8168108,5.6892695,6.0887945,5.8682507,7.3040447,4.4841589,9.6679167,5.740674,2.9720417,5.5429889,5.1668196,5.8091327,5.6620696,7.3092846,4.3028877,10.1563746,6.214166,3.1110007,6.308369,6.5862086
2013-09-01 00:00:00,693.3544513,215.5451226,180.8194198,144.5339546,50.5419139,64.8429105,19.9059462,7.1171628,10.048021,377.1016271,118.4153626,94.5404501,77.0809864,30.1776853,35.2343027,12.1239224,3.8166378,5.7122799,316.2528243,97.12976,86.2789696,67.4529682,20.3642286,29.6086078,7.7820238,3.300525,4.3357412,498.9126998,158.8003362,121.9047885,109.2656843,38.5434536,44.8539708,14.1528202,5.7239196,5.6677267,302.3384631,97.6729229,71.1768877,63.7985164,26.4655595,27.052028,9.4544613,3.5948162,3.123271,196.5742367,61.1274132,50.7279007,45.4671679,12.0778941,17.8019428,4.6983589,2.1291034,2.5444557,194.4417516,56.7447864,58.9146313,35.2682704,11.9984603,19.9889397,5.753126,1.3932431,4.3802943,74.763164,20.7424396,23.3635624,13.28247,3.7121259,8.1822746,2.6694611,0.2218216,2.5890088,119.6785876,36.0023468,35.5510689,21.9858004,8.2863345,11.806665,3.0836649,1.1714216,1.7912855,5.6680724,5.6287569,5.8916783,5.8248083,5.8867277,4.6929423,7.946213,5.0848062,4.5241498,5.7116,5.7362344,5.7413154,5.8013713,6.519342,4.5518706,9.0914525,4.9844473,4.9319486,5.6170294,5.5030525,6.0657494,5.8518236,5.1466493,4.8726483,6.6425923,5.2060172,4.0797194,5.7915531,5.9001269,5.7658075,6.0838993,6.66248,4.4988911,8.8352819,4.9205218,3.5261272,5.5007749,5.7385661,5.2248289,5.630874,7.0882781,4.1156679,9.0290056,5.1839552,3.3145729,6.3040925,6.1780482
2013-10-01 00:00:00,680.4325743,219.9260794,179.3968788,136.5941209,57.0544162,53.6104864,18.7123991,6.2929228,8.8452705,380.9961015,118.0436858,100.4012287,74.5318249,34.9351172,34.8951219,10.3540019,3.2982112,4.5369098,299.4364728,101.8823936,78.9956501,62.062296,22.1192991,18.7153644,8.3583972,2.9947116,4.3083607,506.9004381,162.9735372,133.1177991,107.7711435,40.6663282,38.8719905,13.3120584,4.7708348,5.4167465,315.0773526,100.8762343,81.9324707,63.2488346,28.5725445,27.6735674,8.0188792,2.5917843,2.1630375,191.8230855,62.0973028,51.1853283,44.5223089,12.0937837,11.1984232,5.2931792,2.1790505,3.2537089,173.5321362,56.9525422,46.2790798,28.8229775,16.388088,14.7384959,5.4003407,1.522088,3.4285241,65.9187489,17.1674515,18.468758,11.2829903,6.3625726,7.2215546,2.3351227,0.7064269,2.3738723,107.6133873,39.7850907,27.8103218,17.5399872,10.0255154,7.5169413,3.065218,0.8156611,1.0546518,5.594286,5.7832355,5.8403892,5.5417964,6.6903058,3.9342663,7.4890981,4.519024,4.036176,5.7908852,5.7318905,6.0633987,5.6455626,7.6003774,4.5818247,7.8428344,4.3595654,3.9501283,5.3626367,5.8438874,5.5795675,5.4221138,5.6262791,3.1137448,7.0928108,4.7087077,4.1309358,6.0055935,6.1917952,6.3195221,6.1560529,7.2391793,4.0239593,8.4374742,4.1977155,3.5616914,5.8122723,6.0187073,6.0264002,5.6958005,7.6728588,4.3051822,7.7747073,3.8591254,2.4204387,6.3526539,6.4952365
2013-11-01 00:00:00,657.5810212,214.7107122,177.0640774,127.2624747,56.7813801,49.9860129,19.1380262,5.4695701,7.1687675,365.84798,119.6098965,98.6885488,70.8569123,30.5458726,29.3576934,10.7612664,2.9095252,3.1182647,291.7330412,95.1008157,78.3755286,56.4055624,26.2355074,20.6283195,8.3767598,2.5600449,4.0505028,487.1249728,154.8421149,133.8159697,95.7089394,41.4718309,38.2654632,14.0636387,4.4474694,4.5095465,298.4195222,95.0002798,82.6222519,58.1186901,25.1569851,24.925758,8.6991822,2.2961401,1.6002349,188.7054506,59.8418351,51.1937178,37.5902494,16.3148458,13.3397052,5.3644564,2.1513292,2.9093116,170.4560484,59.8685973,43.2481077,31.5535353,15.3095491,11.7205497,5.0743876,1.0221007,2.659221,67.4284578,24.6096168,16.0662969,12.7382222,5.3888875,4.4319354,2.0620842,0.613385,1.5180298,103.0275906,35.2589805,27.1818108,18.8153131,9.9206616,7.2886143,3.0123034,0.4087157,1.1411913,5.4329909,5.6738446,5.7844552,5.2012694,6.6436445,3.6947386,7.7154225,3.9316775,3.3075832,5.5904733,5.8212564,5.9947143,5.415828,6.6719823,3.8739334,8.2411489,3.816666,2.7749424,5.2476119,5.498715,5.5397934,4.9546894,6.6109527,3.4665328,7.1310214,4.0711035,3.8810896,5.7508259,5.8449962,6.3186917,5.5261673,7.2892143,3.9557695,8.5804599,3.929299,2.8485777,5.492733,5.658722,6.0324252,5.2716343,6.7505159,3.8726774,8.1729183,3.4125039,1.7390181,6.2124555,6.1672876
2013-12-01 00:00:00,694.6201289,215.8898647,185.5951329,144.5990119,58.5038888,57.8180197,19.0929136,5.2279737,7.8933237,385.9855489,120.2568538,97.8224765,83.2296461,33.4652987,33.439523,10.6278424,3.2904629,3.8534455,308.63458,95.6330109,87.7726564,61.3693658,25.0385901,24.3784966,8.4650713,1.9375108,4.0398781,510.5096809,154.2100185,132.9071353,111.45575,42.1796205,45.071129,14.9666316,4.5151308,5.2042651,307.3529185,92.9317273,77.9782333,68.3804625,25.5803276,28.2739533,8.6933488,3.0163521,2.4985136,203.1567624,61.2782913,54.928902,43.0752875,16.5992929,16.7971757,6.2732828,1.4987787,2.7057515,184.110448,61.6798462,52.6879975,33.1432619,16.3242682,12.7468907,4.126282,0.7128428,2.6890585,78.6326304,27.3251265,19.8442432,14.8491836,7.8849711,5.1655698,1.9344936,0.2741107,1.3549319,105.4778176,34.3547197,32.8437544,18.2940783,8.4392972,7.5813209,2.1917884,0.4387321,1.3341266,5.6786141,5.6517867,6.0166201,5.8565354,6.7622568,4.1861892,7.6438551,3.7152497,3.5584163,5.8303466,5.8209156,5.8840647,6.2881014,7.1443827,4.3195323,7.9866195,4.2703045,3.3348409,5.4996181,5.4525682,6.1715714,5.3578312,6.311096,4.016132,7.2530435,3.0434294,3.8015173,5.9755213,5.7876266,6.2761864,6.3501686,7.2867896,4.5773172,8.9937474,3.9772041,3.2002928,5.6065574,5.5125933,5.6790749,6.1110826,6.7353118,4.3170512,8.0652799,4.4528412,2.6602124,6.6362387,6.2613853
2014-01-01 00:00:00,772.0829283,229.5143158,212.2179292,158.8765415,60.8990492,74.6068318,20.8825793,5.7162096,9.3694719,416.1000168,123.8415841,113.2808481,85.9803602,34.0970584,40.5364166,10.9810455,2.7501042,4.6325997,355.9829115,105.6727318,98.9370811,72.8961813,26.8019908,34.0704152,9.9015338,2.9661053,4.7368722,591.3359265,169.6350665,160.3036977,129.1285388,45.285806,59.6567548,16.2533593,4.6664236,6.4062799,343.1191128,98.5392677,93.4484337,73.4121688,27.6105324,35.7619369,8.9857708,2.4059255,2.955077,248.2168136,71.0957988,66.855264,55.71637,17.6752736,23.8948179,7.2675885,2.2604981,3.4512028,180.7470018,59.8792494,51.9142314,29.7480028,15.6132432,14.950077,4.62922,1.049786,2.963192,72.980904,25.3023164,19.8324143,12.5681914,6.486526,4.7744797,1.9952748,0.3441787,1.6775227,107.7660978,34.576933,32.0818171,17.1798113,9.1267172,10.1755973,2.6339452,0.7056073,1.2856693,6.3830398,6.0693056,6.9088666,6.5730901,7.1945174,5.4485127,8.2265834,4.250769,4.2309016,6.3459491,6.0580424,6.8343866,6.5976805,7.3761313,5.2975228,8.1530241,3.7000708,4.0104174,6.4269476,6.0825589,6.9961633,6.5443206,6.9760045,5.639764,8.3097305,4.9312631,4.4713136,6.9405517,6.3841182,7.5739046,7.4151506,7.9624597,6.0146402,9.686525,4.1723,3.8898254,6.2906539,5.8398439,6.8633388,6.6649496,7.2875745,5.4451283,8.3244892,3.5995784,3.1565869,8.0968785,7.3311238
2014-02-01 00:00:00,837.1655999,244.6349872,222.9871288,181.0710556,63.4799938,90.645583,20.8085537,5.433653,8.1046449,427.6408347,119.471122,107.6227864,97.4223953,34.2438952,49.8483364,11.7382275,2.6893401,4.6047319,409.5247652,125.1638651,115.3643424,83.6486603,29.2360987,40.7972466,9.0703262,2.744313,3.4999129,580.4423963,164.012105,145.4469825,133.357493,47.269639,66.0881964,15.742131,3.764672,4.7611776,334.405774,87.4872239,82.2558264,82.0230059,28.0764676,40.3430596,9.1350646,2.2024932,2.8826327,246.0366223,76.5248811,63.191156,51.3344871,19.1931714,25.7451368,6.6070664,1.5621788,1.8785448,256.7232036,80.6228822,77.5401463,47.7135626,16.2103549,24.5573866,5.0664227,1.668981,3.3434673,93.2350607,31.9838981,25.36696,15.3993894,6.1674276,9.5052767,2.6031629,0.4868469,1.7220992,163.4881429,48.6389841,52.1731864,32.3141732,10.0429273,15.0521098,2.4632598,1.1821342,1.6213681,6.8052672,6.3676021,7.1948587,7.2668146,7.371212,6.5111888,8.1969427,3.8793549,3.6575227,6.4309544,5.7496072,6.4845285,7.2971644,7.3458558,6.3806836,8.6106773,3.4862338,3.9627691,7.2456557,7.0955807,8.0138006,7.2317839,7.4011349,6.6780795,7.7170797,4.3613003,3.3209625,6.7175174,6.0686789,6.831119,7.5682903,8.0827618,6.5126998,9.4208312,3.2273297,2.9109356,6.0654022,5.1553828,6.0193102,7.3172099,7.2570735,6.0327762,8.3715058,3.144494,3.0648979,7.8671409,7.6099294
2014-03-01 00:00:00,766.8110356,211.8855919,214.4004783,166.6652357,65.0274875,73.995289,19.4083623,5.8005238,9.628067,389.6399259,99.5940133,109.1875487,88.3320423,34.8532491,38.9923066,11.3257365,3.13865,4.2163795,377.1711097,112.2915787,105.2129295,78.3331934,30.1742384,35.0029825,8.0826258,2.6618738,5.4116875,529.3535892,144.5442386,145.2499324,116.2954581,47.5523472,52.6874542,13.1972025,4.173211,5.6537452,303.0617592,76.8482233,81.9659726,71.8406171,27.9524025,30.2997912,8.8475296,2.5031607,2.8040622,226.29183,67.6960154,63.2839597,44.454841,19.5999447,22.387663,4.3496729,1.6700503,2.849683,237.4574464,67.3413533,69.1505459,50.3697776,17.4751403,21.3078349,6.2111598,1.6273128,3.9743218,86.5781667,22.74579,27.2215761,16.4914252,6.9008465,8.6925154,2.4782068,0.6354893,1.4123173,150.8792797,44.5955633,41.9289698,33.8783524,10.5742938,12.6153195,3.7329529,0.9918235,2.5620045,6.2329598,5.5056223,6.9313885,6.6699205,7.5235088,5.3561687,7.6088372,4.2216672,4.3030431,5.8807649,4.8215088,6.5945391,6.6154855,7.4754898,5.0384815,8.2389563,4.1751338,3.6246286,6.6440198,6.2982122,7.3193871,6.7323887,7.5797476,5.7607973,6.8723432,4.2778858,5.0376729,6.2333967,5.4112546,6.8937492,6.7423393,8.310742,5.3792168,8.0088473,3.7027457,3.5319439,5.5816761,4.5675748,6.1035007,6.4974527,7.3362163,4.6697836,8.1449345,3.703844,3.0338224,7.388798,6.8469397
2014-04-01 00:00:00,714.2270759,203.2826952,202.9765372,151.5489812,55.0052216,68.9231592,18.6892881,5.2977254,8.503468,378.8294827,103.9334072,106.2379929,80.9232366,31.945073,38.6718093,10.2087386,3.1449512,3.7642739,335.3975932,99.3492879,96.7385444,70.6257446,23.0601486,30.2513499,8.4805495,2.1527742,4.7391941,515.339399,137.768162,141.2022092,120.9112676,41.4945275,51.8929526,12.7997514,4.3064146,4.9641142,303.0132666,78.4907239,83.1582523,70.4708922,25.8801617,32.3827747,7.8654184,2.6502783,2.114765,212.3261324,59.2774381,58.0439569,50.4403755,15.6143658,19.5101778,4.934333,1.6561362,2.8493492,198.8876769,65.5145332,61.774328,30.6377136,13.5106941,17.0302066,5.8895367,0.9913109,3.5393538,75.8162161,25.4426833,23.0797406,10.4523444,6.0649113,6.2890345,2.3433203,0.4946728,1.6495089,123.0714608,40.0718499,38.6945875,20.1853692,7.4457828,10.7411721,3.5462165,0.496638,1.8898449,5.8212597,5.2858367,6.5950203,6.0851372,6.3864846,5.0153237,7.2094456,3.8348051,3.8238977,5.7157039,5.0093552,6.4070811,6.0718498,6.8848003,5.0412068,7.353545,4.1236937,3.2453746,5.9452729,5.6097417,6.8145401,6.1004337,5.8044899,4.9826206,7.0432998,3.4787758,4.4546285,6.0676314,5.1648149,6.6793808,6.9906629,7.2636224,5.3646045,7.5991015,3.8062415,3.063488,5.5531971,4.6451764,6.1265001,6.3590914,6.839912,4.9860031,7.0614109,3.9110359,2.2427864,6.9920031,6.0628778
2014-05-01 00:00:00,717.9358301,216.9009979,189.7669719,152.8871913,57.067409,69.8588779,17.7500911,4.0751533,9.6291378,373.8671365,120.0107047,91.7031568,77.792486,30.3882872,37.1276204,10.250606,2.7111372,3.8831382,344.0686936,96.8902931,98.0638151,75.0947053,26.6791218,32.7312575,7.4994851,1.3640161,5.7459996,531.3398454,163.6078093,124.2195892,120.5482571,46.0575007,54.281587,12.9487205,3.2509908,6.4253909,307.7068965,101.0935138,67.6951605,67.4184864,26.3560795,31.2522643,8.0290578,2.4159004,3.4464338,223.6329489,62.5142955,56.5244286,53.1297707,19.7014212,23.0293227,4.9196627,0.8350904,2.9789571,186.5959847,53.2931885,65.5473827,32.3389343,11.0099083,15.5772909,4.8013706,0.8241626,3.2037468,66.16024,18.9171909,24.0079963,10.3739997,4.0322077,5.8753561,2.2215482,0.2952368,0.4367044,120.4357447,34.3759976,41.5393864,21.9649346,6.9777006,9.7019349,2.5798225,0.5289257,2.7670424,5.8505352,5.6775574,6.1233524,6.132027,6.6409577,5.0421277,6.9797725,2.9006838,4.3966781,5.6588484,5.8049492,5.5484397,5.8769472,6.5436926,4.8042858,7.5676057,3.5267182,3.4242326,6.074108,5.5273135,6.7803415,6.4207199,6.7553286,5.3421182,6.3098387,2.1441676,5.4408917,6.2115039,6.0741997,5.9151731,6.8655675,7.9360445,5.5403517,7.7645154,2.7580677,4.014976,5.6324805,5.9190117,5.057279,6.0612923,6.9038106,4.8006244,7.3534787,3.4365314,3.7447935,7.2348634,6.3431409
2014-06-01 00:00:00,721.8138837,214.8044172,193.8154765,153.5432689,58.7677718,67.9288286,18.4457861,7.0279964,7.4803381,389.6550418,117.3743221,104.2337643,78.6230333,35.1972253,37.8224692,9.9241875,3.7789461,2.701094,332.1588419,97.4300951,89.5817122,74.9202357,23.5705465,30.1063594,8.5215985,3.2490504,4.7792442,533.1631734,155.6477232,138.4328799,119.1900548,45.1825486,50.9646687,13.5535387,6.0881786,4.1035808,316.2369358,94.7708127,80.9112472,65.260968,28.0073354,33.7263261,8.4465669,3.397321,1.7163584,216.9262375,60.8769105,57.5216327,53.9290868,17.1752132,17.2383427,5.1069718,2.6908576,2.3872223,188.6507103,59.156694,55.3825966,34.3532141,13.5852232,16.9641599,4.8922474,0.9398179,3.3767574,73.4181059,22.6035094,23.322517,13.3620653,7.1898899,4.0961431,1.4776206,0.3816251,0.9847356,115.2326044,36.5531846,32.0600796,20.9911488,6.3953333,12.8680168,3.4146267,0.5581928,2.3920218,5.8803396,5.6102855,6.2713804,6.1622046,6.7822943,4.9149258,7.2371678,5.0830556,3.3636512,5.888678,5.6723852,6.2719842,5.9535296,7.5022301,4.9065049,7.3569079,4.9997867,2.35304,5.8705879,5.537256,6.270678,6.3975245,5.9322156,4.9255461,7.102541,5.183463,4.4418512,6.2653024,5.8346084,6.5709103,6.8282408,7.7435867,5.2672002,8.2674331,5.3559585,2.5466894,5.8157566,5.5733191,6.0253829,5.9411559,7.3532019,5.2127833,7.8418353,5.0008949,1.8589209,7.0609719,6.2939697
2014-07-01 00:00:00,741.7106201,214.7370706,208.1323296,159.37154,57.8178062,67.4312383,18.0093642,7.4445232,8.766748,405.5228909,112.3778509,114.8494339,88.5194768,33.5886807,38.0324748,10.2916449,4.3341221,3.5292069,336.1877292,102.3592197,93.2828957,70.8520632,24.2291255,29.3987635,7.7177194,3.1104011,5.2375411,540.5975949,156.500716,144.973251,119.3666518,43.4935116,51.7671513,13.804161,5.4051638,5.2869883,322.2366065,89.6592286,85.6178313,72.5024494,27.2597647,32.946658,8.5698097,3.2249046,2.4559602,218.3609884,66.8414875,59.3554196,46.8642024,16.233747,18.8204933,5.2343513,2.1802592,2.8310281,201.1130252,58.2363545,63.1590786,40.0048882,14.3242946,15.664087,4.2052032,2.0393594,3.4797596,83.2862844,22.7186223,29.2316026,16.0170274,6.3289161,5.0858168,1.7218351,1.1092175,1.0732466,117.8267408,35.5177322,33.9274761,23.9878608,7.9953785,10.5782702,2.4833681,0.9301419,2.406513,6.0380858,5.6122785,6.6813872,6.3967571,6.7448684,4.8839103,7.0894326,5.4935682,3.9192915,6.1165848,5.4086884,6.8438953,6.6986896,7.2283687,4.9879563,7.5700331,5.8406488,3.0618228,5.9460375,5.8542068,6.491607,6.055742,6.1725036,4.7555792,6.5360828,5.0734626,4.8309196,6.2975558,5.7486347,6.897322,6.7804786,7.591901,5.2484436,8.4357803,4.8410569,3.2041241,5.8643052,5.1482338,6.3675202,6.5480069,7.2105925,5.0301978,8.0398508,4.8235841,2.5851282,7.0681549,6.8146852
2014-08-01 00:00:00,733.8306401,214.3809656,211.1854168,159.5258944,48.7635486,65.4795499,17.8228631,5.4420079,11.2303939,396.8414213,111.6700324,114.3680946,87.8815359,27.6058115,35.7259109,10.7303625,3.4347621,5.4249115,336.9892188,102.7109332,96.8173222,71.6443585,21.1577371,29.753639,7.0925007,2.0072458,5.8054823,517.193509,148.7326309,148.4237996,112.1772695,35.745112,47.8146565,13.0351936,4.4771869,6.78766,312.6961435,87.0818573,89.4770583,68.8776955,21.8785352,30.1073217,8.4879127,3.0751601,3.7106026,204.4973655,61.6507736,58.9467413,43.299574,13.8665768,17.7073348,4.5472809,1.4020268,3.0770573,216.6371311,65.6483347,62.7616172,47.3486248,13.0184365,17.6648934,4.7876695,0.964821,4.4427339,84.1452778,24.5881751,24.8910363,19.0038404,5.7272763,5.6185892,2.2424498,0.3596019,1.7143089,132.4918533,41.0601596,37.8705809,28.3447845,7.2911603,12.0463042,2.5452197,0.6052191,2.728425,5.962906,5.5863671,6.7597625,6.3917087,5.6865415,4.7501768,6.973398,3.9900315,5.0798892,5.992618,5.4061662,6.7985694,6.6218566,5.998705,4.6779176,7.9096571,4.6033094,4.8008733,5.9282924,5.7964294,6.7144877,6.1303551,5.3249864,4.8399454,5.9142574,3.249283,5.37161,6.0979522,5.5725117,7.0319292,6.4971721,6.2845983,4.9334518,8.0756205,3.9762257,4.160597,5.7551331,5.1160595,6.6277806,6.2966255,5.8487288,4.6582531,8.0408177,4.4980427,3.9907438,6.7090419,6.3760374
2014-09-01 00:00:00,746.4175677,222.3516343,210.7143653,154.1516859,56.0436054,69.1022302,18.9289791,4.6529483,10.4721194,400.1178857,116.518728,115.5311602,77.4427225,31.637472,39.5473341,11.8658079,2.9014585,4.6732025,346.299682,105.8329062,95.1832051,76.7089633,24.4061334,29.5548961,7.0631712,1.7514898,5.7989168,525.0532297,159.3193632,144.3751272,111.4777938,37.0978091,48.679314,14.7065424,3.7773882,5.6198917,311.4906945,91.8272468,86.8091635,62.057072,23.525374,31.4713171,10.0869117,2.6484667,3.0651427,213.5625351,67.4921165,57.5659637,49.4207218,13.5724351,17.207997,4.6196307,1.1289214,2.554749,221.3643381,63.032271,66.3392381,42.673892,18.9457963,20.4229162,4.2224367,0.8755601,4.8522277,88.6271912,24.6914813,28.7219967,15.3856505,8.1120979,8.076017,1.7788962,0.2529917,1.6080598,132.7371469,38.3407898,37.6172414,27.2882416,10.8336984,12.3468991,2.4435405,0.6225683,3.2441678,6.0782219,5.7971661,6.7497665,6.234067,6.5159797,4.9937726,7.4204313,3.4851952,4.8108208,6.0485565,5.6082831,6.8545167,5.9316163,6.8455283,5.1664712,8.7292367,4.0034202,4.2336916,6.112862,6.0204016,6.6268462,6.5723965,6.1332387,4.7799724,5.9274228,2.8698075,5.4045388,6.1746085,5.9334688,6.837933,6.4660811,6.4757015,4.978439,8.9311849,3.4809681,3.5335547,5.7233447,5.3488302,6.430928,5.7130655,6.2492076,4.8668851,9.1849633,4.0569153,3.3539974,6.9769645,6.9699933
2014-10-01 00:00:00,751.9593601,220.7370731,206.7361035,167.3217887,57.1005548,67.3080275,16.4187566,3.944736,12.39232,403.1502159,112.1498906,110.8260373,88.3069016,32.496666,40.5391812,10.6404744,2.1518565,6.0392084,348.8091442,108.5871825,95.9100662,79.0148872,24.6038888,26.7688463,5.7782822,1.7928795,6.3531115,518.8850343,152.8089588,137.9110187,122.0549258,39.5933571,43.7429812,11.6347308,3.2366015,7.9024603,313.3166382,86.9580157,86.2818965,71.9260013,23.5838415,30.2091788,8.3107316,1.9368947,4.110078,205.5683961,65.8509431,51.6291222,50.1289246,16.0095155,13.5338024,3.3239992,1.2997069,3.7923823,233.0743258,67.9281143,68.8250848,45.2668629,17.5071977,23.5650463,4.7840257,0.7081344,4.4898597,89.8335777,25.1918748,24.5441407,16.3809003,8.9128244,10.3300024,2.3297428,0.2149618,1.9291304,143.2407481,42.7362394,44.2809441,28.8859626,8.5943733,13.2350439,2.454283,0.4931726,2.5607292,6.1124438,5.7435624,6.6167115,6.7389499,6.6743943,4.8578419,6.4043391,2.915408,5.6639755,6.0780926,5.4169675,6.5900704,6.6502359,7.0301656,5.2649153,7.812486,2.8983131,5.4786951,6.1526335,6.1249589,6.6477653,6.8409396,6.2562244,4.3486504,4.8083856,2.9361939,5.8521055,6.1041191,5.7531613,6.5375075,6.995973,6.8223906,4.4914011,7.1342324,2.9362308,4.856481,5.7515536,5.0932807,6.4014419,6.5254093,6.2512767,4.6875272,7.5999158,2.9055004,4.4496035,6.733195,6.9406038
2014-11-01 00:00:00,723.7626939,224.9729917,197.3014958,153.2139818,54.9011897,61.9768325,17.3153522,5.091865,8.9889851,398.2224134,125.0020241,109.4420402,82.2393941,27.2178713,36.0191221,10.5348018,3.0929676,4.6741921,325.5402805,99.9709675,87.8594556,70.9745878,27.6833184,25.9577104,6.7805504,1.9988974,4.3147931,518.4149137,157.3639528,141.8152473,114.7616636,38.5427136,43.0819056,12.0499764,4.2450981,6.5543564,318.5196097,97.2578378,88.8065098,68.4589019,21.1900636,28.0957841,7.8435433,2.8659984,4.0009708,199.895304,60.106115,53.0087375,46.3027616,17.3526499,14.9861215,4.2064331,1.3790996,2.5533856,205.3477802,67.6090388,55.4862485,38.4523183,16.3584762,18.8949268,5.2653758,0.846767,2.4346287,79.7028037,27.7441863,20.6355305,13.7804921,6.0278077,7.923338,2.6912586,0.2269692,0.6732213,125.6449765,39.8648525,34.8507181,24.6718261,10.3306685,10.9715888,2.5741172,0.6197978,1.7614074,5.8816251,5.8298187,6.3120178,6.2314477,6.4123217,4.4671544,6.6712422,3.7120488,4.0553276,5.9811333,5.9481887,6.4656332,6.2846724,5.9459482,4.6677722,7.5873006,4.126828,4.1729537,5.7643127,5.6882782,6.1305828,6.170892,6.9481396,4.2157343,5.6174878,3.2124495,3.9351649,6.0767049,5.8734127,6.6792839,6.6588365,6.717453,4.356118,7.2472533,3.7280533,4.0369318,5.785357,5.5891918,6.5190328,6.2555874,5.6551514,4.2366896,7.1759083,4.1985397,4.2809937,6.6068699,6.4000297
2014-12-01 00:00:00,731.9524648,221.9534962,197.5065151,148.4757349,56.3661634,77.1356084,17.0876517,4.4203729,9.0069222,390.4207316,118.7727361,102.5812121,81.4298857,28.864496,41.6901444,9.9979669,2.8610814,4.223209,341.5317332,103.1807601,94.925303,67.0458493,27.5016674,35.445464,7.0896848,1.5592915,4.7837132,528.9444552,158.9194909,137.2958711,112.5005233,43.2016522,55.1959175,13.093253,3.8855273,4.85222,312.3258941,92.1081343,77.8512143,68.676853,24.7201111,34.8115477,8.8710018,2.7152655,2.5717664,216.618561,66.8113566,59.4446568,43.8236703,18.4815411,20.3843698,4.2222512,1.1702618,2.2804536,203.0080096,63.0340053,60.210644,35.9752117,13.1645112,21.9396909,3.9943987,0.5348456,4.1547022,78.0948375,26.6646018,24.7299977,12.7530327,4.1443848,6.8785968,1.1269651,0.1458159,1.6514426,124.9131721,36.3694035,35.4806462,23.222179,9.0201263,15.0610941,2.8674336,0.3890297,2.5032596,5.8802479,5.7140314,6.1999706,5.9608096,6.5440072,5.4860474,6.5532387,3.250562,4.0443082,5.8175235,5.6386508,6.0022906,6.1372445,6.233821,5.3499836,7.1962872,3.8974624,3.6969927,5.9536286,5.8033373,6.4287725,5.7597045,6.9045952,5.6552128,5.8198537,2.4917116,4.4100702,6.0917214,5.8367065,6.3517743,6.3599341,7.462887,5.4835357,7.6791311,3.496882,2.9816796,5.6068361,5.2483164,5.6133413,6.2023129,6.5408327,5.1977567,7.8956358,4.1294173,2.6933448,6.9595061,6.9037385
2015-01-01 00:00:00,837.6400707,257.5791167,224.8792743,169.0926599,69.7147955,81.6808609,18.3663815,5.4347373,10.8922447,460.0107693,145.6502362,122.5740526,95.620008,35.4490975,43.0328298,10.1942648,2.9824277,4.5078527,377.6293014,111.9288805,102.3052217,73.4726519,34.2656979,38.648031,8.1721168,2.4523095,6.384392,593.6821089,184.795106,148.4143531,128.687584,53.2134366,54.7770078,13.3219431,4.0862349,6.3864436,357.3179432,112.2280818,87.4669672,81.9116082,29.0982105,33.3787262,8.2900518,2.5918425,2.3524549,236.3641657,72.5670242,60.9473858,46.7759758,24.115226,21.3982815,5.0318913,1.4943924,4.0339887,243.9579618,72.7840107,76.4649213,40.4050759,16.5013589,26.9038531,5.0444385,1.3485024,4.5058011,102.6928261,33.4221544,35.1070854,13.7083998,6.350887,9.6541036,1.904213,0.3905852,2.1553977,141.2651357,39.3618563,41.3578359,26.6966761,10.1504719,17.2497495,3.1402255,0.9579172,2.3504034,6.807303,6.7175092,7.1205062,6.9059464,8.1083296,5.8741097,7.1419529,3.9838103,4.9514957,6.898202,6.9848807,7.1562746,7.3080215,7.6912628,5.5297139,7.3976476,4.0516617,4.0404366,6.6997593,6.3987796,7.0781193,6.4445016,8.5902313,6.3118153,6.8467414,3.9042928,5.8890942,6.9030951,6.8435222,6.9633563,7.3863257,9.0991743,5.4959803,7.8243809,3.6212502,3.9485191,6.4806918,6.508389,6.3464418,7.5075036,7.6583358,4.9952838,7.4002585,3.905517,2.5186405,7.6576187,7.4356643
2015-02-01 00:00:00,837.4873114,260.2814248,201.9332188,186.2833631,62.3209943,90.5977086,17.6088749,6.2362706,12.2254564,444.6321392,133.2745301,104.3870585,106.4268653,32.4450445,49.2900252,10.2680862,3.499025,5.0415043,392.8551723,127.0068947,97.5461603,79.8564978,29.8759498,41.3076834,7.3407887,2.7372455,7.183952,581.9114416,181.5314421,128.216652,137.8944982,45.757102,62.9657562,12.5197945,4.8399132,8.1862835,346.4849753,108.1203421,74.4813981,84.6557151,24.7630451,40.0109713,7.7692121,2.7351133,3.9491782,235.4264663,73.4111,53.7352539,53.2387831,20.9940569,22.9547849,4.7505824,2.1047998,4.2371052,255.5758699,78.7499827,73.7165668,48.388865,16.5638923,27.6319524,5.0890804,1.3963574,4.0391729,98.1471639,25.154188,29.9056603,21.7711503,7.6819994,9.279054,2.4988741,0.7639117,1.0923261,157.428706,53.5957947,43.8109064,26.6177147,8.8818929,18.3528985,2.5902063,0.6324457,2.9468468,6.6670329,6.6419324,6.2936817,7.3811027,7.2046125,6.3572296,6.7985112,4.4765375,5.5041051,6.5592166,6.2987836,6.0427063,7.8915945,6.9847346,6.1986039,7.3633312,4.7002171,4.4545558,6.793416,7.0446544,6.5864243,6.7952723,7.4596334,6.5574665,6.139743,4.219831,6.5944796,6.6620758,6.5615669,5.9616135,7.7520851,7.8269588,6.2427772,7.413361,4.2301891,5.0511146,6.1913323,6.1273505,5.3680365,7.5601906,6.4687427,5.9558317,7.0006892,4.1354239,4.2573374,7.5014914,7.3262095
2015-03-01 00:00:00,808.7887232,242.167319,212.0006755,178.614988,57.3210886,84.841381,16.7463816,6.1103553,10.9865342,426.9881818,126.2765033,108.4316874,96.556705,29.6957296,46.6935465,9.7782156,2.9436058,6.6121885,381.8005414,115.8908157,103.5689881,82.058283,27.625359,38.1478345,6.968166,3.1667495,4.3743457,556.9065222,165.1058137,131.5490768,135.0631011,39.0140633,62.9482457,10.5566607,5.0299283,7.6396326,331.6284753,96.3609368,78.2876038,81.9093916,20.6474468,39.69257,7.9950375,2.5375551,4.197934,225.2780469,68.7448769,53.2614731,53.1537095,18.3666166,23.2556757,2.5616232,2.4923732,3.4416986,251.882201,77.0615053,80.4515986,43.5518869,18.3070252,21.8931353,6.1897209,1.080427,3.3469017,95.3597064,29.9155665,30.1440836,14.6473135,9.0482829,7.0009766,1.7831781,0.4060507,2.4142545,156.5224946,47.1459388,50.307515,28.9045734,9.2587424,14.8921587,4.4065428,0.6743763,0.9326471,6.4666939,6.1771525,6.6298746,7.1757194,6.626773,6.007034,6.5039472,4.3319378,4.9066954,6.3240842,5.9572613,6.275912,7.2733069,6.4064401,5.9433675,7.1556302,3.8944885,5.7311079,6.6339978,6.4360042,7.045924,7.0641912,6.8811693,6.0868439,5.7669349,4.8369667,4.0303408,6.4502443,6.0308071,6.1667609,7.6826456,6.7888351,6.3553724,6.3119581,4.4433408,4.7942831,5.9723804,5.505401,5.6681657,7.3369804,5.4636262,6.0273922,7.2597046,3.8505387,4.5452868,7.3114193,6.9621514
2015-04-01 00:00:00,764.6777652,225.6874976,200.4852676,159.7206957,62.0464449,82.1613216,18.4815636,6.4529823,9.641992,406.3098832,113.2041837,104.5347132,89.0618114,34.0891205,46.4071582,10.3573313,4.0565094,4.5990555,358.367882,112.4833139,95.9505543,70.6588843,27.9573243,35.7541634,8.1242323,2.3964729,5.0429365,531.5868017,156.1204604,124.5671374,117.863534,45.7833144,63.0226871,12.2625763,5.455657,6.5114351,313.6341646,88.1596344,70.6687299,73.8975046,26.7829812,38.8780676,8.4052785,3.8077355,3.0342329,217.9526371,67.960826,53.8984075,43.9660294,19.0003332,24.1446196,3.8572978,1.6479215,3.4772022,233.0909635,69.5670372,75.9181301,41.8571618,16.2631305,19.1386344,6.2189874,0.9973253,3.1305569,92.6757186,25.0445493,33.8659833,15.1643068,7.3061393,7.5290907,1.9520528,0.2487739,1.5648225,140.4152449,44.5224879,42.0521468,26.6928549,8.9569912,11.6095438,4.2669345,0.7485514,1.5657343,6.1290992,5.7594499,6.2953226,6.432681,7.1318849,5.8910579,7.1435344,4.5405975,4.2949103,6.0405822,5.3391637,6.1119744,6.7236641,7.317678,5.979037,7.5193858,5.3021326,4.0030879,6.2326488,6.2549826,6.5080175,6.0999357,6.9177243,5.7806542,6.7155936,3.6525841,4.6007826,6.1889876,5.7468391,5.8939171,6.718172,7.9085778,6.4127414,7.4050974,4.7625504,3.9974425,5.7133298,5.1246615,5.1702829,6.6933456,7.0594626,6.0016431,7.6559889,5.6126341,3.2439827,7.0313638,6.8211144
2015-05-01 00:00:00,730.1910352,220.2862068,185.6970207,154.3386674,66.2839435,70.8265037,16.8414562,6.2014152,9.7158216,388.3432526,111.685868,91.2896931,88.5800827,35.1379034,43.0970526,10.0319508,3.9003068,4.6203952,341.8477826,108.6003387,94.4073276,65.7585848,31.1460402,27.7294511,6.8095054,2.3011084,5.0954264,503.5529851,142.6262743,118.3933024,119.3385857,47.4911492,51.4412119,12.3580856,6.015232,5.8891439,300.4052274,84.8342505,64.938599,73.3800482,27.8436833,34.2455552,8.2933983,3.9003068,2.9693861,203.1477577,57.7920239,53.4547034,45.9585375,19.6474659,17.1956568,4.0646874,2.1149252,2.9197578,226.6380501,77.6599324,67.3037183,35.0000817,18.7927943,19.3852918,4.4833706,0.1861832,3.8266777,87.9380252,26.8516176,26.3510941,15.2000345,7.29422,8.8514974,1.7385525,0,1.6510091,138.7000249,50.8083149,40.9526242,19.8000473,11.4985743,10.5337943,2.7448181,0.1861832,2.1756686,5.8360975,5.6347512,5.8251542,6.168567,7.5605327,5.0045003,6.5611346,4.433718,4.3408369,5.7689225,5.2918594,5.3406809,6.6638926,7.4975503,5.4823323,7.3391266,5.1395198,4.0110044,5.9143325,6.0370419,6.385257,5.6071464,7.6328698,4.407459,5.6748822,3.5965572,4.6905941,5.8466691,5.2368532,5.6361156,6.7243175,8.2527918,5.1746654,7.4842593,5.2917996,3.5596622,5.4629674,4.9262456,4.7787299,6.5628409,7.4164838,5.2359103,7.6556922,5.7675591,3.1458011,6.5243023,5.7709862
2015-06-01 00:00:00,729.7044028,220.6212658,181.8361905,145.8427866,69.2475152,80.9088436,16.4829201,6.8142928,7.9505882,391.8038964,109.8575175,88.8804345,86.886887,42.4842011,46.872007,9.3542039,3.4891897,3.9794557,337.9005064,110.7637484,92.9557559,58.9558996,26.7633141,34.0368366,7.1287163,3.3251031,3.9711325,533.0143897,165.141769,119.3847937,110.7019406,53.2620509,61.5210263,10.925402,6.1645502,5.9128569,313.1003315,90.1146485,66.5088741,68.7604787,34.4452124,39.4039788,7.3334166,3.2746226,3.2590997,219.9140582,75.0271205,52.8759196,41.9414619,18.8168385,22.1170476,3.5919854,2.8899276,2.6537572,196.6900131,55.4794968,62.4513968,35.140846,15.9854643,19.3878173,5.5575181,0.6497425,2.0377313,78.7035649,19.742869,22.3715604,18.1264082,8.0389887,7.4680283,2.0207872,0.214567,0.720356,117.9864482,35.7366278,40.0798364,17.0144377,7.9464755,11.9197891,3.5367309,0.4351755,1.3173753,5.8457698,5.6233038,5.732094,5.862777,7.9210055,5.7600255,6.4285067,4.7488497,3.603596,5.8404188,5.2055734,5.2152781,6.5802271,9.0999289,6.0136624,6.8634123,4.5055406,3.5082945,5.8519866,6.1095654,6.3320703,5.0511314,6.569888,5.4438392,5.935023,5.0341186,3.7044365,6.1846559,5.9695283,5.7169353,6.2752552,9.3335073,6.2272963,6.6933852,5.2904067,3.6674468,5.7058157,5.1966531,4.9098241,6.2517922,9.2011135,6.0050669,6.9281367,4.7164852,3.5035832,7.0238855,7.2678003
2015-07-01 00:00:00,770.9601549,228.2635786,198.6086533,154.5584424,68.3930313,89.3006881,16.2442468,5.4137119,10.1778025,403.9804294,109.7560953,94.650564,89.3215247,39.7681524,53.6682462,8.5630801,2.9799155,5.2728512,366.9797255,118.5074833,103.9580894,65.2369177,28.6248789,35.6324419,7.6811667,2.4337964,4.9049513,557.5203212,167.3210436,138.4352762,117.0917066,48.1308287,64.72157,11.4049715,4.5776078,5.8373169,321.7706546,89.6629386,75.0286689,69.639308,31.5152459,43.1789831,6.1021588,2.7171967,3.9261545,235.7496666,77.658105,63.4066073,47.4523986,16.6155828,21.5425869,5.3028127,1.8604111,1.9111623,213.4398336,60.942535,60.1733772,37.4667357,20.2622026,24.5791181,4.8392753,0.8361041,4.3404856,82.2097747,20.0931567,19.6218951,19.6822166,8.2529065,10.4892631,2.4609213,0.2627188,1.3466966,131.2300589,40.8493783,40.5514821,17.7845191,12.0092961,14.089855,2.378354,0.5733853,2.9937889,6.152486,5.7744455,6.224333,6.207233,7.8773776,6.3453676,6.3649899,3.8208677,4.5314632,6.0047236,5.1853099,5.5223022,6.7415991,8.6628351,6.8194459,6.3204679,3.8644888,4.6460868,6.3237895,6.4535246,7.0390675,5.5995315,6.9961041,5.7439408,6.415369,3.7687812,4.4143872,6.404579,5.9580178,6.4848902,6.6333888,8.4330824,6.580742,6.8906354,3.9571776,3.6180316,5.8172849,5.1041155,5.4287899,6.3530627,8.4611812,6.5835352,5.7205198,3.9828948,4.2136575,7.4281317,7.3843723
2015-08-01 00:00:00,760.3228751,231.3723707,188.9356907,155.8344319,66.6607198,82.4182307,16.0752022,7.0178779,12.0083513,415.5750631,117.3156756,94.4054379,94.0877676,41.0624528,50.3932252,8.5647291,4.1623373,5.5834376,344.747812,114.0566951,94.5302528,61.7466643,25.598267,32.0250054,7.510473,2.8555406,6.4249137,540.8790987,160.2127729,130.5533359,118.2501479,48.247499,60.2682868,11.1257073,5.100701,7.1206479,334.2018979,97.7300701,73.4543892,75.9467241,33.2726924,39.8299119,6.484431,3.3105177,4.1731614,206.6772008,62.4827028,57.0989467,42.3034238,14.9748066,20.4383748,4.6412762,1.7901833,2.9474865,219.4437763,71.1595977,58.3823547,37.584284,18.4132208,22.1499439,4.9494949,1.9171769,4.8877034,81.3731652,19.5856055,20.9510487,18.1410435,7.7897605,10.5633133,2.0802981,0.8518196,1.4102762,138.0706111,51.5739923,37.431306,19.4432405,10.6234604,11.5866306,2.8691968,1.0653573,3.4774273,6.1006634,5.8721604,5.9992349,6.2588329,7.6911604,5.9043527,6.2597409,4.9193892,5.4197571,6.2099774,5.5756444,5.5674942,7.0684639,8.9121387,6.496937,6.2671542,5.390671,5.0316342,5.9739005,6.2119551,6.502843,5.3287765,6.3054397,5.163296,6.2513084,4.3633483,5.8091683,6.2946859,5.7943018,6.2422241,6.7838057,8.4878634,6.1348042,6.6783259,4.4408276,4.4292819,6.0772339,5.6022469,5.3912654,6.8790718,9.0015801,6.1384472,5.8995524,4.913015,4.5125128,6.6812595,6.122599
2015-09-01 00:00:00,753.5571166,225.3539992,197.1663916,152.2782016,63.6420936,81.9285531,14.7817575,7.1353226,11.2707973,414.5690067,116.8714156,109.0534446,85.1017426,39.11183,46.2344573,7.6427652,3.8023042,6.7510472,338.9881099,108.4825837,88.1129469,67.1764589,24.5302637,35.6940958,7.1389923,3.3330184,4.5197501,536.3138146,159.2613087,132.0454298,111.630665,46.9170429,63.3837793,11.0705528,5.6204895,6.3845466,321.9706351,89.262649,81.8124532,67.1613131,30.7027161,39.0882539,6.5349746,3.1787005,4.2295747,214.3431796,69.9986596,50.2329767,44.4693519,16.2143268,24.2955255,4.5355782,2.441789,2.1549719,217.243302,66.0926906,65.1209617,40.6475366,16.7250508,18.5447738,3.7112047,1.5148332,4.8862507,92.5983717,27.6087665,27.2409914,17.9404295,8.4091139,7.1462035,1.1077906,0.6236037,2.5214725,124.6449303,38.483924,37.8799703,22.7071071,8.3159369,11.3985703,2.6034141,0.8912294,2.3647782,6.0166183,5.6798276,6.2104782,6.0728956,7.3892652,5.8841634,5.7905992,4.9560362,5.0802884,6.1645887,5.5194494,6.3623127,6.3900688,8.5116345,5.9635131,5.6262401,4.8399084,5.9997116,5.8450368,5.863374,6.0323066,5.7136232,6.1055871,5.7844679,5.9775433,5.095511,4.1340199,6.2045493,5.7320896,6.2578776,6.3546053,8.2283393,6.4365859,6.6498053,4.7113591,4.0408284,5.8541014,5.1736299,5.9641297,6.0442188,8.332327,5.9701507,6.0497169,4.4768897,4.7289492,6.8176076,6.6470577
2015-10-01 00:00:00,713.7453765,213.262024,171.5657999,147.94696,65.1920547,83.8326673,16.2591811,4.7527342,10.9339552,388.2052447,109.4102511,91.7684741,84.7432953,36.8749379,48.8119534,8.8250595,1.9455272,5.8257462,325.5401319,103.8517729,79.7973259,63.2036647,28.3171168,35.0207139,7.4341216,2.8072071,5.1082089,506.1277368,150.0136525,115.8044675,108.3608266,44.9233511,64.3111568,12.1715432,3.2401667,7.3025724,303.3376336,83.3419109,70.177069,67.8273194,29.0455303,39.7966755,7.2928325,1.6050352,4.2512607,202.7901032,66.6717416,45.6273985,40.5335072,15.8778208,24.5144813,4.8787108,1.6351315,3.0513117,207.6176397,63.2483715,55.7613325,39.5861334,20.2687036,19.5215104,4.0876379,1.5125675,3.6313828,84.8676111,26.0683402,21.5914051,16.9159759,7.8294076,9.0152779,1.532227,0.3404919,1.5744855,122.7500286,37.1800314,34.1699274,22.6701575,12.439296,10.5062326,2.5554109,1.1720756,2.0568973,5.6738675,5.3701819,5.3769939,5.8514596,7.5352998,5.9566406,6.3342829,3.4109562,4.9559916,5.7544627,5.1466663,5.3316812,6.3209232,8.0416644,6.2940512,6.4685544,2.5621824,5.2013205,5.5806609,5.6276684,5.430066,5.3215269,6.96425,5.542511,6.1819513,4.4274308,4.7030073,5.8522265,5.3673331,5.476961,6.1795704,8.0442869,6.5249662,7.2871964,2.8725032,4.5159239,5.4908176,4.7378493,5.0977685,6.1278093,8.0295581,6.0809494,6.7621651,2.3714608,4.7143846,6.4913364,6.4362909
2015-11-01 00:00:00,689.0761048,197.7497048,188.0193586,134.6603288,59.7727483,76.8265163,16.5670971,5.0214326,10.4589183,365.4527446,101.3309609,103.3696942,72.4208118,32.9631917,37.2870098,9.1937173,2.6819774,6.2053816,323.6233602,96.4187439,84.6496644,62.2395171,26.8095566,39.5395065,7.3733798,2.3394552,4.2535367,486.8947962,139.1777122,127.5575742,102.2729406,40.2674655,54.4573303,12.7116807,4.1417808,6.3083119,285.0881677,79.107023,76.6809196,59.2243923,25.4135443,29.870502,7.638822,2.5524088,4.6005557,201.8066285,60.0706892,50.8766547,43.0485483,14.8539212,24.5868283,5.0728586,1.589372,1.7077562,202.1813086,58.5719926,60.4617843,32.3873882,19.5052828,22.369186,3.8554164,0.8796518,4.1506064,80.3645769,22.223938,26.6887746,13.1964194,7.5496474,7.4165078,1.5548952,0.1295686,1.6048259,121.8167317,36.3480547,33.7730097,19.1909688,11.9556354,14.9526783,2.3005211,0.7500833,2.5457805,5.4583129,4.9312915,5.8340699,5.3624469,6.8663463,5.5315852,6.4236926,3.6170745,4.6656556,5.4228324,4.7425885,5.9701009,5.4585694,7.1777917,4.9003242,6.7146757,3.6015291,5.501033,5.4989416,5.1464984,5.6761353,5.2547762,6.5185829,6.2964934,6.0943884,3.6350618,3.8194792,5.5913441,4.9202928,5.9265314,5.8219271,7.110372,5.6482246,7.5699469,3.7230126,3.9249657,5.1607872,4.4894058,5.5023171,5.3786904,6.9936481,4.6742365,7.019538,3.8959599,5.0794249,6.3383705,5.6321656
2015-12-01 00:00:00,702.9856324,198.3351061,186.6154508,140.1181412,60.5648534,84.4448004,17.3085892,4.577115,11.0215763,373.5450589,104.8386605,94.7947019,76.5262814,32.2302618,46.1932648,9.8967795,2.4581699,6.6069391,329.4405735,93.4964456,91.8207489,63.5918598,28.3345916,38.2515356,7.4118098,2.1189451,4.4146372,496.7696685,138.1699753,124.1076755,104.4787262,41.9699405,65.3679107,12.2199185,3.7146058,6.7409161,286.6019104,80.0681401,68.4888433,61.7551571,24.5570329,37.448069,7.4702135,2.1443806,4.670074,210.1677581,58.1018352,55.6188321,42.7235691,17.4129076,27.9198417,4.749705,1.5702252,2.0708421,206.2159639,60.1651308,62.5077753,35.6394151,18.5949129,19.0768897,5.0886707,0.8625092,4.2806602,86.9431485,24.7705204,26.3058585,14.7711244,7.673229,8.7451959,2.4265659,0.3137893,1.9368651,119.2728154,35.3946104,36.2019168,20.8682907,10.921684,10.3316938,2.6621048,0.5487199,2.3437951,5.5231365,4.9184632,5.7712416,5.5162392,6.9092257,5.9554123,6.7354729,3.2578117,4.7939243,5.4862013,4.8902171,5.4038685,5.6841409,7.0097845,5.9390571,7.2769351,3.2714038,5.7088075,5.5656228,4.9505264,6.2068724,5.326886,6.7982923,5.9752837,6.1267504,3.2421846,3.8665602,5.6159076,4.8282236,5.6417539,5.8833611,7.3133313,6.6150863,7.2648866,3.2894833,4.0797526,5.1156819,4.509517,4.809175,5.5274698,6.7232157,5.7522002,6.892025,3.2584591,4.9141028,6.4799776,5.3492023
2016-01-01 00:00:00,816.0817505,237.7168948,221.8805438,173.3673662,62.0707638,85.552139,17.7067622,6.0462277,11.741053,443.7016835,122.7988997,116.4806338,100.0975611,33.423702,50.6597293,9.9000362,3.3628198,6.9783015,372.380067,114.9179951,105.39991,73.269805,28.6470618,34.8924097,7.8067261,2.6834079,4.7627514,594.0725514,170.3289941,153.5711272,131.1867969,46.8509529,66.3847892,12.8187366,5.1993386,7.7318161,348.2865907,93.7034735,88.7790243,80.9147858,26.5749094,42.0724655,7.5952625,3.056719,5.5899508,245.7859608,76.6255206,64.7921029,50.2720111,20.2760435,24.3123237,5.2234741,2.1426195,2.1418654,222.0091991,67.3879007,68.3094167,42.1805693,15.219811,19.1673498,4.8880257,0.8468891,4.0092368,95.4150928,29.0954262,27.7016096,19.1827753,6.8487927,8.5872638,2.3047737,0.3061007,1.3883508,126.5941062,38.2924745,40.6078071,22.997794,8.3710183,10.580086,2.583252,0.5407884,2.620886,6.4893558,5.9758861,6.9279226,6.8638261,7.2352539,6.1467213,6.9628506,4.3665685,5.1778958,6.5518549,5.7736564,6.6951048,7.3946874,7.3356464,6.5715998,7.2435287,4.5574932,6.0756082,6.4164256,6.2082506,7.2048045,6.2507789,7.1215407,5.6192443,6.6367285,4.1487618,4.2564203,6.7900109,6.0721828,7.0599819,7.3827788,8.2461196,6.8182453,7.6147162,4.5269651,4.630022,6.267369,5.3671699,6.3344294,7.1839258,7.2599046,6.495622,6.9833751,4.657395,5.8676872,7.6998889,7.2342382
2016-02-01 00:00:00,787.8359465,226.5455778,202.9960268,157.7782471,69.5606127,93.4408084,18.3056259,7.0091027,12.1999451,406.2918966,112.6014191,106.5228602,77.5273042,36.8126999,52.7069621,10.0302142,3.1605276,6.9299094,381.5440499,113.9441587,96.4731666,80.250943,32.7479128,40.7338463,8.2754117,3.8485752,5.2700356,556.4408925,161.4630938,133.7143092,113.8904025,50.8508283,70.6335852,12.6514946,5.7063189,7.5308599,315.7643381,89.8001943,75.6365185,63.7100118,29.4906179,42.1286633,7.3245143,2.7275983,4.9462197,240.6765544,71.6628995,58.0777907,50.1803907,21.3602104,28.504922,5.3269803,2.9787206,2.5846402,231.395054,65.082484,69.2817176,43.8878446,18.7097844,22.8072231,5.6541313,1.3027838,4.6690851,90.5275585,22.8012248,30.8863417,13.8172924,7.322082,10.5782988,2.7056999,0.4329292,1.9836897,140.8674955,42.2812592,38.3953759,30.0705523,11.3877024,12.2289243,2.9484314,0.8698546,2.6853954,6.1724586,5.6240913,6.1860829,6.1859437,7.9126052,6.6490037,7.1404382,5.0842264,5.4260161,5.9533216,5.26629,5.9936558,5.7509704,7.9186268,6.8045319,7.3394377,4.3846709,6.136985,6.4242689,6.0288773,6.4134362,6.6735664,7.9058471,6.4580088,6.9132468,5.8508126,4.7087,6.285768,5.686508,6.0537976,6.3444432,8.7039595,7.2436971,7.3834608,5.048067,4.5536953,5.6399146,5.069968,5.3356961,5.6820133,7.8480368,6.5440368,6.5967118,4.2434435,5.2699262,7.3971252,6.7088244
2016-03-01 00:00:00,762.2667934,218.7968854,195.4113432,168.8881118,64.0753487,82.3514195,17.106624,6.6124848,9.0245759,400.0592667,110.9183603,98.4457108,92.6140586,33.9946851,46.7804134,8.8643965,3.6031027,4.8385393,362.2075267,107.8785251,96.9656324,76.2740532,30.0806636,35.5710061,8.2422275,3.0093821,4.1860366,525.8606139,148.8120762,129.1551757,122.8208835,44.6689505,57.6281033,11.1013815,5.3258467,6.3481964,303.0486557,83.8541898,69.1945497,75.2767864,25.9688442,35.8168832,6.3249362,2.9827636,3.6297026,222.8119582,64.9578864,59.960626,47.5440971,18.7001063,21.8112201,4.7764453,2.3430831,2.7184938,236.4061795,69.9848093,66.2561675,46.0672283,19.4063982,24.7233162,6.0052425,1.2866381,2.6763795,97.010611,27.0641705,29.2511611,17.3372722,8.0258408,10.9635301,2.5394603,0.6203391,1.2088367,139.3955685,42.9206387,37.0050063,28.7299561,11.3805573,13.759786,3.4657822,0.666299,1.4675428,5.9984326,5.436768,5.9961019,6.6929247,7.3010869,5.8649867,6.6812441,4.8063623,3.9990622,5.8837583,5.1873701,5.5851997,6.9153902,7.2873252,6.0743744,6.4957087,4.9578087,4.2621838,6.1304002,5.7194981,6.4801203,6.4413188,7.3167019,5.6106379,6.8929887,4.6367783,3.7327081,6.0503458,5.3582838,5.8690986,7.0316243,7.786091,6.0554254,6.6488634,4.7801128,3.8915324,5.496941,4.8362382,4.9109929,6.8342405,7.0399534,5.627424,5.9025708,4.6767086,3.926189,7.0102533,6.2258259
2016-04-01 00:00:00,719.3649394,206.5885506,184.356513,161.105521,57.334638,79.5778946,15.6828227,5.739553,8.9794465,371.7309683,105.5646112,89.4140943,85.7731741,31.3193133,42.9280573,8.4543749,3.5824403,4.6949029,347.6339711,101.0239394,94.9424187,75.3323469,26.0153248,36.6498373,7.2284478,2.1571127,4.2845436,505.9190351,149.3845289,117.9368177,117.646314,43.9059177,55.932011,10.3916842,4.9930372,5.7287244,295.3424967,87.4463225,64.9882729,68.6702163,26.9779315,33.7154568,6.4060015,3.3079909,3.8303042,210.5765384,61.9382064,52.9485448,48.9760978,16.9279862,22.2165542,3.9856827,1.6850463,1.8984202,213.4459043,57.2040217,66.4196953,43.4592069,13.4287203,23.6458836,5.2911386,0.7465158,3.2507221,76.3884716,18.1182887,24.4258214,17.1029578,4.3413817,9.2126005,2.0483734,0.2744494,0.8645987,137.0574327,39.0857331,41.9938739,26.3562491,9.0873386,14.4332831,3.2427652,0.4720664,2.3861234,5.6697032,5.1305242,5.6762826,6.3932727,6.5202736,5.7099041,6.1493861,4.121714,3.9702825,5.4886804,4.9394395,5.0865642,6.4641899,6.7313332,5.6339249,6.2409427,4.8730193,4.0987513,5.8769678,5.3466589,6.3720157,6.3143977,6.2831029,5.8015467,6.0456525,3.2814893,3.8384496,5.8463672,5.3452586,5.4527993,6.7634681,7.7153867,5.9374458,6.2088551,4.3650702,3.4995167,5.4038912,5.0339935,4.6642979,6.3293997,7.3831062,5.4714986,5.9066069,4.9898478,4.0902059,6.6048821,5.8565165
2016-05-01 00:00:00,715.1397025,203.2600201,185.8929919,157.6492311,58.8239232,80.3127427,15.5187765,5.1672714,8.5147458,373.2288124,109.8844631,89.4248431,82.6266675,34.0859316,41.4826237,8.4053285,2.8530052,4.4659498,341.9108901,93.375557,96.4681488,75.0225635,24.7379916,38.8301189,7.1134481,2.3142662,4.048796,498.7915282,136.9686172,121.7184057,115.0725334,45.3173168,59.610609,10.4686934,3.6724981,5.9628546,292.3972377,85.1711258,64.2283672,66.1930489,29.1548087,35.2584439,6.7069554,2.1524342,3.5320535,206.3942905,51.7974913,57.4900385,48.8794844,16.1625081,24.352165,3.761738,1.5200639,2.4308011,216.3481743,66.2914029,64.1745862,42.5766977,13.5066064,20.7021337,5.0500831,1.4947733,2.5518911,80.8315747,24.7133372,25.1964759,16.4336186,4.9311229,6.2241798,1.698373,0.700571,0.9338963,135.5165996,41.5780657,38.9781102,26.1430791,8.5754835,14.4779539,3.3517101,0.7942023,1.6179949,5.6243389,5.0341295,5.6849195,6.2637429,6.7953582,5.7273401,6.1315433,3.622383,3.7509886,5.4934801,5.0921804,5.0627354,6.2395646,7.4095703,5.4528821,6.2805189,3.7758584,3.8702846,5.7744909,4.9674879,6.4158234,6.2905897,6.0987669,6.052805,5.9643732,3.4495317,3.6276507,5.7533583,4.9351615,5.5315565,6.5977741,7.9786993,6.3498751,6.3228482,3.2554414,3.6240904,5.3289245,4.8899269,4.5766304,6.1076867,7.9863738,5.6318546,6.2620681,3.2889133,3.7419023,6.4851092,5.0113888
2016-06-01 00:00:00,703.5399532,202.6595134,177.2881694,156.9659536,61.1262787,76.9145502,16.5059536,5.1343631,6.9451714,356.6840683,98.3227885,86.041162,84.7517808,32.6887149,38.9033626,8.8340188,3.4534239,3.6888169,346.855885,104.3367249,91.2470074,72.2141728,28.4375638,38.0111876,7.6719347,1.6809392,3.2563545,485.5674706,141.5347247,112.2854407,111.5515606,42.7824874,56.146022,12.0378615,4.4125099,4.8168638,281.7783942,79.1530574,64.9015441,65.9995543,26.2018602,32.1144886,7.4383386,3.021513,2.9480379,203.7890765,62.3816674,47.3838965,45.5520062,16.5806272,24.0315335,4.5995229,1.3909969,1.8688259,217.9724826,61.1247886,65.0027287,45.414393,18.3437913,20.7685281,4.468092,0.7218532,2.1283076,74.9056741,19.1697311,21.1396178,18.7522264,6.4868546,6.788874,1.3956802,0.4319109,0.740779,143.0668085,41.9550575,43.8631109,26.6621666,11.8569366,13.9796541,3.0724118,0.2899423,1.3875286,5.541955,5.0348001,5.3955978,6.2597899,6.9912245,5.567955,6.540314,3.6121207,3.0720074,5.2742581,4.607739,4.8543137,6.3897096,7.1270334,5.2135328,6.6253695,4.4792191,3.2151496,5.8471378,5.5166291,6.029572,6.1138955,6.8413706,5.9843253,6.4450407,2.5843177,2.9245131,5.5971048,5.1016895,5.0883042,6.3852511,7.6538307,5.9597942,7.2843625,3.8133017,2.9142232,5.1323973,4.5793638,4.5744321,6.0299932,7.267708,5.2053581,6.8783798,4.4160089,3.1239201,6.3981152,5.9649776
2016-07-01 00:00:00,708.8436854,202.1654614,188.8620217,146.3350138,54.9381513,88.7571037,14.9122793,4.836129,8.0375251,373.5287024,105.070993,95.4156604,77.4228987,32.100076,47.8370527,8.3617342,3.0207984,4.2994891,335.314983,97.0944684,93.4463613,68.9121151,22.8380753,40.9200511,6.5505451,1.8153307,3.738036,475.3259349,126.6002608,121.0893994,102.1385404,40.2727637,65.9228417,10.3688978,4.1658545,4.7673766,287.0246158,77.8896124,71.299574,59.8389522,25.8026428,40.1290315,6.2474309,2.861323,2.956049,188.3013191,48.7106484,49.7898254,42.2995882,14.4701209,25.7938103,4.1214669,1.3045314,1.8113277,233.5177505,75.5652006,67.7726223,44.1964734,14.6653876,22.834262,4.5433815,0.6702746,3.2701485,86.5040866,27.1813806,24.1160864,17.5839464,6.2974332,7.7080212,2.1143033,0.1594753,1.3434401,147.0136639,48.38382,43.6565359,26.6125269,8.3679544,15.1262408,2.4290782,0.5107992,1.9267084,5.5796127,5.0255037,5.7361088,5.8313234,6.3345007,6.3666388,5.976621,3.4389002,3.5269963,5.5042397,4.8967602,5.3860906,5.8213304,6.9611097,6.3519436,6.3069248,3.9555682,3.7135915,5.6660437,5.172674,6.1437799,5.8425915,5.6230619,6.3839046,5.6021084,2.8248962,3.3342953,5.4834692,4.6156651,5.4532139,5.8152912,7.1414223,7.0306166,6.3371283,3.6571021,2.8127334,5.2270271,4.5148926,5.0147339,5.4574735,7.1834736,6.4902133,5.7998618,4.2538779,3.1032591,5.9266816,4.7864965
2016-08-01 00:00:00,708.1165746,197.7439313,183.9577338,151.6057628,58.0482164,84.6266436,18.4184541,5.4450532,8.2707795,380.263781,102.9236784,103.5792617,79.8945389,31.8789912,44.421264,9.949451,3.3300621,4.2865339,327.8527936,94.8202529,80.3784721,71.7112239,26.1692252,40.2053796,8.469003,2.1149911,3.9842456,493.0523312,133.0680398,119.6421168,113.3536403,44.7438101,58.8094138,13.9207559,4.0198223,5.4947322,292.0889652,74.9990314,74.8090339,65.5339435,27.8029115,35.3218754,8.1881918,2.4988745,2.9351031,200.963366,58.0690084,44.8330829,47.8196967,16.9408986,23.4875384,5.7325641,1.5209478,2.5596291,215.0642434,64.6758915,64.315617,38.2521225,13.3044062,25.8172297,4.4976982,1.4252309,2.7760473,88.1748158,27.924647,28.7702277,14.3605953,4.0760796,9.0993886,1.7612592,0.8311876,1.3514308,126.8894276,36.7512445,35.5453893,23.8915272,9.2283266,16.7178412,2.7364389,0.5940433,1.4246166,5.6183111,4.9729926,5.6036483,6.0850153,6.7143285,6.1848694,7.2476328,3.936539,3.6305706,5.6429719,4.850985,5.8377064,6.0546129,6.9828074,5.9978639,7.3942803,4.4568551,3.6730724,5.5899767,5.1125684,5.3283477,6.1192487,6.4139165,6.4055271,7.0826119,3.3252973,3.585929,5.7376983,4.8949791,5.4382232,6.4859373,7.9239155,6.3793799,8.364882,3.6576349,3.3466491,5.3576127,4.4019892,5.2567644,6.0125943,7.7049529,5.8110395,7.4880009,3.8926183,3.162164,6.3973393,5.7227388
2016-09-01 00:00:00,696.2180571,191.0448586,187.2859256,150.7640017,56.5111751,81.6137871,16.226532,5.010226,7.7615511,376.1896605,100.6371508,100.3767481,76.0918456,33.0341307,49.1113034,8.9925763,3.5349937,4.4109118,320.0283966,90.4077077,86.9091775,74.672156,23.4770444,32.5024838,7.2339556,1.4752323,3.3506393,483.746395,127.0335577,126.9677234,110.9255039,42.3017625,56.8354916,11.0060619,3.9035373,4.7727567,289.9069584,74.8941134,72.7809978,63.0613161,26.8983638,38.8813782,7.1476976,2.9285253,3.3145661,193.8394366,52.1394443,54.1867256,47.8641877,15.4033987,17.9541134,3.8583643,0.9750119,1.4581906,212.4716621,64.0113008,60.3182022,39.8384978,14.2094126,24.7782955,5.22047,1.1066887,2.9887944,86.2827021,25.7430374,27.5957504,13.0305295,6.1357669,10.2299252,1.8448787,0.6064684,1.0963457,126.1889599,38.2682634,32.7224519,26.8079683,8.0736457,14.5483704,3.3755913,0.5002204,1.8924486,5.5130085,4.7720575,5.6981936,6.0566003,6.5191892,5.9954396,6.3443842,3.5674637,3.4509381,5.5825848,4.7153691,5.6707257,5.7939885,7.2781706,6.6335706,6.6199644,4.6449187,3.8407048,5.4334078,4.8367849,5.7302509,6.3498795,5.6850096,5.2345729,6.0322237,2.2929512,3.044239,5.655561,4.6568302,5.788293,6.4626287,7.5181309,6.2178932,6.6810314,3.5200611,2.9232424,5.3514545,4.4035846,5.1617508,5.8755696,7.5227681,6.4213988,6.5445902,4.4634852,3.4734085,6.1808767,5.0761564
2016-10-01 00:00:00,677.9522204,190.088841,182.8174999,136.2690024,55.4264441,83.9493091,15.6461695,5.5901224,8.1648321,363.3444376,93.9375892,101.6115292,74.7257843,30.2430663,45.6998907,9.9865229,3.0982718,4.0417832,314.6077828,96.1512518,81.2059707,61.5432181,25.1833778,38.2494183,5.6596466,2.4918506,4.123049,474.5613699,126.659688,128.3758925,98.9151522,40.8602971,60.1826946,10.0428363,4.5891234,4.9356858,282.1037693,71.4107279,77.9454751,57.8625622,25.4379126,37.525668,7.0591722,2.6603334,2.2019179,192.4576006,55.24896,50.4304174,41.05259,15.4223844,22.6570267,2.9836641,1.9287901,2.7337679,203.3908505,63.429153,54.4416074,37.3538502,14.566147,23.7666145,5.6033332,1.0009989,3.2291463,81.2406683,22.5268613,23.6660541,16.8632221,4.8051537,8.1742228,2.9273507,0.4379384,1.8398653,122.1501822,40.9022918,30.7755533,20.4906281,9.7609933,15.5923917,2.6759825,0.5630605,1.389281,5.3626379,4.7592761,5.5114108,5.5057586,6.3970024,6.1221121,6.1943051,3.9467765,3.6441705,5.3824164,4.4068126,5.6774093,5.7108583,6.6640759,6.1563695,7.3744621,4.0979597,3.5600133,5.3399755,5.1626892,5.3168897,5.2757023,6.1032614,6.0816784,4.8303183,3.7736761,3.7306226,5.5273351,4.6027957,5.8254655,5.7731085,7.339493,6.5124377,6.2955179,4.0295525,3.0356473,5.1770101,4.1519864,5.4522426,5.4018856,7.1474919,6.1794907,6.5884724,3.9780172,2.4115678,6.1359582,5.3541942
2016-11-01 00:00:00,683.9464568,186.9759344,189.6978734,135.2233166,58.237172,82.7796424,15.924697,5.8646478,9.2431732,363.236544,96.2189443,99.9278342,73.1411278,32.0570977,44.4638717,8.5654529,3.4751308,5.3870847,320.7099128,90.7569901,89.7700393,62.0821888,26.1800743,38.3157707,7.3592442,2.389517,3.8560885,486.1270088,128.1941348,132.5376034,97.3640717,43.8029733,62.8345151,10.8247191,4.4783711,6.0906203,287.7912556,71.5941356,79.8229298,59.6172495,27.2757044,35.9005195,6.9102168,2.9820358,3.6884642,198.3357532,56.5999993,52.7146736,37.7468221,16.5272689,26.9339956,3.9145023,1.4963353,2.4021561,197.819448,58.7817996,57.16027,37.8592449,14.4341987,19.9451273,5.0999779,1.3862766,3.1525529,75.4452884,24.6248088,20.1049044,13.5238782,4.7813933,8.5633521,1.6552361,0.493095,1.6986205,122.3741596,34.1569908,37.0553656,24.3353667,9.6528054,11.3817752,3.4447418,0.8931816,1.4539325,5.3783133,4.680259,5.700743,5.3809737,6.6590129,6.0028316,6.2146745,4.1480524,4.0193282,5.3604469,4.5064541,5.597133,5.5196269,7.023142,5.9663555,6.2742489,4.5918838,4.6138173,5.3986932,4.8797891,5.8206832,5.2263025,6.2614962,6.0457236,6.1467446,3.6368287,3.406189,5.58644,4.6571447,5.9099452,5.5628203,7.629849,6.6765665,6.7406387,3.9652691,3.6330844,5.2188294,4.1562662,5.5148878,5.4479186,7.4479775,5.8502426,6.4505343,4.5178726,3.7949831,6.222432,5.4947468
2016-12-01 00:00:00,722.4218032,203.2942496,198.3584513,142.6754311,57.2621273,90.0797801,16.5173231,6.1034635,8.1309772,390.9784982,106.2754747,106.998979,79.9753668,34.5057453,45.5455991,9.5590918,3.4797088,4.6385327,331.443305,97.0187749,91.3594723,62.7000643,22.7563821,44.5341809,6.9582313,2.6237547,3.4924445,513.1443987,140.228812,137.610525,101.6724878,43.7118667,67.7467275,11.2622634,5.0970112,5.8147049,292.9148115,74.6669258,77.1556312,62.8481223,27.3351382,37.0532235,7.4187095,3.025616,3.411445,220.2295872,65.5618862,60.4548939,38.8243655,16.3767286,30.693504,3.8435539,2.0713952,2.4032599,209.2774046,63.0654376,60.7479263,41.0029433,13.5502606,22.3330526,5.2550597,1.0064523,2.3162723,98.0636868,31.6085489,29.8433478,17.1272445,7.1706071,8.4923756,2.1403823,0.4540928,1.2270876,111.2137178,31.4568886,30.9045785,23.8756988,6.3796535,13.840677,3.1146774,0.5523595,1.0891846,5.6216565,5.0341826,5.872368,5.6512187,6.5113173,6.45554,6.3708885,4.2894124,3.4816483,5.7006883,4.9373248,5.8880111,5.9705287,7.4588591,6.0430917,6.8921351,4.5949543,3.9144902,5.5312005,5.1447389,5.8541525,5.290332,5.4596487,6.9399578,5.7712655,3.9417936,3.0358078,5.8029049,5.0120946,5.9988535,5.7760421,7.5481344,7.058873,6.7639425,4.4214961,3.4152213,5.2427993,4.2851083,5.2532054,5.6608784,7.3790739,5.9801582,6.7055304,4.5789512,3.4525731,6.7640249,6.2124307
2017-01-01 00:00:00,773.1516168,217.034923,210.1856884,161.9153166,57.5692565,94.7186945,15.0019101,7.3696351,9.3561926,403.7970135,113.4565158,110.6111853,84.9304928,31.0898265,47.0816331,7.8529084,3.9470543,4.8273973,369.3546033,103.5784072,99.5745031,76.9848238,26.4794299,47.6370615,7.1490017,3.4225808,4.5287953,555.1584529,149.3780609,143.34039,122.0079139,43.0451535,74.3931733,10.5260102,6.1085621,6.3591889,320.0326239,85.8111932,84.531082,72.0791884,26.4910063,38.3862985,6.1314443,3.4671277,3.1352836,235.1258289,63.5668677,58.8093079,49.9287255,16.5541472,36.0068748,4.394566,2.6414344,3.2239053,217.9931639,67.6568621,66.8452984,39.9074027,14.524103,20.3255212,4.4758999,1.261073,2.9970037,83.7643896,27.6453226,26.0801032,12.8513044,4.5988202,8.6953346,1.7214641,0.4799266,1.6921137,134.2287743,40.0115394,40.7651952,27.0560983,9.9252827,11.6301867,2.7544357,0.7811463,1.30489,6.1179371,5.5002542,6.3471061,6.4799537,6.639822,6.8160275,5.8829966,5.2677813,4.0725732,5.9876858,5.3759226,6.2211906,6.4153535,6.8465916,6.2899399,5.7542649,5.2922711,4.0969408,6.2669762,5.6432145,6.4930911,6.5527477,6.4124454,7.4302436,6.0312091,5.2398185,4.0469162,6.4180633,5.4478651,6.4223946,7.1198223,7.5565922,7.8219723,6.4676652,5.4718781,3.7997065,5.8178056,4.9681821,5.8571531,6.6644273,7.3195203,6.2299159,5.6065126,5.3892997,3.2269551,7.4666331,6.2643452
2017-02-01 00:00:00,824.1295921,226.3333554,215.9263771,192.9995122,61.6483872,93.9383366,15.5750676,6.6611527,11.0474034,424.6996707,120.1621225,104.6216581,103.6957274,32.584956,46.8246895,7.8209719,3.212617,5.7769284,399.4299214,106.1712329,111.3047191,89.3037848,29.0634311,47.1136471,7.7540957,3.4485357,5.270475,567.0079114,145.180925,147.539427,138.2134048,44.4396522,69.2442577,9.9493956,5.2957271,7.145122,316.6428061,85.6222415,76.5023184,78.4174022,24.7832027,38.6007589,6.3830676,2.760399,3.5734157,250.3651053,59.5586835,71.0371085,59.7960026,19.6564495,30.6434988,3.566328,2.5353281,3.5717063,257.1216807,81.1524303,68.3869501,54.7861074,17.208735,24.6940789,5.6256719,1.3654256,3.9022814,108.0568646,34.5398809,28.1193396,25.2783252,7.8017533,8.2239306,1.4379042,0.452218,2.2035127,149.0648161,46.6125494,40.2676105,29.5077822,9.4069817,16.4701483,4.1877677,0.9132076,1.6987687,6.3954322,5.6360637,6.3529111,7.5468163,6.9727742,6.7181277,6.0395335,4.7316585,4.7389194,6.1786979,5.5726315,5.7685882,7.679655,7.0435819,6.1557891,5.7078843,4.3056969,4.8751526,6.6432028,5.7096194,7.0214354,7.3982224,6.895061,7.38898,6.4155136,5.2120069,4.5980817,6.4210222,5.1893049,6.4443539,7.8498671,7.7714012,7.1684262,6.0084884,4.7463231,4.2609407,5.6642719,4.8545022,5.2318275,7.1389106,6.7862279,6.1280985,5.7963481,4.2801257,3.7224677,7.7265637,5.7604438
2017-03-01 00:00:00,799.5779157,214.8804929,222.5024272,167.6717025,65.0913455,95.9396973,16.0052339,7.9333161,9.5537003,404.5088437,112.0749607,108.8985306,85.6837229,34.4272337,48.1512701,7.4615999,3.9053248,3.9062009,395.069072,102.8055322,113.6038966,81.9879795,30.6641117,47.7884272,8.543634,4.0279913,5.6474994,540.0201299,134.5271102,152.9757681,116.628358,43.8333529,69.9925171,10.4054165,6.4012805,5.2563265,303.4719422,79.3406073,82.2519294,66.0939836,26.126809,37.9667545,5.6639712,3.2272435,2.8006436,236.5481878,55.1865029,70.7238387,50.5343744,17.7065439,32.0257626,4.7414452,3.174037,2.455683,259.5577858,80.3533827,69.526659,51.0433444,21.2579926,25.9471802,5.5998175,1.5320356,4.2973738,101.0369015,32.7343535,26.6466011,19.5897393,8.3004247,10.1845156,1.7976287,0.6780813,1.1055573,158.5208843,47.6190292,42.8800579,31.4536052,12.9575679,15.7626646,3.8021888,0.8539543,3.1918165,6.208313,5.3356324,6.5721297,6.5714527,7.349499,6.8664405,6.1441763,5.6794504,4.1223698,5.906788,5.2085391,6.0401708,6.4095963,7.3693222,6.3121324,5.5025679,5.3023469,3.3250202,6.5506977,5.4814445,7.1781242,6.7495773,7.3273698,7.5329818,6.8408047,6.1000765,4.9420853,6.1584465,4.8726842,6.697376,6.6585075,7.6774065,7.2838478,6.2894518,5.7760762,3.2028852,5.4778392,4.5499344,5.6724293,6.0876473,7.0437101,6.087696,5.2723635,5.1122824,2.9375417,7.3262441,5.4260427
2017-04-01 00:00:00,727.3398233,185.0768853,211.8883997,154.1600933,62.5240245,82.2897562,14.7657691,8.1442168,8.4906784,360.2231875,92.467058,102.1794403,80.0829361,28.268139,41.9366617,6.9989813,4.198844,4.091127,367.1166358,92.6098273,109.7089594,74.0771572,34.2558855,40.3530945,7.7667877,3.9453728,4.3995514,503.8729268,124.8331191,142.1156733,113.8913111,43.2144901,59.1870929,9.6798807,6.2518761,4.6994835,279.4511805,69.5418843,78.6205397,63.2141905,22.8042452,33.9768217,4.9018246,3.4882175,2.903457,224.4217464,55.2912348,63.4951336,50.6771206,20.4102449,25.2102712,4.7780561,2.7636587,1.7960265,223.4668964,60.2437661,69.7727263,40.2687822,19.3095344,23.1026633,5.0858884,1.8923407,3.7911949,80.772007,22.9251736,23.5589006,16.8687456,5.4638939,7.95984,2.0971567,0.7106265,1.18767,142.6948894,37.3185925,46.2138258,23.4000366,13.8456406,15.1428233,2.9887316,1.1817142,2.6035248,5.6476946,4.61081,6.2488381,6.0141495,7.0960964,5.9005489,5.6498978,5.775381,3.6544914,5.2475619,4.2986289,5.6545455,5.9093857,6.0848052,5.5321252,5.1100027,5.6581373,3.4822874,6.1044238,4.971285,6.926889,6.1316672,8.2240082,6.3392952,6.2444285,5.9056146,3.8306422,5.7676294,4.5530176,6.3080933,6.4265218,7.5070353,6.1896299,5.8935431,5.6946326,2.8756434,5.0502794,4.0225432,5.4671297,5.7076229,6.1400129,5.4742087,4.4815873,5.5260772,3.0755794,7.0069573,5.458368
2017-05-01 00:00:00,703.7719652,188.4866484,199.4456317,150.3903131,60.7212469,74.6343511,15.0623037,6.3307385,8.7007319,363.2319523,100.2258777,98.4415477,80.3039385,31.9596327,36.5052914,7.8628315,3.4084692,4.5243636,340.5400129,88.2607707,101.004084,70.0863746,28.7616142,38.1290597,7.1994721,2.9222693,4.1763683,479.192914,128.0556168,131.65799,105.9629247,41.9695763,50.5783663,9.8146605,5.214108,5.9396713,273.0697534,73.4932857,71.656977,62.1143022,24.9338537,28.5598524,5.9532192,2.8509485,3.5073145,206.1231606,54.562331,60.001013,43.8486225,17.0357226,22.0185139,3.8614413,2.3631595,2.4323568,224.5790513,60.4310316,67.7876417,44.4273883,18.7516706,24.0559848,5.2476431,1.1166304,2.7610605,90.1621989,26.7325919,26.7845707,18.1896363,7.025779,7.945439,1.9096123,0.5575207,1.017049,134.4168523,33.6984397,41.003071,26.2377521,11.7258916,16.1105458,3.3380308,0.5591098,1.7440115,5.4413006,4.6680956,5.8650873,5.8473563,6.8869518,5.3260113,5.6796502,4.5180025,3.6975335,5.2846188,4.6574532,5.4363721,5.9193783,6.8207633,4.8445774,5.6866423,4.5647843,3.8025764,5.6189974,4.68024,6.3534089,5.7669593,6.9620231,5.8860305,5.6720335,4.4646344,3.5900966,5.4429948,4.5763867,5.784082,6.0298308,7.3323012,5.30784,5.7959737,4.7351829,3.5482216,4.9074643,4.2114572,4.9313734,5.6182044,6.6821502,4.6355661,5.3697833,4.4398777,3.6420295,6.3628651,5.181106
2017-06-01 00:00:00,707.4645543,190.3166673,191.1022578,161.0085032,56.4616116,75.7502842,14.3293094,7.2752209,11.2207,369.2977168,103.4284613,96.6707265,84.893355,26.2430729,40.1188368,7.83784,4.0275815,6.0778428,338.1668374,86.888206,94.4315313,76.1151481,30.2185387,35.6314474,6.4914694,3.2476394,5.1428571,488.9005651,124.058475,133.646029,112.1885596,39.0816319,56.4128563,10.575711,5.4577362,7.4795661,291.1703896,79.3810059,79.1628652,64.7466346,21.4890554,31.8661706,6.3068116,3.3052192,4.9126272,197.7301755,44.6774692,54.4831638,47.441925,17.5925765,24.5466857,4.2688993,2.152517,2.5669389,218.5639892,66.2581923,57.4562288,48.8199436,17.3799797,19.3374279,3.7535984,1.8174847,3.7411339,78.1273272,24.0474554,17.5078613,20.1467205,4.7540175,8.2526662,1.5310283,0.7223624,1.1652157,140.436662,42.2107368,39.9483675,28.6732231,12.6259622,11.0847617,2.22257,1.0951224,2.5759182,5.4693019,4.7040858,5.6376704,6.263137,6.3758215,5.401239,5.4058127,5.1425819,4.7873358,5.3788568,4.8237292,5.3324878,6.2666631,5.6654311,5.2884753,5.6833239,5.3770803,5.0908121,5.5716128,4.5691823,5.9885256,6.2592089,7.1549557,5.534101,5.1048487,4.8787204,4.4722636,5.5177013,4.4140511,5.8401641,6.331751,6.7781587,5.8466749,6.2770579,4.8553463,4.4661807,5.1920493,4.5035582,5.3786341,5.8452527,5.7658978,5.1371312,5.7641681,5.0574113,5.0065406,6.0791813,4.2634959
2017-07-01 00:00:00,712.4062063,198.5121769,202.4252972,149.5727753,53.6772693,74.206938,16.3645165,7.0927991,10.5544339,382.7868162,114.4146863,101.5592476,80.109034,27.296313,41.9600224,8.6329593,3.9219731,4.8925804,329.6193901,84.0974906,100.8660495,69.4637412,26.3809563,32.2469157,7.7315572,3.1708261,5.6618535,480.5681453,126.0524438,135.1937238,109.6805631,37.1496113,48.4105891,11.997352,5.3596903,6.7241719,292.8320448,82.9343878,77.2962826,65.5975451,22.0698347,30.8607629,7.2404628,3.1139747,3.7187942,187.7361005,43.1180559,57.8974411,44.083018,15.0797766,17.5498262,4.7568892,2.2457156,3.0053778,231.838061,72.4597332,67.2315734,39.8922121,16.527658,25.7963489,4.3671646,1.7331088,3.830262,89.9547714,31.4802985,24.262965,14.511489,5.2264784,11.0992594,1.3924966,0.8079983,1.1737863,141.8832896,40.9794347,42.9686084,25.3807232,11.3011797,14.6970895,2.974668,0.9251104,2.6564757,5.5026884,4.8969009,5.9752679,5.7754842,6.094422,5.3166206,6.2135255,5.0474662,4.4957169,5.5512676,5.2509565,5.6161261,5.9078646,5.8927005,5.5421505,6.2655056,5.2765771,4.0843653,5.4473297,4.4854327,6.3864792,5.6299971,6.3182147,5.0492578,6.1564949,4.790202,4.9242756,5.4169323,4.4624446,5.9176374,6.1691616,6.4880382,5.0529748,7.1463836,4.7632083,3.8794373,5.2215308,4.6686532,5.3070688,5.9205934,5.9815011,4.9634516,6.5638816,4.7811467,3.6763065,5.7527275,4.1130214
2017-08-01 00:00:00,714.8637458,199.2333951,208.7858991,144.839985,48.0126726,81.0548689,15.9618425,7.1754224,9.7996602,380.0762356,112.5128633,105.1718656,74.4180869,24.8765696,44.2808622,9.2557688,3.992634,5.5675853,334.7875102,86.7205318,103.6140335,70.4218981,23.136103,36.7740067,6.7060737,3.1827884,4.232075,488.8639791,136.4803362,143.0276299,95.0312462,32.2530436,58.8242202,12.0656874,5.6009392,5.5808762,290.7590311,88.7504271,80.7380123,54.4365041,18.6372679,33.4708717,7.9255348,3.1394277,3.6609855,198.104948,47.7299091,62.2896177,40.5947421,13.6157757,25.3533485,4.1401526,2.4615116,1.9198907,225.9997667,62.7530589,65.7582691,49.8087388,15.7596291,22.2306486,3.8961551,1.5744831,4.218784,89.3172046,23.7624362,24.4338533,19.9815828,6.2393018,10.8099904,1.3302339,0.8532064,1.9065998,136.6825621,38.9906227,41.3244158,29.827156,9.5203273,11.4206582,2.5659211,0.7212768,2.3121843,5.5259753,4.9261745,6.1524243,5.582906,5.4916812,5.8295383,6.038249,5.0988873,4.1812212,5.5332166,5.2227858,5.8147329,5.4625307,5.3611467,5.9124729,6.7037928,5.3915392,4.6945942,5.5177775,4.5881101,6.5378176,5.7160151,5.6393179,5.7327102,5.3105677,4.7738319,3.6553521,5.5325822,4.8245361,6.2572045,5.4113779,5.7248131,6.1663608,7.2044683,4.9888418,3.3184435,5.2133844,5.0330604,5.5335616,4.938815,5.113116,5.4305631,7.2981941,4.8742089,3.7095639,6.0788415,4.4794488
2017-09-01 00:00:00,691.3316601,185.0018695,200.6810049,145.3719486,48.9955286,79.814159,14.3376327,7.3185198,9.810997,370.8668394,101.1161957,107.1624619,76.6222319,24.7262918,43.4600336,8.1829816,3.728524,5.868119,320.4648206,83.8856739,93.518543,68.7497167,24.2692368,36.3541254,6.154651,3.5899958,3.9428781,467.1441046,116.3375967,136.1148013,103.9153081,33.790673,54.0539519,11.271293,5.8939519,5.7665287,277.2619485,74.8394985,78.1234553,61.0480877,19.347587,30.02821,6.937143,3.0270754,3.9108917,189.8821562,41.4980982,57.991346,42.8672204,14.443086,24.0257419,4.3341501,2.8668766,1.8556369,224.1875554,68.6642728,64.5662036,41.4566405,15.2048557,25.760207,3.0663396,1.4245679,4.0444683,93.6048909,26.2766971,29.0390066,15.5741442,5.3787048,13.4318236,1.2458387,0.7014487,1.9572272,130.5826645,42.3875757,35.5271969,25.8824962,9.8261509,12.3283834,1.820501,0.7231192,2.0872411,5.3179735,4.5388833,5.8966631,5.605781,5.5698195,5.68301,5.3914014,5.2093576,4.1412791,5.3780894,4.6595464,5.9237859,5.6415414,5.3037023,5.7112625,5.9572953,5.032929,4.8903259,5.2500588,4.4014906,5.8658871,5.5664562,5.8698926,5.6495998,4.7868369,5.4061835,3.3724897,5.2758012,4.1013485,5.9855269,5.8630757,5.991425,5.6397553,6.8044371,5.280256,3.3571896,4.9506763,4.2044664,5.3922516,5.5032836,5.2329962,4.8307091,6.4629026,4.7162563,3.929818,5.8353795999999996,3.927626
2017-10-01 00:00:00,671.7606368,182.4927469,183.9079691,142.4508378,50.2580671,81.9019987,15.7171953,6.6578049,8.3740171,350.9564457,95.9528244,92.7996392,74.2349001,26.0891333,44.3022705,9.3442165,3.6482947,4.5851671,320.8041911,86.5399225,91.1083299,68.2159377,24.1689337,37.5997283,6.3729788,3.0095102,3.78885,462.9896871,118.6047599,124.4075933,104.3347533,35.2771249,57.5067157,12.0223932,5.5206311,5.3157157,271.5028351,73.1248563,69.352568,60.4434722,20.2037599,33.9754034,8.0708392,3.04255,3.289386,191.486852,45.4799036,55.0550253,43.8912811,15.0733649,23.5313123,3.951554,2.4780811,2.0263298,208.7709498,63.887987,59.5003758,38.1160845,14.9809422,24.395283,3.6948021,1.1371738,3.0583014,79.4536107,22.8279681,23.4470712,13.7914279,5.8853734,10.326867,1.2733773,0.6057447,1.2957811,129.3173391,41.0600189,36.0533046,24.3246566,9.0955688,14.068416,2.4214248,0.5314291,1.7625202,5.1699206,4.4836477,5.4343744,5.434312,5.7345413,5.8503665,5.9600239,4.7363191,3.5283973,5.0966032,4.4360151,5.1544015,5.4370686,5.5929074,5.827137,6.8547854,4.9384968,3.809354,5.2525839,4.5376717,5.7526428,5.4313153,5.895705,5.8779757,5.0025901,4.512376,3.2392738,5.2196728,4.1633894,5.4754894,5.8466089,6.1875539,6.0620717,7.3318017,4.9397283,3.1228224,4.8510664,4.1177221,4.8011702,5.4353233,5.3931889,5.4818891,7.530826,4.7008247,3.3537572,5.8499202,4.2389778
2017-11-01 00:00:00,664.5539435,183.711631,175.8569295,134.1875287,52.9319258,85.2529499,15.1416922,7.9029447,9.5683418,353.2183909,101.0785359,84.3163858,72.6868837,25.852948,49.9234884,9.090487,4.6093528,5.6603093,311.3355526,82.6330951,91.5405437,61.500645,27.0789778,35.3294615,6.0512052,3.2935919,3.9080325,463.7711405,133.0298916,109.053297,97.9109023,37.2881482,62.1701038,11.6436505,6.5487616,6.1263854,273.7720577,82.6618401,59.364639,58.3712632,20.851696,37.2907274,7.4333721,3.9830986,3.8154213,189.9990828,50.3680515,49.6886579,39.5396391,16.4364522,24.8793765,4.2102785,2.565663,2.3109641,200.782803,50.6817394,66.8036325,36.2766264,15.6437775,23.082846,3.4980417,1.3541831,3.4419564,79.4463332,18.4166958,24.9517468,14.3156205,5.001252,12.632761,1.6571149,0.6262542,1.844888,121.3364698,32.2650436,41.8518857,21.9610059,10.6425256,10.450085,1.8409268,0.7279289,1.5970683,5.0794094,4.4686133,5.1628276,5.1323252,5.9737427,6.0238698,5.6620375,5.6140855,3.9564252,5.0981823,4.6259189,4.6706231,5.3088642,5.514552,6.5280281,6.5675609,6.1622768,4.6366048,5.0582779,4.29016,5.717838,4.9382421,6.4896633,5.4311559,4.6904992,4.9925276,3.2631015,5.1640138,4.611206,4.7721329,5.4460665,6.3276037,6.4316231,6.8807077,5.8054945,3.5025432,4.8468328,4.5896464,4.0952432,5.2034066,5.5080817,5.9848842,6.9302732,6.0416401,3.7701965,5.7016481,4.6470311
2017-12-01 00:00:00,714.2146263,197.0692416,206.4007496,143.0829078,51.8719342,80.9142041,16.4938493,8.2454917,10.136248,390.8204285,117.3529541,106.9373115,79.8591527,25.6061858,41.1192156,8.9715961,4.8513716,6.122641,323.3941978,79.7162874,99.4634381,63.2237551,26.2657484,39.7949884,7.5222532,3.39412,4.0136071,486.6436522,144.471491,123.7303759,105.731108,33.1274546,55.1595439,11.0511627,6.2464792,7.1260368,289.0183825,88.9725351,70.6771634,65.2018898,18.0767448,31.4397229,6.5598381,3.710301,4.3801875,197.6252696,55.498956,53.0532125,40.5292183,15.0507098,23.719821,4.4913246,2.5361782,2.7458493,227.5709741,52.5977506,82.6703737,37.3517998,18.7444796,25.7546601,5.4426866,1.9990125,3.0102113,101.802046,28.3804191,36.2601481,14.6572629,7.5294411,9.6794927,2.411758,1.1410706,1.7424534,125.7689282,24.2173315,46.4102256,22.6945369,11.2150385,16.0751674,3.0309285,0.8579418,1.2677578,5.4000294,4.7353262,5.9659168,5.4528253,5.8269621,5.6584459,6.0819549,5.770716,4.111952,5.5818914,5.3144258,5.8066196,5.802583,5.4646628,5.3658066,6.4070589,6.4620649,4.8798249,5.1954649,4.0807192,6.1472304,5.0670409,6.2296047,5.9963563,5.7348901,5.0053062,3.3159752,5.3431165,4.9279536,5.3101025,5.7807573,5.7166962,5.6755135,6.4777903,5.4810298,3.9340478,5.0590425,4.8985422,4.7842648,5.7360431,4.8234756,4.9996766,6.0015728,5.7151243,4.1800524,5.8211459,4.9758482
2018-01-01 00:00:00,776.8624785,228.2558955,208.2480007,167.1051117,56.0082119,84.127962,14.3048622,7.1575578,11.6548767,407.3928808,123.6170216,99.4634063,89.3089933,30.4193334,47.7234832,7.3694745,3.2836,6.2075685,369.4695978,104.6388739,108.7845944,77.7961185,25.5888785,36.4044788,6.9353877,3.8739578,5.4473082,541.6329101,159.8915688,136.720302,117.6387397,40.6194083,64.3822025,9.6810662,6.0101025,6.6895202,307.424632,96.3548489,70.0173336,68.2822819,23.1770225,37.419878,5.3494902,2.9110241,3.9127528,234.208278,63.5367199,66.7029684,49.3564577,17.4423858,26.9623245,4.3315759,3.0990784,2.7767674,235.2295685,68.3643267,71.5276987,49.4663721,15.3888036,19.7457595,4.6237961,1.1474553,4.9653565,99.9682487,27.2621727,29.4460727,21.0267114,7.2423109,10.3036052,2.0199843,0.3725759,2.2948156,135.2613198,41.102154,42.081626,28.4396607,8.1464927,9.4421543,2.6038118,0.7748793,2.6705409,5.9647431,5.5959945,6.1190023,6.3997028,6.3451143,6.0057049,5.4027901,5.1540001,4.7815816,5.8828523,5.6687559,5.4641198,6.5322635,6.4984597,6.3332656,5.3350083,4.5048062,4.995761,6.0577236,5.5124073,6.8720557,6.2540071,6.1719799,5.6243628,5.4767278,5.8711631,4.5588554,6.0537251,5.5803054,5.9519563,6.5526144,7.0070836,6.7467392,5.8184962,5.4532228,3.7392564,5.48607,5.3923051,4.8590073,6.1496912,6.1743449,6.0687012,5.0113666,4.5658634,3.7974926,7.0051564,5.891823
2018-02-01 00:00:00,804.5017742,218.1914929,207.4226896,185.2129943,61.2573195,95.8684124,16.9644192,8.0582636,11.5261826,412.0056875,115.0180339,101.9267067,92.8657678,32.249545,51.078684,8.7642128,4.157973,5.9447643,392.4960867,103.173459,105.4959828,92.3472266,29.0077745,44.7897284,8.2002064,3.9002906,5.5814184,556.7288038,153.1090069,129.5142985,135.2930446,41.3830238,72.3365279,12.3086811,6.2934758,6.4907451,314.2259733,90.0879048,70.8820865,75.4111784,23.039314,40.5226821,6.9962865,3.7195533,3.5669678,242.5028305,63.0211022,58.6322121,59.8818662,18.3437099,31.8138457,5.3123946,2.5739225,2.9237773,247.7729704,65.082486,77.908391,49.9199497,19.8742956,23.5318846,4.6557381,1.7647878,5.0354375,97.7797142,24.9301291,31.0446203,17.4545893,9.2102311,10.5560019,1.7679263,0.4384197,2.3777965,149.9932562,40.1523569,46.8637708,32.4653604,10.6640646,12.9758827,2.8878118,1.326368,2.657641,6.0600152,5.2448741,6.0176264,6.938125,6.7165902,6.6969753,6.2794069,5.7010979,4.7235577,5.8591349,5.1914551,5.5527349,6.6810613,6.7229921,6.6119577,6.264282,5.6335456,4.7633317,6.2862521,5.3057367,6.5472347,7.2173838,6.7094871,6.7966384,6.295653,5.7749205,4.6819185,6.0902206,5.265943,5.5480617,7.2872379,6.8896079,7.3877812,7.1145685,5.6551426,3.6311302,5.4779882,4.9418406,4.7896414,6.6153612,6.0051411,6.4041591,6.336622,5.8216624,3.4754879,7.1215433,5.8106997
2018-03-01 00:00:00,777.9555727,220.166563,190.5342811,172.853934,52.577476,106.5979943,16.90057,7.9896587,10.3350956,402.4134504,112.3111858,93.8359031,89.0791642,28.4112742,59.3644018,9.3392028,3.9643222,6.1079962,375.5421223,107.8553771,96.698378,83.7747698,24.1662018,47.2335925,7.5613672,4.0253365,4.2270995,544.4802002,147.9150053,128.3617522,130.2096216,37.1341935,75.9267298,11.7327875,6.0647159,7.1353944,310.6965494,81.2439247,71.2335584,74.5118076,22.5742643,46.2045805,7.1814967,3.3463166,4.4006007,233.7836508,66.6710806,57.1281938,55.6978141,14.5599292,29.7221494,4.5512908,2.7183992,2.7347937,233.4753726,72.2515577,62.1725289,42.6443124,15.4432825,30.6712645,5.1677825,1.9249428,3.1997012,91.716901,31.0672611,22.6023447,14.5673567,5.8370099,13.1598213,2.1577062,0.6180056,1.7073955,141.7584716,41.1842965,39.5701842,28.0769557,9.6062726,17.5114432,3.0100764,1.3069372,1.4923057,5.8829077,5.2964431,5.5502487,6.5441762,5.8745847,7.3890914,6.2111621,5.6336053,4.2826441,5.7513108,5.1016246,5.1284911,6.4693631,6.0073623,7.6225641,6.6750382,5.3780597,4.9489674,6.0307727,5.515779,6.0315922,6.6256479,5.7257997,7.1151887,5.7201782,5.9101785,3.5851586,6.0531761,5.1453014,5.5879373,7.1716717,6.3510118,7.8934389,6.7572298,5.4283575,4.0655407,5.4836114,4.5269392,4.8559144,6.638563,6.0045473,7.3492757,6.4939941,5.2023409,4.3007002,7.0225557,6.172779
2018-04-01 00:00:00,738.8127871,205.0820782,181.9017658,172.7310102,53.2811373,93.2714575,15.5151845,8.1191963,8.9109572,385.118028,112.90598,89.8043434,88.5034405,27.0858165,50.205239,8.2268641,4.5853855,3.800959,353.6947591,92.1760982,92.0974224,84.2275697,26.1953209,43.0662185,7.2883204,3.5338108,5.1099983,499.5791398,131.0834482,113.825673,130.2190364,37.7314654,64.422171,10.9822773,6.1111828,5.2038857,285.5578229,79.9292821,59.8322818,71.6145733,21.0512442,40.5964609,6.6275121,3.5569307,2.3495379,214.0213169,51.1541661,53.9933912,58.6044632,16.6802212,23.8257101,4.3547653,2.5542521,2.8543479,239.2336472,73.9986299,68.0760928,42.5119738,15.549672,28.8492865,4.5329072,2.0080136,3.7070715,99.5602051,32.9766979,29.9720616,16.8888673,6.0345723,9.6087781,1.599352,1.0284548,1.4514211,139.6734421,41.0219321,38.1040312,25.6231065,9.5150997,19.2405084,2.9335551,0.9795588,2.2556504,5.5909914,4.9138863,5.3307039,6.5426946,5.9112686,6.4844891,5.759843,5.718339,3.7544721,5.5007401,5.0993764,4.9297716,6.3910954,5.717608,6.4784439,5.9791876,6.1879161,3.1610032,5.6926901,4.7042842,5.7898621,6.7099369,6.1258087,6.4915507,5.5308189,5.2057402,4.3638966,5.5596877,4.552712,4.9690801,7.1545375,6.4456601,6.7481331,6.4170735,5.4013576,3.0360061,5.055306,4.4678921,4.1177252,6.3524423,5.6158712,6.4318725,6.0745557,5.4871446,2.3648461,6.4134582,4.691889
2018-05-01 00:00:00,705.4949097,201.1451363,169.7505437,163.806848,50.9797882,86.7352109,17.4235296,7.3086989,8.3451543,367.8533102,105.6126818,83.9786481,81.702198,28.9305425,49.5639244,9.6622048,4.0991136,4.303997,337.6415996,95.5324545,85.7718956,82.1046501,22.0492457,37.1712865,7.7613247,3.2095853,4.0411572,485.1965447,141.7491667,107.8782793,121.5438884,34.8181708,57.9222875,11.2711133,5.4685075,4.5451311,281.1793623,80.0509082,61.1548092,66.7085855,22.1378551,38.5210698,6.8453756,3.3890541,2.3717049,204.0171824,61.6982585,46.7234701,54.8353029,12.6803157,19.4012177,4.4257377,2.0794534,2.1734263,220.298365,59.3959695,61.8722644,42.2629596,16.1616173,28.8129234,6.1524163,1.8401914,3.8000231,86.6739478,25.5617735,22.8238389,14.9936125,6.7926874,11.0428546,2.8168293,0.7100595,1.9322922,133.6244172,33.834196,39.0484255,27.2693472,9.36893,17.7700688,3.335587,1.1301319,1.867731,5.3318844,4.8360724,4.928583,6.1985881,5.6756912,6.0355256,6.4132764,5.1667313,3.5200134,5.2517259,4.80381,4.5670997,5.9219864,6.1208046,6.355215,6.8236661,5.5589656,3.598601,5.4220478,4.8722472,5.3426062,6.5007335,5.1813072,5.6561439,5.9665494,4.7396244,3.4400032,5.4050057,4.9311081,4.7090897,6.7594783,5.9838711,5.9666587,6.4253963,4.8496428,2.6360367,4.9685564,4.4775085,4.17475,5.9780812,5.901526,6.0260964,6.1121678,5.3069453,2.3632806,6.1494975,5.6773413
2018-06-01 00:00:00,687.4884597,191.008724,182.1762797,153.9700666,47.8131821,81.0205093,15.2764125,8.1002899,8.1229956,375.0924103,105.1011168,98.6707094,79.5973149,28.1229481,47.6713197,8.3755345,4.2994941,3.2539729,312.3960494,85.9076073,83.5055703,74.3727517,19.690234,33.3491896,6.9008779,3.8007958,4.8690227,488.7341412,133.6795477,120.6586958,118.959772,33.7645119,58.4538877,11.4093604,6.1106008,5.697765,291.2366107,80.9519459,72.7814757,66.2966841,21.7833593,36.8068512,6.6081645,3.5500565,2.4580735,197.4975305,52.7276018,47.8772201,52.6630879,11.9811525,21.6470365,4.8011959,2.5605444,3.2396915,198.7543185,57.3291763,61.517584,35.0102946,14.0486702,22.5666216,3.8670521,1.9896891,2.4252307,83.8557996,24.1491709,25.8892337,13.3006308,6.3395887,10.8644684,1.76737,0.7494376,0.7958994,114.8985189,33.1800055,35.6283502,21.7096637,7.7090815,11.7021532,2.0996821,1.2402515,1.6293312,5.1902374,4.5707516,5.2944065,5.8260261,5.3336156,5.6595362,5.6415137,5.6951362,3.3551429,5.3460403,4.7487829,5.3698531,5.7577912,5.9360555,6.1744469,5.9868413,5.7810305,2.6452581,5.0147581,4.3703038,5.2079463,5.9008691,4.6583728,5.0567327,5.272408,5.6009976,4.0883776,5.4259151,4.6517326,5.2036367,6.5844154,5.8090017,6.0535385,6.6166798,5.3996285,3.2417587,5.1274276,4.5138995,4.8830251,5.9493656,5.7793001,5.8546242,5.9803041,5.580973,2.4092935,5.935438,4.8805337
2018-07-01 00:00:00,688.1519604,200.7175168,167.1196047,151.3197706,50.2408038,84.0350118,17.8764977,8.0901609,8.7525941,373.76126,108.3418097,89.0534204,79.5588692,28.0519439,51.0650432,8.8868637,4.6923938,4.1109162,314.3907004,92.3757071,78.0661843,71.7609014,22.1888599,32.9699687,8.9896341,3.3977671,4.6416778,490.3385949,140.7115638,110.4407778,115.539677,35.1658495,65.181295,11.7416283,6.4678751,5.0899285,286.4336158,81.4874691,62.0994396,65.4617116,20.9789482,43.2776025,6.705218,3.912685,2.5105417,203.9049791,59.2240947,48.3413382,50.0779653,14.1869013,21.9036925,5.0364103,2.5551901,2.5793868,197.8133655,60.005953,56.6788269,35.7800937,15.0749542,18.8537168,6.1348695,1.6222858,3.6626656,87.3276442,26.8543406,26.9539808,14.0971576,7.0729957,7.7874407,2.1816457,0.7797088,1.6003745,110.4857213,33.1516124,29.7248461,21.6829361,8.0019586,11.0662762,3.9532238,0.842577,2.0622911,5.2082811,4.8301299,4.855428,5.737791,5.6063808,5.8818604,6.5668987,5.7523115,3.6431986,5.3204408,4.9056764,4.8236852,5.7538448,5.9344733,6.56782,6.2899994,6.3457288,3.3641148,5.0809431,4.7444384,4.8921523,5.7200972,5.2401255,5.0628694,6.8656856,5.0943931,3.9321017,5.4084135,4.8389974,4.774842,6.3274117,6.117337,6.614281,6.9180327,5.6984436,2.8950281,5.0190277,4.5219922,4.155642,5.8329039,5.6869574,6.7161106,6.1628763,6.0838601,2.46346,6.0699294,5.3555741
2018-08-01 00:00:00,693.2216687,195.399801,164.0932147,161.5106498,48.6260181,91.0726571,15.8905376,7.2100235,9.4187669,366.0016348,101.7102587,88.1170538,84.1802675,26.4779027,49.037638,8.2354965,4.0302579,4.2127597,327.2200339,93.6895422,75.9761609,77.3303824,22.1481154,42.0350191,7.655041,3.1797657,5.2060072,478.0720084,127.5490234,105.8878563,118.058756,33.4601286,68.3597617,11.6394225,5.9701349,7.1469251,275.2149825,72.7127415,61.4504597,67.5133835,19.4021816,40.9062298,6.6047598,3.4878971,3.1373295,202.8570259,54.8362819,44.4373966,50.5453725,14.0579471,27.4535318,5.0346627,2.4822378,4.0095956,215.1496603,67.8507776,58.2053584,43.4518938,15.1658895,22.7128954,4.251115,1.2398887,2.2718418,90.7866523,28.9975172,26.6665941,16.666884,7.0757211,8.1314081,1.6307368,0.5423608,1.0754302,124.363008,38.8532604,31.5387643,26.7850099,8.0901683,14.5814873,2.6203783,0.6975279,1.1964116,5.2446453,4.6841193,4.7979467,6.0714914,5.5041788,6.3517377,5.8714847,5.1066372,3.9765616,5.2138912,4.6048038,4.7860508,6.0350649,5.6827628,6.3380429,5.8714436,5.4217741,3.4889902,5.279477,4.7733772,4.8118178,6.1116478,5.3048797,6.3677889,5.871529,4.7562411,4.483582,5.2952395,4.4276032,4.5974242,6.4494657,5.801041,6.9476975,6.8274164,5.2527441,4.2290939,4.8420514,4.0661438,4.1279023,5.9697261,5.2624445,6.4410151,6.0454396,5.3517434,3.2076908,6.0654191,5.0192434
2018-09-01 00:00:00,644.8014581,179.4607511,153.9457104,148.2011154,46.6016403,85.9398456,15.1381861,7.1820707,8.3321387,337.1881093,94.9177937,78.0112363,77.7267325,25.6642594,46.0899653,7.1791231,4.000088,3.5989109,307.6133489,84.5429573,75.9344741,70.4743829,20.9373808,39.8498803,7.959063,3.1819827,4.7332278,429.0780933,119.6667073,94.0752746,101.4641504,30.0297231,61.73969,10.2648077,5.9174922,5.9202479,246.0663882,68.5041782,53.3806438,57.5326495,17.2996877,38.1848596,5.3084823,3.6271341,2.2287529,183.0117051,51.1625291,40.6946308,43.9315009,12.7300354,23.5548304,4.9563254,2.2903581,3.6914949,215.7233649,59.7940437,59.8704357,46.736965,16.5719172,24.2001556,4.8733784,1.2645785,2.4118908,91.1217211,26.4136155,24.6305925,20.194083,8.3645717,7.9051057,1.8706408,0.3729539,1.370158,124.6016438,33.3804282,35.2398432,26.542882,8.2073455,16.2950498,3.0027376,0.8916246,1.0417328,4.8744598,4.2886989,4.4806317,5.6210116,5.2727017,5.9776396,5.6466469,5.0583447,3.4759824,4.8046195,4.2925091,4.2343271,5.6168421,5.4938259,5.9317097,5.1466673,5.342611,2.9482808,4.9533851,4.2844293,4.7654098,5.6256173,5.0247963,6.0316566,6.1889645,4.7412176,4.0235572,4.752597,4.1655611,4.0469676,5.5833109,5.270029,6.2378854,6.1022408,5.1870737,3.4461791,4.3339306,3.8355969,3.5851961,5.1202089,4.6790699,5.973693,4.9939931,5.5906014,2.2515804,5.4620342,4.7078369
2018-10-01 00:00:00,634.7185867,182.6226869,145.8241429,149.5085872,47.7200653,78.7814381,13.7943724,8.1410358,8.3262581,336.1132998,101.5266849,74.3502434,79.1003973,24.5751147,41.1616569,6.9359653,4.5096688,3.9535686,298.6052869,81.096002,71.4738996,70.4081899,23.1449505,37.6197811,6.8584071,3.631367,4.3726896,416.4034496,114.9994206,88.3329642,105.2071945,32.5838476,53.9398219,9.3635357,6.3907268,5.5859383,247.5860106,71.3679365,52.9006253,58.8222475,18.0997593,35.2191471,5.6059563,3.557166,2.0131725,168.817439,43.6314841,35.4323388,46.3849469,14.4840884,18.7206747,3.7575794,2.8335608,3.5727658,218.3151371,67.6232663,57.4911787,44.3013927,15.1362176,24.8416162,4.4308368,1.750309,2.7403198,88.5272893,30.1587484,21.449618,20.2781498,6.4753555,5.9425098,1.330009,0.9525028,1.940396,129.7878479,37.4645179,36.0415607,24.0232429,8.6608622,18.8991064,3.1008277,0.7978062,0.7999238,4.7894671,4.349952,4.2469388,5.6514537,5.3551466,5.4957076,5.0916382,5.723042,3.5100859,4.7832593,4.5841493,4.0526725,5.684418,5.2299455,5.2887948,4.8980076,6.0384191,3.2528299,4.7964739,4.088457,4.4698241,5.6148729,5.4948167,5.7414789,5.3036769,5.3744515,3.7804094,4.5981149,3.9785128,3.792487,5.8040946,5.6559412,5.4196938,5.5613778,5.6416134,3.2732865,4.3453905,3.9724719,3.5369161,5.2759007,4.8722323,5.4441477,5.1347951,5.5101,2.0464338,5.0268866,3.9884337
2018-11-01 00:00:00,634.283292,172.5336037,150.7061275,146.9248101,46.7217827,88.3629826,15.3691632,7.5772971,6.0875251,342.2283081,97.6391325,77.3150915,77.3005577,26.9366586,47.377163,7.9611534,4.2992628,3.3992886,292.0549839,74.8944712,73.391036,69.6242524,19.7851241,40.9858197,7.4080098,3.2780343,2.6882365,438.7974038,121.9104773,95.0457877,104.3383335,33.3830224,63.7407548,11.3258181,5.5223633,3.5308467,258.7607757,71.9073926,56.6646469,57.8322674,21.9908879,38.6517347,6.5554092,3.4305311,1.7279058,180.0366281,50.0030847,38.3811408,46.5060661,11.3921345,25.0890201,4.7704089,2.0918322,1.8029409,195.4858882,50.6231264,55.6603398,42.5864766,13.3387603,24.6222278,4.0433451,2.0549338,2.5566784,83.4675324,25.7317398,20.6504445,19.4682903,4.9457708,8.7254282,1.4057442,0.8687317,1.6713829,112.0183558,24.8913866,35.0098952,23.1181863,8.3929896,15.8967996,2.6376009,1.1862021,0.8852955,4.757507,4.1160003,4.3360139,5.5103811,5.2354868,6.0873463,5.6746665,5.3303374,2.5208206,4.8462489,4.3903242,4.1770142,5.5387816,5.7342213,6.0503282,5.6283578,5.7665065,2.7781603,4.6575683,3.8059684,4.5171549,5.4791886,4.6811743,6.1307055,5.7252901,4.8492769,2.2565139,4.8033142,4.168602,4.0451525,5.7824666,5.6823334,6.2794945,6.6026588,4.8700089,2.0853186,4.5129597,3.9681212,3.7936744,5.1826665,5.7444088,5.8713128,5.9447133,5.3775895,1.7839894,5.2927379,4.4952001
2018-12-01 00:00:00,646.0871325,180.8252848,142.7322257,146.0051027,53.272822,90.0173306,16.6018392,7.7405314,8.8919961,345.5013298,96.7708108,75.8402875,74.7228485,29.4521391,51.0200524,7.6295213,4.7898999,5.2757703,300.5858027,84.054474,66.8919382,71.2822542,23.8206828,38.9972781,8.9723179,2.9506315,3.6162258,444.0630017,121.3858496,95.8084648,104.2771694,35.4944362,63.4066443,11.715717,6.5393151,5.4354055,257.9163582,71.0009733,54.3552914,57.6645924,23.0548426,38.3301509,5.9313889,4.1502907,3.4288279,186.1466436,50.3848763,41.4531734,46.612577,12.4395936,25.0764934,5.784328,2.3890243,2.0065775,202.0241307,59.4394352,46.9237609,41.7279333,17.7783858,26.6106863,4.8861222,1.2012163,3.4565906,87.5849716,25.7698375,21.4849961,17.0582561,6.3972966,12.6899015,1.6981324,0.6396091,1.8469424,114.4391591,33.6695977,25.4387649,24.6696772,11.3810892,13.9207847,3.1879899,0.5616072,1.6096483,4.81064,4.2751483,4.0725501,5.4365169,5.8794764,6.2137123,6.0936852,5.5148843,3.6630517,4.8534777,4.3146482,4.0731853,5.2975061,6.1585058,6.4928872,5.3552694,6.5045409,4.282433,4.7623259,4.2305589,4.0718302,5.5902911,5.5675845,5.8827881,6.9030689,4.422557,3.024797,4.8064197,4.1567348,4.0175259,5.5859206,5.9360836,6.2931382,6.8099089,5.7965888,3.073661,4.4720031,3.9459971,3.6258683,5.0139136,5.9164078,5.8637297,5.3476203,6.5573063,3.3853645,5.3619848,4.4950184
2019-01-01 00:00:00,723.6992071,179.7261707,174.6910839,166.3184153,60.4161629,105.5601656,19.8173428,8.0710201,9.0988459,373.7768702,101.5684239,89.9478892,75.0291055,32.8356636,56.4487032,9.0439827,4.6807553,4.2223468,349.9223369,78.1577467,84.7431947,91.2893098,27.5804993,49.1114625,10.7733601,3.3902647,4.8764991,501.5161325,130.4732708,111.8943204,116.8626658,42.6384477,74.8754314,13.0618119,6.3942441,5.3159405,294.7816852,82.7621701,66.9766339,59.7144272,27.0352883,44.9549497,7.0703559,3.7698743,2.4979858,206.7344473,47.7111007,44.9176865,57.1482386,15.6031593,29.9204818,5.991456,2.6243698,2.8179547,222.1830746,49.2528998,62.7967635,49.4557495,17.7777153,30.6847342,6.7555309,1.676776,3.7829054,78.995185,18.8062538,22.9712553,15.3146783,5.8003753,11.4937535,1.9736268,0.910881,1.724361,143.1878896,30.446646,39.8255082,34.1410712,11.97734,19.1909807,4.7819041,0.765895,2.0585444,5.4481697,4.2919091,5.0314419,6.310947,6.7560088,7.3081081,7.3056344,5.8445191,3.7854495,5.2917284,4.5737391,4.837973,5.4297634,6.8375293,7.1900362,6.3812585,6.4473595,3.4591586,5.6258262,3.9737101,5.2544718,7.2822661,6.6614547,7.4487023,8.3170249,5.1762954,4.1221164,5.4420696,4.4542708,4.715077,6.3283863,7.1318693,7.3853464,7.6312013,5.7774937,3.071481,5.0987,4.5581189,4.442201,5.2637435,6.8564611,6.8463779,6.4669899,5.9898276,2.4875595,6.0201634,4.2849272
2019-02-01 00:00:00,730.099368,198.864576,181.7954346,164.2950253,55.8615021,91.3647013,19.5791588,9.2655944,9.0733754,376.958477,104.3461634,93.3453824,80.211177,30.7928061,49.1197257,8.8867278,5.1780844,5.0784102,353.140891,94.5184126,88.4500522,84.0838484,25.068696,42.2449756,10.6924311,4.08751,3.9949652,497.8615183,131.7715738,114.8049118,116.2101088,39.2941529,69.9489169,12.8637854,7.6383444,5.3297242,295.0315834,83.2127121,67.6976611,63.8268889,24.0335851,41.7773902,6.7551886,4.6800913,3.0480661,202.8299349,48.5588618,47.1072507,52.3832199,15.2605678,28.1715267,6.1085968,2.9582531,2.2816581,232.2378497,67.0930021,66.9905228,48.0849165,16.5673492,21.4157844,6.7153734,1.6272501,3.7436512,81.9268936,21.1334513,25.6477213,16.3842881,6.759221,7.3423355,2.1315391,0.4979932,2.0303441,150.310956,45.9595508,41.3428015,31.7006284,9.8081282,14.0734489,4.5838343,1.1292569,1.7133071,5.4048588,4.6730196,5.1261183,6.112586,6.1382143,6.2990614,7.1046036,6.6490574,3.7354732,5.2667666,4.623956,4.9334009,5.7385435,6.3417686,6.2581227,6.1621866,7.0903841,4.1256266,5.5604852,4.7284083,5.3465335,6.5178579,5.905386,6.3473408,8.1391576,6.1630981,3.3346024,5.3406395,4.4679575,4.7277348,6.215635,6.577361,6.8959133,7.3095145,6.7652111,3.0587666,5.0503125,4.5680974,4.3875602,5.5601393,6.1060248,6.3412575,5.9941177,7.3538992,3.0299113,5.8279691,4.3061919
2019-03-01 00:00:00,730.1578216,196.7237833,171.993056,174.6910196,56.4609163,93.9013088,18.9378604,7.4453302,10.0045469,380.3891541,102.8103924,86.5245835,85.3842179,32.2066231,53.7461427,9.0998446,4.1853264,6.4320235,349.7686675,93.913391,85.4684725,89.3068017,24.2542933,40.1551661,9.8380158,3.2600038,3.5725234,493.3281331,132.6367494,108.4454139,123.609229,39.3782459,64.7214769,12.3716401,6.3339296,5.8314484,285.9276554,77.0344239,61.550443,68.1375959,23.5906693,41.2608682,6.6158478,3.7402082,3.9975991,207.4004777,55.6023255,46.8949709,55.4716331,15.7875766,23.4606087,5.7557923,2.5937214,1.8338492,236.8296885,64.087034,63.5476421,51.0817905,17.0826704,29.1798319,6.5662204,1.1114006,4.1730986,94.4614987,25.7759685,24.9741405,17.246622,8.6159537,12.4852745,2.4839969,0.4451182,2.4344244,142.3681898,38.3110655,38.5735016,33.8351685,8.4667167,16.6945574,4.0822235,0.6662824,1.7386742,5.4149019,4.6335232,4.8818462,6.4924258,6.1402091,6.4726333,6.9266572,5.3989355,4.1140167,5.3193727,4.5498002,4.5867722,6.113462,6.6142691,6.8732864,6.3493337,5.7615944,5.2102534,5.5227667,4.7287834,5.221932,6.9014448,5.6066174,6.0041827,7.5627129,4.9952662,2.983751,5.3363186,4.5295123,4.533158,6.6122586,6.5452826,6.489679,7.2068554,5.7795349,3.3398965,4.9319106,4.2322308,4.047851,5.9108054,6.0350701,6.4353013,5.9891092,6.0590013,4.0083468,6.0164472,5.0178348
2019-04-01 00:00:00,712.2751465,193.8847182,174.8492441,159.553952,57.0006077,88.0060213,19.085687,8.271875,11.6230412,369.3762123,95.7044961,90.9514985,84.1776557,30.2783013,49.1509026,8.6828818,4.3380652,6.092411,342.8989343,98.1802221,83.8977456,75.3762963,26.7223064,38.8551187,10.4028052,3.9338098,5.5306302,489.7896331,130.587659,112.919793,119.8852201,39.6437245,62.2283154,12.2101506,6.5274553,5.7873153,280.0381606,72.4556698,65.9910513,66.0445829,23.3133205,37.8438117,6.5860342,3.840003,3.9636872,209.7514725,58.1319892,46.9287417,53.8406372,16.330404,24.3845038,5.6241164,2.6874523,1.8236281,222.4855134,63.2970592,61.9294511,39.6687319,17.3568832,25.7777059,6.8755364,1.7444197,5.8357259,89.3380517,23.2488263,24.9604472,18.1330728,6.9649808,11.3070909,2.0968476,0.4980622,2.1287238,133.1474617,40.0482329,36.9690039,21.5356591,10.3919024,14.470615,4.7786889,1.2463575,3.7070021,5.2731897,4.5340938,4.9748789,5.9587286,6.1727315,6.0490138,6.9046924,5.9963064,4.7178609,5.1720657,4.2122992,4.8900924,6.0376346,6.2297188,6.2549305,5.9777525,6.0444788,4.8065404,5.3866414,4.8989039,5.0701788,5.8730117,6.1094078,5.8071797,7.9312104,5.944066,4.623886,5.3126376,4.4489781,4.7535515,6.5136495,6.5624735,6.1828455,7.1355142,5.9478304,3.2757925,4.866835,4.0077763,4.4178303,5.8104498,5.9525699,5.8264159,5.9286358,6.2266048,3.8934006,6.0528727,5.1565117
2019-05-01 00:00:00,690.892408,195.7680875,157.3245271,164.6747975,51.0477422,85.9743234,17.3320737,8.4603361,10.3105205,363.0392431,103.3579176,81.3958672,86.1292497,29.0207495,46.0062474,8.2487686,4.3008083,4.5796348,327.8531649,92.4101699,75.9286598,78.5455478,22.0269928,39.9680759,9.0833051,4.1595279,5.7308857,477.6688281,132.9995093,102.9494641,123.4626555,34.9643633,58.2802776,12.3055771,6.9509512,5.7560299,282.1966817,81.5991985,59.543337,70.2102998,20.8596903,36.8411662,6.1662365,3.8408374,3.135916,195.4721464,51.4003108,43.4061272,53.2523558,14.104673,21.4391114,6.1393406,3.1101138,2.6201139,213.2235799,62.7685782,54.3750629,41.212142,16.0833789,27.6940458,5.0264966,1.5093849,4.5544906,80.8425615,21.7587191,21.8525303,15.9189499,8.1610591,9.1650812,2.0825321,0.4599708,1.4437188,132.3810185,41.0098591,32.5225326,25.293192,7.9223198,18.5289646,2.9439645,1.0494141,3.1107718,5.0938325,4.5487018,4.4592137,6.1058032,5.5557149,5.8977215,6.3259906,6.1384106,4.1913677,5.0461961,4.4873404,4.336275,6.1334962,6.0341635,5.833265,5.7767442,6.0079953,3.6447332,5.1476417,4.6193516,4.598989,6.0757224,5.0302309,5.973702,6.9238167,6.2793459,4.7621097,5.180576,4.5059298,4.3419552,6.6544465,5.9122342,5.8499299,7.3387865,6.3930151,3.2284002,4.8681612,4.4241019,3.9509024,6.1234034,5.4921358,5.6840292,5.6980659,6.3184232,3.0828998,5.7095517,4.6422385
2019-06-01 00:00:00,689.5427824,195.4574157,161.5173506,169.0378813,53.5297141,77.0309946,18.3866681,8.261742,6.321016,359.5805966,98.2787176,82.1629539,87.7310609,30.3301225,43.7568643,9.2996448,4.6747118,3.3465207,329.9621858,97.1786981,79.3543967,81.3068204,23.1995916,33.2741303,9.0870232,3.5870302,2.9744953,474.5567213,132.7834442,106.5370398,115.8597719,37.8825068,56.9328,13.9686881,7.0402455,3.5522251,273.4481897,77.1042269,58.1681292,65.9556985,23.2807006,35.1600243,7.7220552,4.1656223,1.8917326,201.1085316,55.6792173,48.3689106,49.9040734,14.6018062,21.7727756,6.2466329,2.8746231,1.6604925,214.9860611,62.6739716,54.9803108,53.1781094,15.6472074,20.0981947,4.4179799,1.2214965,2.7687908,86.1324069,21.1744908,23.9948247,21.7753624,7.0494219,8.59684,1.5775896,0.5090895,1.4547881,128.8536542,41.4994808,30.9854861,31.402747,8.5977855,11.5013547,2.8403903,0.7124071,1.3140028,5.0944752,4.5582359,4.5848621,6.2975171,5.8309343,5.2765711,6.7059687,5.8781183,2.5546477,5.0164324,4.3002531,4.3892952,6.2736356,6.3426897,5.5303674,6.5148862,6.4408352,2.6224654,5.1823361,4.8526539,4.8066019,6.3234903,5.2745578,4.9762583,6.9134868,5.2772551,2.4824224,5.1382712,4.4630783,4.5167243,6.232876,6.4015697,5.7454915,8.2022944,6.2786365,1.9969016,4.72539,4.1927332,3.9032301,5.7209089,6.106333,5.4304994,7.0151133,6.6677155,1.8298379,5.8310211,4.9006619
2019-07-01 00:00:00,702.0398355,190.6742254,167.5155296,162.7115603,63.212762,83.3655271,17.3816169,8.7576793,8.4209349,374.0339553,95.0996376,83.6575437,88.6467976,37.5761383,50.4253545,9.6052525,4.7608,4.2624311,328.0058802,95.5745878,83.8579859,74.0647626,25.6366237,32.9401726,7.7763644,3.9968793,4.1585038,508.4389309,140.1281631,116.2453276,123.53483,41.5497835,61.742444,12.9669827,7.0250178,5.2463821,292.8795312,77.3324478,61.8662908,71.1578931,26.5969611,40.8700617,8.2528193,4.0088218,2.7942355,215.5593997,62.7957153,54.3790368,52.3769368,14.9528224,20.8723822,4.7141634,3.0161961,2.4521466,193.6009046,50.5460623,51.270202,39.1767303,21.6629784,21.6230831,4.4146342,1.7326615,3.1745528,81.1544241,17.7671898,21.7912529,17.4889045,10.9791772,9.5552927,1.3524331,0.7519782,1.4681956,112.4464805,32.7788725,29.4789491,21.6878258,10.6838013,12.0677904,3.062201,0.9806832,1.7063571,5.1845233,4.4543758,4.7535061,6.0235218,6.863895,5.7175614,6.3675122,6.3424193,3.4358383,5.2115127,4.1664001,4.4706153,6.2679223,7.813934,6.3980252,6.7071546,6.6396411,3.4092069,5.1540856,4.7833514,5.0737976,5.7549435,5.8257159,4.9170194,5.9926801,6.0213569,3.4635706,5.4438848,4.6580612,4.8423874,6.5744375,6.966834,6.1644871,7.5536054,6.5062642,3.0129442,5.0350544,4.1963227,4.113382,6.0989568,6.9815096,6.2623677,7.5841691,6.5649063,2.8018911,6.1189363,5.3881946
2019-08-01 00:00:00,712.883217,185.8398965,174.6274001,167.1559415,65.4901587,82.8930223,18.2218594,8.6491398,10.0057987,383.6865738,97.2735077,89.2532264,96.1225991,36.2071795,45.2750208,10.2128319,4.7626511,4.5795573,329.1966432,88.5663888,85.3741737,71.0333424,29.2829792,37.6180015,8.0090275,3.8864887,5.4262414,484.7700051,127.3207961,110.5489249,118.8095653,44.1050131,58.0195504,12.6774265,6.4610982,6.8276305,288.524528,77.0864774,60.3332927,73.7047571,25.9610052,35.8554788,7.9393935,3.906972,3.7371513,196.2454771,50.2343187,50.2156322,45.1048082,18.144008,22.1640716,4.738033,2.5541262,3.0904792,228.1132119,58.5191004,64.0784752,48.3463762,21.3851456,24.8734719,5.5444329,2.1880416,3.1781682,95.1620458,20.1870303,28.9199337,22.417842,10.2461743,9.419542,2.2734384,0.8556791,0.842406,132.9511661,38.3320701,35.1585415,25.9285342,11.1389712,15.4539299,3.2709945,1.3323625,2.3357622,5.2664608,4.3536104,4.936762,6.2079595,7.1105562,5.6914651,6.652853,6.2193459,4.0456977,5.3555633,4.2621624,4.7763702,6.8205486,7.6035277,5.7489858,7.1576244,6.6534907,3.632589,5.1662801,4.4586799,5.1163777,5.5352183,6.582841,5.6237443,6.1039411,5.7588633,4.4752212,5.260847,4.3085453,4.6779229,6.370661,7.3595621,5.9116957,7.5762518,5.9759138,3.8954856,5.0005035,4.2001459,4.0642889,6.3579405,6.8597502,5.5674982,7.4248665,6.4496019,3.7046537,5.6969168,4.486218
2019-09-01 00:00:00,690.288659,188.4443279,164.1604367,165.8923079,54.5903701,82.3129277,16.8058508,9.657665,8.4247731,383.1020057,98.9748149,85.8759992,102.237842,30.7586665,46.3764814,9.1184723,5.302803,4.4569264,307.1866533,89.4695129,78.2844375,63.6544658,23.8317035,35.9364463,7.6873784,4.354862,3.9678467,464.2620066,129.6000833,97.296908,117.0580603,38.9226371,55.3710504,11.9485091,8.2170847,5.8476737,286.1316209,76.9752894,58.7440941,77.1959853,23.3988448,34.4299304,7.3558336,4.8645005,3.1671428,178.1303857,52.6247939,38.5528139,39.862075,15.5237923,20.9411199,4.5926755,3.3525842,2.6805309,226.0266524,58.8442446,66.8635287,48.8342476,15.667733,26.9418773,4.8573417,1.4405803,2.5770994,96.9703848,21.9995255,27.1319051,25.0418567,7.3598218,11.946551,1.7626387,0.4383025,1.2897836,129.0562676,36.844719,39.7316236,23.7923908,8.3079112,14.9953263,3.094703,1.0022778,1.2873158,5.0863237,4.4059772,4.6377503,6.0988825,5.9804147,5.6622808,6.1151858,6.7633051,3.3617495,5.3424101,4.3478415,4.5801419,7.1875932,6.5054576,5.9438256,6.3844694,7.2515356,3.4778442,4.7994114,4.4721278,4.7026354,4.9054659,5.4162239,5.3360931,5.8238211,6.2508399,3.2402535,5.0208069,4.3414563,4.1199446,6.3040769,6.5468032,5.621072,6.9785923,7.3132195,3.249636,4.9466068,4.1647564,3.9385831,6.6903271,6.2685734,5.3699948,6.660453,7.8066412,3.0564749,5.1447695,4.6287115
2019-10-01 00:00:00,686.3439166000001,199.7247776,159.8564995,162.8301902,53.9488282,78.1239345,15.5663638,9.0337023,7.2596206,371.6718717,106.8437215,79.862343,97.3897204,29.2414841,41.9638595,8.1312543,4.6868816,3.5526073,314.6720449,92.8810561,79.9941565,65.4404698,24.7073441,36.1600751,7.4351094,4.3468207,3.7070133,464.1742089,134.1244185,106.4440113,116.6785397,38.2654499,45.7997059,10.667572,7.4747656,4.7197459,278.0932878,76.1454688,61.3469795,75.9300947,23.7507564,28.0663662,6.1346433,4.0801468,2.6388322,186.0809211,57.9789497,45.0970318,40.748445,14.5146935,17.7333398,4.5329287,3.3946188,2.0809137,222.1697077,65.600359,53.4124882,46.1516505,15.6833783,32.3242286,4.8987918,1.5589367,2.5398747,93.5785839,30.6982526,18.5153635,21.4596257,5.4907277,13.8974933,1.9966111,0.6067348,0.9137751,128.5911238,34.9021064,34.8971246,24.6920247,10.1926506,18.4267353,2.9021807,0.9522019,1.6260996,5.0724142,4.6899874,4.5133102,6.0184768,5.9729171,5.3448488,5.6635791,6.4664366,2.9566202,5.2091843,4.7233441,4.2878492,6.9083937,6.2198736,5.3090308,5.6514112,6.6137271,2.8343441,4.9198425,4.6521943,4.7633616,5.0502971,5.7048423,5.3870263,5.6769463,6.3148012,3.0841304,5.028047,4.5192309,4.4759042,6.2815419,6.511917,4.6348555,6.2545867,6.8705336,2.727061,4.820434,4.1740947,4.0759575,6.5718973,6.3203099,4.373563,5.6769869,6.7670799,2.679715,5.3739468,5.0697727
2019-11-01 00:00:00,654.1221988,185.5304587,152.7811568,148.7724081,56.2528962,78.6430663,16.3444439,8.549426,7.2483428,351.2937655,102.2652817,79.0733625,81.5853931,28.8306561,42.9311317,8.2085953,4.7515304,3.6478148,302.8284333,83.265177,73.7077943,67.1870149,27.4222401,35.7119346,8.1358486,3.7978957,3.600528,457.8702608,127.0145998,105.0462483,108.1803621,40.4701682,54.1083503,11.8829103,6.6700227,4.4975991,271.9933521,76.8264002,58.0598969,68.5900748,22.7611109,33.0405816,6.6555849,3.8894125,2.1702902,185.8769087,50.1881997,46.9863514,39.5902872,17.7090573,21.0677687,5.2273254,2.7806102,2.3273088,196.251938,58.5158589,47.7349085,40.592046,15.782728,24.5347159,4.4615336,1.8794033,2.7507437,79.3004135,25.4388815,21.0134656,12.9953183,6.0695451,9.8905501,1.5530105,0.8621178,1.4775245,116.9515246,33.0769774,26.7214429,27.5967277,9.7131829,14.6441658,2.9085232,1.0172855,1.2732192,4.8141541,4.3613098,4.2908734,5.4752975,6.1528503,5.351072,5.8484638,6.0604116,2.8849704,4.908766,4.5278702,4.2139161,5.7758878,6.1364173,5.419377,5.6020379,6.5564214,2.8525659,4.7088698,4.1727849,4.3766205,5.1498521,6.1702225,5.2712041,6.120085,5.5363995,2.9185601,4.9260208,4.2625863,4.4014727,5.7938283,6.8132604,5.4017347000000004,6.6842386,6.0139516,2.5405037,4.6946772,4.1809265,3.861068,5.9270958,6.1245775,5.1095514,5.8556264,6.2847798,2.1418676,5.3088309,4.3939576
2019-12-01 00:00:00,661.1436338,189.3706825,172.2038451,138.2211962,54.8416197,75.7057883,15.7284145,7.6264513,7.4456363,367.8287522,105.5702421,88.1224191,84.4609786,34.3275687,40.3634163,7.9054979,3.6438617,3.4347679,293.3148817,83.8004404,84.081426,53.7602176,20.514051,35.342372,7.8229166,3.9825896,4.0108684,461.8876461,133.9239577,115.5868126,98.9261353,40.5285734,52.5254754,10.8066584,6.1428052,3.447228,275.2269072,81.5240717,61.0248454,63.4705573,27.285781,31.2955217,5.8850552,3.0198411,1.7212338,186.6607389,52.399886,54.5619672,35.4555781,13.2427924,21.2299537,4.9216032,3.1229641,1.7259942,199.2559878,55.4467248,56.6170324,39.2950609,14.3130462,23.1803129,4.9217561,1.4836461,3.9984084,92.601845,24.0461704,27.0975737,20.9904213,7.0417877,9.0678946,2.0204427,0.6240206,1.7135341,106.6541428,31.4005544,29.5194588,18.3046396,7.2712586,14.1124183,2.9013134,0.8596255,2.2848742,4.826064,4.3918269,4.7560412,5.1008327,5.982633,5.1581657,5.5611415,5.4493498,2.9796165,5.095116,4.6148807,4.621629,5.9843862,7.2456692,5.0874627,5.3519293,5.0891619,2.7030161,4.5263275,4.139758,4.905568,4.1404294,4.6316145,5.241356,5.7898621,5.8266603,3.2658059,4.9100234,4.4331613,4.7301203,5.2777946,6.7414148,5.2436424,6.0933365,5.5266178,1.9512048,4.7308649,4.3987663,4.0353395,5.5246908,7.2012053,4.822768,5.2194481,4.9374919,1.695753,5.200407,4.4877557
2020-01-01 00:00:00,768.8727504,203.6270823,208.4376058,176.4369661,54.2420869,91.8132007,17.3683977,8.5488217,8.3985891,408.939087,115.0560015,100.8946188,97.4330378,28.1206106,50.6543199,8.4828051,4.2583641,4.0393292,359.9336634,88.5710808,107.542987,79.0039283,26.1214763,41.1588808,8.8855926,4.2904576,4.3592599,543.6540116,146.9847845,135.8663161,129.9816356,41.2708814,66.6794182,11.6342197,6.8584434,4.3783126,310.363241,89.5493102,71.4054455,72.1734827,23.0061622,41.9947053,6.0389605,3.8841418,2.3110329,233.2907705,57.4354744,64.4608705,57.808153,18.2647192,24.6847129,5.5952592,2.9743016,2.0672797,225.2187388,56.6422978,72.5712897,46.4553305,12.9712055,25.1337824,5.734178,1.6903783,4.0202765,98.5758459,25.5066913,29.4891732,25.2595552,5.1144484,8.6596146,2.4438446,0.3742223,1.7282962,126.6428928,31.1356065,43.0821165,21.1957753,7.8567571,16.4741678,3.2903334,1.3161561,2.2919802,5.6823158,4.8199882,5.8213934,6.5426215,6.0257671,6.2757536,6.1797431,6.2566225,3.3835533,5.7338107,5.1364615,5.3418541,6.9639573,5.9754461,6.4256812,5.771839,6.0407091,3.1596393,5.6249208,4.4627996,6.3567635,6.0883366,6.0808952,6.1005731,6.6268419,6.4867442,3.6213528,5.8034369,4.9076522,5.5740656,6.9161388,6.9949181,6.6672065,6.6446622,6.2734365,2.4139659,5.3522202,4.9003866,4.6748449,6.3166089,6.1576232,6.4445063,5.4596213,6.3727461,2.2109372,6.5365529,4.9190233
2020-02-01 00:00:00,760.4604413,213.8851982,206.6984344,167.8794032,57.1676965,81.2034924,14.9727067,10.2615687,8.3919412,401.9918744,111.162255,105.8069021,94.4064796,30.5824175,43.2951633,8.1718777,5.3138111,3.2529681,358.4685669,102.7229432,100.8915323,73.4729236,26.585279,37.9083291,6.800829,4.9477576,5.138973,507.3634825,150.4948511,123.4960313,113.1302437,39.9870938,57.5875437,10.0606404,8.1208479,4.4862305,296.875449,88.7523526,72.1147203,65.4569259,23.3374647,35.0863401,5.8561711,4.4065247,1.8649497,210.4880334,61.7424985,51.3813111,47.6733178,16.6496291,22.5012036,4.2044693,3.7143232,2.6212808,253.0969588,63.390347,83.2024031,54.7491595,17.1806027,23.6159487,4.9120663,2.1407208,3.9057106,105.1164253,22.4099024,33.6921819,28.9495537,7.2449528,8.2088233,2.3157066,0.9072864,1.3880184,147.9805335,40.9804447,49.5102213,25.7996059,9.9356499,15.4071255,2.5963597,1.2334343,2.5176922,5.5334908,4.982252,5.7137765,6.1201524,6.196065,5.4655881,5.2487602,7.3034589,3.2884973,5.5567663,4.8795166,5.5492857,6.6416881,6.4161198,5.4024395,5.4549054,7.3697289,2.5398664,5.5076202,5.0984151,5.8970932,5.5592395,5.9608853,5.5395406,5.0207699,7.2336007,4.0427934,5.3783248,4.9552604,5.0509485,6.0416389,6.6917,5.7109027,5.6946224,7.2849217,2.4274638,5.0630708,4.7605046,4.6848943,5.7132785,6.1723721,5.3688177,5.1556286,7.1047409,1.7434337,5.8961224,5.2648749
2020-03-01 00:00:00,756.9447892,219.7509967,194.9430151,161.3139788,60.2924004,87.0289876,14.2693058,10.1183613,9.2277434,395.0360307,123.5367658,92.3149018,85.5650944,32.0649342,43.2325586,8.3773147,5.6237396,4.3207216,361.9087585,96.2142309,102.6281133,75.7488845,28.2274662,43.796429,5.8919911,4.4946216,4.9070219,519.3109298,158.5601534,112.4135522,117.2882075,45.8107301,60.6503698,10.3894023,8.3196616,5.8788531,295.7457465,94.2722839,59.783625,68.7246218,25.4116585,33.3231534,6.4828357,4.8963275,2.8512406,223.5651833,64.2878695,52.6299272,48.5635857,20.3990716,27.3272164,3.9065665,3.423334,3.0276125,237.6338594,61.1908433,82.5294629,44.025771399999996,14.4816703,26.3786179,3.8799035,1.7986997,3.3488904,99.2902842,29.2644819,32.5312768,16.8404726,6.6532757,9.9094052,1.894479,0.7274121,1.469481,138.3435752,31.9263614,49.9981861,27.1852988,7.8283947,16.4692127,1.9854245,1.0712876,1.8794094,5.5284613,5.1209546,5.4208862,5.9456243,6.4891721,5.8679618,5.0729243,7.1291908,3.6072476,5.4795897,5.435173,4.8675606,6.0653459,6.6724581,5.4205517,5.639263,7.725288,3.3342655,5.5828113,4.7670966,6.0383209,5.8159489,6.2928149,6.3884748,4.439071,6.501497,3.8874954,5.5669215,5.2432187,4.6994392,6.3566503,7.6058516,6.0837838,6.003795,7.4800527,3.1998335,5.0989216,5.0931167,3.9587537,6.0403269,6.7200057,5.1601942,5.8489517,7.9102935,2.7257486,6.3362546,5.4800518
2020-04-01 00:00:00,841.841387,258.6710901,211.7822919,183.1708636,63.9754196,86.8552883,16.8552328,10.0904467,10.440754,457.7429947,136.9545271,113.5391637,102.5425276,41.2345679,43.5550726,9.6199298,5.2455465,5.0516595,384.0983923,121.716563,98.2431283,80.628336,22.7408517,43.3002157,7.235303,4.8449002,5.3890945,628.2273152,201.8041039,146.0052522,138.590478,47.4131051,67.9841579,12.0726885,8.0853239,6.2722057,363.3467458,112.4008596,83.4167394,83.7334329,32.022193,36.6571604,7.810057,4.2571907,3.0491128,264.8805694,89.4032443,62.5885128,54.8570451,15.3909121,31.3269976,4.2626314,3.8281332,3.2230929,213.6140718,56.8669862,65.7770398,44.5803856,16.5623145,18.8711303,4.7825443,2.0051228,4.1685483,94.3962488,24.5536675,30.1224243,18.8090947,9.2123748,6.8979122,1.8098728,0.9883558,2.0025467,119.2178229,32.3133187,35.6546155,25.7712909,7.3499396,11.9732181,2.9726716,1.016767,2.1660016,6.3828178,6.2643871,6.0903101,7.0445779,7.1361034,6.1106017,6.1012817,7.2656726,4.1865177,6.5393917,6.2211847,6.127584,7.4996824,8.8401804,5.6736466,6.5988481,7.372754,3.9745847,6.2057437,6.313721,6.0477936,6.5398554,5.2878488,6.62373,5.5453435,7.1531888,4.4067833,6.8332124,6.8146978,6.1154554,7.6523407,8.0862059,6.9040761,7.1291049,7.3785569,3.4107174,6.3489231,6.14725,5.5664012,7.4733653,8.7015208,5.7969358,7.0770125,7.0676432,2.9167453,7.6317596,7.8920066
2020-05-01 00:00:00,893.9868176,255.8157373,226.7388663,196.3445191,68.1501593,109.0863208,16.7877761,11.3779053,9.6855335,474.0923257,134.208014,121.1548794,106.2873027,37.7690599,54.7555702,9.0032236,6.1430951,4.7711809,419.8944919,121.6077232,105.5839869,90.0572164,30.3810994,54.3307506,7.7845526,5.2348102,4.9143526,665.0953546,193.382456,170.0817063,148.6186899,48.4256373,75.4841668,12.2372945,9.4418856,7.4235184,381.5529643,111.7501683,96.8311229,84.1994855,27.6626386,43.7234457,7.7292182,5.1161169,4.5407683,283.5423902,81.6322876,73.2505833,64.4192044,20.7629987,31.7607211,4.5080764,4.3257686,2.8827501,228.8914631,62.4332813,56.65716,47.7258292,19.7245221,33.602154,4.5504816,1.9360197,2.2620151,92.5393614,22.4578457,24.3237565,22.0878172,10.1064213,11.0321245,1.2740054,1.0269782,0.2304126,136.3521017,39.9754356,32.3334036,25.638012,9.6181008,22.5700295,3.2764762,0.9090415,2.0316025,6.8659073,6.2775734,6.5943476,7.7003119,7.6726156,7.6934639,6.3216796,8.1585099,3.9335327,6.8583014,6.170579,6.6141899,7.9546551,8.1254374,7.1383351,6.4063388,8.6267977,3.7815047,6.8745152,6.4000449,6.5717252,7.4202958,7.1754914,8.3477191,6.2265153,7.6699243,4.0933016,7.270056,6.6383245,7.0973945,8.2672146,8.273592,7.5968331,7.2485519,8.6761379,4.0206335,6.705203,6.212455,6.4647519,7.609208,7.4546357,6.8372443,7.0189518,8.5608967,4.2530936,8.1995592,7.3257954
2020-06-01 00:00:00,957.4946199,276.6174144,246.5785808,204.1759089,76.0972777,114.4708356,18.7095909,10.0001604,10.8448512,504.693671,146.4626229,124.6388833,113.1134613,38.8444884,60.3510414,10.4873245,4.6535606,6.1422886,452.8009489,130.1547915,121.9396976,91.0624477,37.2527893,54.1197941,8.2222664,5.3465998,4.7025626,712.0031077,208.4113949,183.6913427,156.3881532,54.9539063,80.2846949,12.7118941,7.9702093,7.5915123,399.163167,118.6308645,94.5504074,90.0320686,31.1348909,48.6091101,7.6727186,3.6583305,4.8747764,312.8399407,89.7805304,89.1409353,66.3560846,23.8190154,31.6755848,5.0391756,4.3118787,2.7167359,245.4915122,68.2060195,62.8872382,47.7877558,21.1433714,34.1861406,5.9976967,2.0299511,3.2533389,105.530504,27.8317584,30.0884759,23.0813927,7.7095975,11.7419313,2.8146059,0.9952301,1.2675122,139.9610082,40.3742612,32.7987623,24.706363,13.4337739,22.4442093,3.1830908,1.034721,1.9858267,7.210689,6.6319396,7.0922355,7.8083426,8.3761274,7.9430071,6.8595279,7.1254408,4.2780541,7.1913517,6.6081782,6.7455005,8.2899436,8.2377819,7.8046047,7.2548083,6.5337311,4.7657404,7.2323655,6.6588835,7.4855268,7.2827985,8.5254209,8.1032506,6.4138019,7.7351516,3.7736615,7.7671458,7.1034617,7.71194,8.5989657,9.3365398,8.1828077,7.5343403,7.374066,4.0860917,7.0173165,6.5539904,6.3398814,8.1021335,8.4433531,7.6903099,7.0594793,6.1896279,4.5555897,8.9932793,7.9884037
2020-07-01 00:00:00,982.2628854,299.2619005,231.5152682,222.0652574,71.6608515,116.2793883,17.8939579,11.8308775,11.7553842,521.6569869,161.683896,116.5718763,121.5771248,39.1590179,60.1406369,9.0932178,6.5028795,6.9283376,460.6058985,137.5780044,114.9433918,100.4881326,32.5018337,56.1387514,8.80074,5.327998,4.8270466,718.1516686,229.8089211,163.3329907,165.2436435,50.7855908,79.7640398,12.1821759,9.1982322,7.8360746,412.2232207,133.8429893,88.6931518,94.1777283,30.0843473,47.7048438,6.9326343,5.2507266,5.5367993,305.928448,95.9659318,74.639839,71.0659152,20.7012435,32.059196,5.2495416,3.9475056,2.2992753,264.1112168,69.4529794,68.1822774,56.8216139,20.8752607,36.5153485,5.711782,2.6326452,3.9193096,109.4337662,27.8409068,27.8787245,27.3993965,9.0746705,12.4357931,2.1605836,1.2521529,1.3915384,154.6774505,41.6120726,40.3035529,29.4222174,11.8005902,24.0795554,3.5511985,1.3804923,2.5277712,7.3328161,7.0736072,6.6903177,8.3355682,7.8932418,7.9696923,6.4452253,8.3859126,4.6167074,7.3642125,7.1874225,6.3397341,8.7366564,8.2655465,7.6877716,6.2457377,9.0272553,5.3240262,7.29758,6.9443727,7.0878232,7.8969458,7.4869342,8.2955881,6.6651849,7.7167799,3.8773455,7.7616192,7.7026984,6.9580436,8.8774022,8.5570264,7.9936707,7.1748973,8.3638165,4.1412602,7.1933008,7.3118887,6.0019072,8.3645139,8.0784895,7.4264432,6.2421863,8.6220697,5.0437375,8.6863455,8.3231409
2020-08-01 00:00:00,914.6506642,273.2626755,241.7732353,191.1261794,69.5190076,100.2554629,18.2752138,8.7786681,11.6602216,495.3515815,149.0961478,120.5911193,114.4523877,37.6334703,51.48974,11.2568199,4.6236701,6.2082263,419.2990827,124.1665277,121.182116,76.6737917,31.8855374,48.7657229,7.0183938,4.154998,5.4519953,678.121371,213.6472446,176.3486182,139.460723,49.7901339,71.5857962,12.8888023,7.1098288,7.2902239,405.4510595,127.9117122,97.5043353,90.164162,29.6531253,43.2640091,8.4901362,3.81307,4.6505094,272.6703114,85.7355324,78.8442829,49.296561,20.1370086,28.3217871,4.3986661,3.2967588,2.6397144,236.5292933,59.6154309,65.4246171,51.6654564,19.7288737,28.6696667,5.3864114,1.6688393,4.3699977,89.900522,21.1844357,23.086784,24.2882257,7.9803449,8.2257309,2.7666838,0.8106001,1.5577169,146.6287713,38.4309952,42.3378331,27.3772307,11.7485288,20.4439358,2.6197277,0.8582392,2.8122808,6.8184592,6.4487526,7.087548,7.083295,7.5923093,6.813237,6.4954229,6.2309278,4.5194705,7.0016949,6.6379414,6.6565116,8.1746017,7.9156362,6.50255,7.5390145,6.4725044,4.8173175,6.6139752,6.2353571,7.575714,5.9063022,7.243119,7.1752134,5.3153121,5.9824554,4.2222083,7.4080322,7.2053528,7.6091097,7.6430879,8.3788132,7.2741808,7.5595329,6.5403491,3.858615,7.109513,7.009522,6.6841161,7.9848665,7.9423024,6.7652285,7.6498886,6.3795331,4.3643062,7.9013591,7.5187445
2020-09-01 00:00:00,900.834959,289.6208513,219.340798,194.5272401,60.3911951,97.5619912,21.1242866,8.2162697,10.0523269,500.5160364,169.6033799,107.6382552,114.7000737,31.7895538,54.4009256,12.5747713,4.0677164,5.7413605,400.3189226,120.0174714,111.7025428,79.8271664,28.6016413,43.1610656,8.5495153,4.1485534,4.3109664,668.5102388,221.3646064,165.4075457,144.4219271,42.7067299,66.3967863,14.4123817,6.4322032,7.3680586,410.4253155,143.513041,91.3442228,95.1139469,23.6068967,39.684296,8.9592373,3.0990589,5.1046159,258.0849233,77.8515655,74.063323,49.3079801,19.0998332,26.7124902,5.4531443,3.3331443,2.2634427,232.3247202,68.2562449,53.9332523,50.105313,17.6844652,31.165205,6.7119049,1.7840666,2.6842684,90.0907209,26.0903389,16.2940325,19.5861268,8.1826571,14.7166296,3.615534,0.9686575,0.6367446,142.2339993,42.1659059,37.6392198,30.5191863,9.501808,16.4485754,3.0963709,0.8154091,2.0475238,6.7233938,6.7895698,6.5500766,7.1412922,6.6194767,6.6373408,7.5134403,5.8882805,3.9071848,7.0749158,7.4920699,6.0325136,8.115777,6.7050611,6.8947187,8.4256832,5.7522902,4.4147194,6.3301541,5.995175,7.1404014,6.0905122,6.526881,6.3390806,6.4813259,6.0280122,3.3883894,7.323613,7.4422829,7.18574,7.9025221,7.3196191,6.7831242,8.356051,6.0249818,4.0316294,7.2272708,7.8583711,6.3223027,8.4689591,6.4254392,6.1838077,8.0319536,5.2411469,4.8662393,7.482228,6.7804681
2020-10-01 00:00:00,902.5405101,270.0930897,235.4872027,199.7123433,61.3976954,94.8440688,21.4076187,9.4594914,10.139,474.1345268,157.605041,106.6173955,105.8601095,31.0550715,51.8758671,11.3831601,4.8297258,4.9081563,428.4059832,112.4880487,128.8698072,93.8522338,30.3426238,42.9682018,10.0244586,4.6297656,5.2308437,633.3605707,198.4499459,154.9347412,138.9352462,44.2903187,66.7208225,14.8903338,7.5777952,7.5613673,372.3518509,124.8259511,80.8071116,83.6291511,25.2905476,40.6444764,8.6095506,4.0812628,4.4637998,261.0087199,73.6239949,74.1276296,55.3060951,18.999771,26.0763461,6.2807832,3.4965324,3.0975675,269.1799393,71.6431438,80.5524615,60.7770972,17.1073767,28.1232463,6.5172849,1.8816962,2.5776327,101.7826759,32.7790899,25.8102839,22.2309584,5.7645239,11.2313907,2.7736095,0.748463,0.4443565,167.3972634,38.8640538,54.7421776,38.5461388,11.3428528,16.8918556,3.7436754,1.1332332,2.1332762,6.659039,6.3366722,6.8340075,7.2437439,6.6874797,6.3958408,7.5942997,6.6931952,3.8381178,6.6282175,6.9825361,5.7931345,7.4112963,6.4537604,6.5399634,7.6136577,6.760019,3.7180577,6.6934863,5.6096802,8.027247,7.06362,6.9448904,6.2300848,7.572437,6.6248789,3.9580428,6.8988004,6.7469712,6.6277658,7.5426703,7.4454606,6.7218968,8.5955354,7.0045143,3.9610389,6.4913959,6.9201261,5.4497407,7.3353831,6.751044,6.2131669,7.6336933,6.8718756,4.115395,7.5772163,6.47239
2020-11-01 00:00:00,865.6893288,257.5986603,235.704488,184.5746969,56.3797491,91.6270811,21.3467448,8.6045008,9.8534078,440.8967772,140.1665168,109.6596488,96.4434679,28.0721612,45.875172,11.5358147,4.042967,5.1010288,424.7925516,117.4321435,126.0448392,88.131229,28.3075879,45.7519091,9.8109301,4.5615338,4.752379,621.61159,195.4873226,158.7903019,134.6908811,39.7403525,63.2819149,15.5569789,6.860219,7.2036191,356.7022195,115.4656839,84.3827322,80.8616147,21.3696871,36.6166284,9.7387022,3.6167856,4.6503854,264.9093706,80.0216386,74.4075697,53.8292664,18.3706654,26.6652866,5.8182766,3.2434335,2.5532338,244.0777388,62.1113377,76.9141862,49.8838158,16.6393965,28.3451662,5.7897659,1.7442818,2.6497887,84.1945577,24.7008328,25.2769166,15.5818532,6.7024741,9.2585436,1.7971124,0.4261815,0.4506434,159.8831811,37.4105048,51.6372696,34.3019626,9.9369225,19.0866225,3.9926535,1.3181003,2.1991453,6.333425,6.0014448,6.6879498,6.7249924,6.1369946,6.1148571,7.4667708,6.120125,3.7355274,6.1286058,6.1661396,5.8849935,6.7806541,5.8197314,5.7511265,7.640468,5.6472059,3.8470933,6.5610079,5.8160275,7.5887724,6.6651188,6.4877326,6.52889,7.2723748,6.6108032,3.6227596,6.6716535,6.5023333,6.6681698,7.2780796,6.6617958,6.2952433,8.8452658,6.2798197,3.7531633,6.1593056,6.3194616,5.6229781,7.084544,5.6422182,5.5668983,8.4774812,5.8936864,4.2537474,7.5131751,6.7856713
2020-12-01 00:00:00,859.8137029,265.8855768,223.9728973,184.0157882,57.3012703,91.0371338,19.9519107,7.9064005,9.7427251,465.416204,152.0231688,117.7758335,96.4403747,28.4599491,49.6736613,12.4296912,3.621099,4.9924264,394.3974989,113.862408,106.1970638,87.5754135,28.8413212,41.3634725,7.5222195,4.2853015,4.7502987,618.0377451,196.3956078,149.5462205,140.8783242,40.8890558,62.8613621,14.7857791,6.2085102,6.4728853,363.1522072,123.1207639,82.7303493,80.0728196,21.7608366,37.6252283,10.3097876,2.981137,4.5512848,254.8855379,73.2748438,66.8158713,60.8055046,19.1282192,25.2361338,4.4759915,3.2273732,1.9216005,241.7759578,69.4899691,74.4266768,43.137464,16.4122145,28.1757717,5.1661317,1.6978903,3.2698398,102.2639969,28.9024049,35.0454842,16.3675551,6.6991125,12.048433,2.1199036,0.639962,0.4411415,139.511961,40.5875642,39.3811925,26.7699089,9.713102,16.1273387,3.0462281,1.0579283,2.8286982,6.2447519,6.15731,6.3032923,6.6176141,6.1963311,6.0611362,6.9462749,5.622738,3.7212103,6.418203,6.6361698,6.2558798,6.6909859,5.8886688,6.2137913,8.1903787,5.025961,3.8353511,6.0517542,5.6162257,6.3567219,6.5386546,6.5331519,5.88744,5.5525951,6.2498123,3.6083515,6.5387538,6.4878887,6.2078861,7.4004519,6.6883013,6.1845592,8.1520897,5.7148044,3.3296333,6.2141627,6.7020289,5.4686275,6.9076546,5.6781306,5.6677602,8.8676707,4.9057297,4.1093973,7.0645036,6.1573212
2021-01-01 00:00:00,923.5091528,271.2834324,243.478973,200.3083579,67.9562687,101.2825425,18.0522112,8.5162116,12.6311555,494.7895177,142.480595,127.8973757,109.5994865,36.4049195,57.9116097,9.9042478,4.0385155,6.552768,428.7196351,128.8028374,115.5815973,90.7088714,31.5513492,43.3709328,8.1479633,4.4776962,6.0783875,656.5416666,198.7249219,164.6021038,147.7234487,47.6190393,70.4034584,12.2636658,6.4962877,8.708741,375.5861668,108.8322221,94.3383655,84.6115854,26.4724397,45.2317918,7.7276828,3.2145539,5.1575257,280.9554998,89.8926997,70.2637383,63.1118633,21.1465996,25.1716666,4.535983,3.2817339,3.5512154,266.9674862,72.5585105,78.8768692,52.5849092,20.3372294,30.8790841,5.7885453,2.0199239,3.9224145,119.2033509,33.6483729,33.5590102,24.9879011,9.9324798,12.6798179,2.176565,0.8239616,1.3952424,147.7641353,38.9101377,45.317859,27.5970081,10.4047496,18.1992662,3.6119803,1.1959623,2.5271721,6.8049811,6.4244228,6.8833739,7.2865192,7.4912213,6.8723482,6.3527915,6.0695743,4.9192575,6.8865861,6.3427102,6.805424,7.6430666,7.5795015,7.3082028,6.5877249,5.592874,5.0457915,6.7131715,6.5173006,6.9717376,6.8977296,7.3918822,6.3654433,6.0888445,6.5750202,4.7897696,7.0134501,6.6578852,6.8220679,7.858345,7.9168221,7.0576287,6.7620656,5.8537529,4.5269148,6.495494,6.005794,6.2670596,7.367104,6.9918835,6.950062,6.635352,5.2479377,4.7237771,7.8502818,7.6655455
2021-02-01 00:00:00,870.8068673,261.4560331,220.2881832,186.3908121,67.2961233,95.9250482,17.5353845,8.9870767,12.9282062,467.8186788,145.4092678,111.1599234,100.284398,35.8986442,55.4081753,9.553337,3.9303256,6.1746076,402.9881886,116.0467652,109.1282598,86.1064142,31.3974791,40.5168729,7.9820476,5.0567512,6.7535986,612.3826533,183.7190488,147.7458661,135.6450249,48.0516475,69.0742738,11.6543669,7.4476359,9.0447893,359.9370883,109.5722411,81.8854772,80.0970149,27.9117974,43.9743227,7.80641,3.3545837,5.3352414,252.445565,74.1468078,65.860389,55.5480099,20.1398502,25.0999511,3.8479569,4.0930523,3.7095479,258.424214,77.7369843,72.542317,50.7457873,19.2444758,26.8507743,5.8810177,1.5394408,3.8834169,107.8815905,35.8370268,29.2744462,20.187383,7.9868469,11.4338526,1.746927,0.5757419,0.8393662,150.5426236,41.8999575,43.2678708,30.5584042,11.2576289,15.4169218,4.1340907,0.9636989,3.0440507,6.3008984,6.0455581,6.139979,6.6698979,7.2311177,6.4412654,6.0271385,6.3301447,4.962151,6.4256448,6.3464112,5.8794051,6.9150293,7.3421668,6.9166028,6.2060084,5.3951439,4.6929791,6.1620246,5.7065877,6.4302728,6.4054427,7.1081947,5.8879053,5.8261606,7.3155448,5.236762,6.4240436,6.0682784,6.0263949,6.9968877,7.8271835,6.8247108,6.3805054,6.6409945,4.6619934,6.1292628,5.9725913,5.3925201,6.7801591,7.2646324,6.6254095,6.5737208,5.3939898,4.8890294,6.896987,6.2154317
2021-03-01 00:00:00,828.4662451,249.1275851,227.7886099,174.3093517,60.5575941,78.8137242,17.6017893,10.0857594,10.1818314,446.8480192,135.7329366,118.653024,96.8624062,32.5623871,43.135224,9.4405593,4.8616882,5.5997938,381.6182259,113.3946485,109.1355859,77.4469455,27.9952071,35.6785001,8.16123,5.2240712,4.5820376,568.3616475,171.5308778,150.4156507,125.1544563,41.4832818,51.8463194,12.7661068,7.6976995,7.4672552,333.2009525,98.3431678,85.1074301,74.8678729,25.3982652,33.4780312,7.8271315,3.8778518,4.3012019,235.1606951,73.18771,65.3082205,50.2865834,16.0850166,18.3682882,4.9389754,3.8198477,3.1660533,260.1045976,77.5967073,77.3729592,49.1548953,19.0743123,26.9674047,4.8356825,2.38806,2.7145762,113.6470668,37.3897688,33.5455938,21.9945332,7.1641218,9.6571928,1.6134278,0.9838364,1.298592,146.4575308,40.2069385,43.8273654,27.1603621,11.9101905,17.3102119,3.2222547,1.4042235,1.4159843,6.0038065,5.769706,6.3605817,6.2585114,6.5682205,5.242888,6.0367857,7.1037074,3.9778012,6.1610847,5.9786119,6.2780905,6.6784221,6.7781259,5.3637448,6.1113117,6.7417315,4.2774563,5.8295546,5.5380722,6.4527619,5.8022337,6.3398573,5.1038522,5.952813,7.4773297,3.6640996,6.0802211,5.755138,6.2372653,6.655022,6.8557258,5.2484192,6.9441727,6.9983506,3.9656762,5.764065,5.4693897,5.656444,6.4638735,6.7002385,5.1095268,6.6060824,6.3258766,4.0702134,6.5925738,6.1896661
2021-04-01 00:00:00,762.1959336,232.8616025,196.720672,167.2263309,54.9203693,75.3161524,17.8617912,7.9134004,9.3756148,410.0602648,132.3348844,98.1831816,91.6082738,26.9607435,41.8032088,9.4383259,4.2387296,5.4929172,352.1356688,100.526718,98.5374904,75.6180571,27.9596258,33.5129437,8.4234653,3.6746708,3.8826976,522.5384208,159.203292,122.6789689,122.2124621,36.1583894,55.4629976,12.64186,6.4096683,7.7707825,307.6807075,97.1295502,69.1098078,70.9073685,20.6301712,34.0665917,7.4411489,3.6243956,4.7716736,214.8577134,62.0737417,53.5691611,51.3050936,15.5282182,21.3964059,5.2007111,2.7852727,2.9991089,239.6575128,73.6583105,74.0417031,45.0138689,18.7619799,19.8531548,5.2199312,1.5037321,1.6048323,102.3795573,35.2053342,29.0733739,20.7009054,6.3305723,7.736617,1.997177,0.614334,0.7212435,137.2779554,38.4529763,44.9683293,24.3129635,12.4314076,12.1165378,3.2227542,0.8893981,0.8835887,5.5595532,5.4370323,5.5554138,6.0326367,5.8958334,5.0443146,6.1492464,5.6161703,3.6379814,5.6765213,5.8357036,5.2681652,6.3093099,5.5811724,5.2339235,6.1533641,5.8295899,4.1425169,5.4292772,4.9884139,5.8745755,5.7283227,6.2347863,4.8262245,6.1446391,5.3886132,3.1032731,5.6138742,5.3767167,5.1623641,6.4700881,5.9506931,5.5767969,6.949585,5.8527221,4.1306976,5.3422572,5.3816888,4.6779878,6.1092637,5.4401981,5.2138888,6.432527,5.9035998,4.4638722,6.0547078,5.368955
2021-05-01 00:00:00,692.7251367,218.1415012,165.6340888,151.5431926,53.836561,69.4278186,16.3531247,8.3910689,9.397781,379.9316113,130.0412145,78.7977468,87.722918,28.6811723,36.5040198,8.7091708,4.1621739,5.3131952,312.7935254,88.1002866,86.836342,63.8202746,25.1553887,32.9237988,7.6439539,4.228895,4.0845858,481.9556684,161.5062351,101.8234817,108.6710174,40.6599258,45.7853902,10.1149423,6.7012245,6.6934513,289.7239743,103.899944,52.5284969,68.1322064,24.3545381,27.5254765,5.8696499,3.4789949,3.9346675,192.2316941,57.6062911,49.2949848,40.538811,16.3053877,18.2599138,4.2452924,3.2222296,2.7587838,210.7694683,56.6352661,63.810607,42.8721752,13.1766352,23.6424283,6.2381823,1.6898444,2.7043297,90.207637,26.1412705,26.2692498,19.5907116,4.3266342,8.9785433,2.8395209,0.683179,1.3785277,120.5618313,30.4939956,37.5413572,23.2814636,8.850001,14.663885,3.3986614,1.0066654,1.3258021,5.0137572,5.0274875,4.6612955,5.4220982,5.7500675,4.6254238,5.6208924,5.9042529,3.6303622,5.2439833,5.7034622,4.2161214,6.0392686,5.8791638,4.5838578,5.6708895,5.7242045,3.9931544,4.7599282,4.2789218,5.1552398,4.7542779,5.6096252,4.6724001,5.5649917,6.0928737,3.2466661,5.1342229,5.354439,4.2663299,5.7010514,6.6725537,4.6278991,5.6154929,6.0227234,3.5623461,5.0121434,5.7142454,3.5346337,5.8461514,6.3607359,4.2718741,5.1232614,5.5904825,3.6903496,5.3298804,4.8083635
2021-06-01 00:00:00,670.3145486,218.8127228,151.7971765,144.2898921,48.4869108,73.1499424,13.6342633,8.7345946,11.409046,366.7824478,127.971572,72.2502835,78.6406184,27.8834027,42.7539035,6.3699216,4.6709753,6.2417707,303.5321008,90.8411508,79.546893,65.6492737,20.6035081,30.3960389,7.2643417,4.0636193,5.1672753,458.2717727,148.8375998,88.1072898,108.0684166,37.118505,51.1909782,9.3449307,6.7449032,8.8591493,274.5721502,94.1099057,49.0803343,61.6280812,22.3730738,32.5161642,5.0649087,4.1742775,5.6254048,183.6996225,54.7276941,39.0269555,46.4403354,14.7454311,18.6748141,4.2800221,2.5706257,3.2337445,212.0427759,69.975123,63.6898867,36.2214755,11.3684058,21.9589642,4.2893325,1.9896913,2.5498967,92.2102975,33.8616663,23.1699492,17.0125372,5.5103289,10.2377393,1.3050129,0.4966978,0.6163659,119.8324783,36.1134568,40.5199375,19.2089383,5.8580769,11.7212249,2.9843196,1.4929935,1.9335308,4.8664725,5.053691,4.3135735,5.1563072,5.1974579,4.8537491,4.7065573,6.2366225,4.4344711,5.0634647,5.6319988,3.8808979,5.4012341,5.7049058,5.288236,4.2102799,6.463872,4.6921371,4.6479642,4.415042,4.7995895,4.8906467,4.6390212,4.3509353,5.2491031,5.9943806,4.1586158,4.8746736,4.9319424,3.7270426,5.6095636,6.1341814,5.0628514,5.2162418,6.2170822,4.6902543,4.7234701,5.1941034,3.2979523,5.1930542,5.8245052,4.932181,4.440033,6.8498563,5.2219022,5.1196292,4.5380689
2021-07-01 00:00:00,638.347492,193.433114,155.9490984,141.7305178,44.0058182,69.1355608,14.2888547,8.5528902,11.2516378,337.8016301,109.4351966,71.8642156,76.755715,24.5913945,36.3875805,7.192909,5.1592743,6.4153446,300.5458619,83.9979173,84.0848828,64.9748028,19.4144237,32.7479803,7.0959457,3.393616,4.8362933,441.355319,141.1211402,96.2191873,101.259633,31.2112031,47.977853,8.9502119,6.3118157,8.3042747,262.8921366,86.3324103,53.8038647,60.7094148,19.4563373,28.3411496,5.1304088,4.1196596,4.9988915,178.4631823,54.7887298,42.4153226,40.5502183,11.7548657,19.6367034,3.8198031,2.1921562,3.3053832,196.992173,52.3119738,59.7299111,40.4708848,12.7946151,21.1577078,5.3386428,2.2410745,2.9473631,74.9094935,23.1027863,18.0603509,16.0463003,5.1350572,8.0464309,2.0625003,1.0396147,1.416453,122.0826796,29.2091875,41.6695602,24.4245845,7.659558,13.1112769,3.2761425,1.2014598,1.5309101,4.6533861,4.5405931,4.4109096,5.0738978,4.7107437,4.5834192,4.91616,6.1618383,4.3785136,4.6784348,4.8639231,3.85362,5.2778311,5.0218281,4.5132175,4.7379414,7.2372892,4.8501676,4.6255505,4.1786934,5.0329677,4.8524069,4.3680087,4.6640296,5.1110399,5.0263273,3.8782387,4.6874637,4.669252,4.0293,5.3032023,5.1669334,4.7165138,4.9646421,5.9439524,4.4135507,4.5168019,4.727728,3.5892173,5.1628456,5.0803944,4.3127535,4.5016765,6.9395164,4.7226812,4.9637398,4.5799889
2021-08-01 00:00:00,620.7742991,192.0101591,142.7812604,139.9064081,43.6391881,69.2181135,15.91575,7.6295819,9.6738381,337.3318358,113.1943176,69.6848855,76.5540337,23.7148604,37.6073698,7.2660557,4.007411,5.3029021,283.4424633,78.8158415,73.0963749,63.3523744,19.9243277,31.6107436,8.6496943,3.6221708,4.370936,412.3482556,120.1940445,93.142577,99.0228341,31.5421209,45.6960474,10.992158,5.8507626,5.9077112,247.0833692,78.8605348,50.3467354,56.6637819,20.3945954,27.7889281,5.7044594,3.2946805,4.0296539,165.2648864,41.3335097,42.7958416,42.3590522,11.1475255,17.9071193,5.2876986,2.5560821,1.8780574,208.4260435,71.8161146,49.6386834,40.883574,12.0970673,23.5220661,4.923592,1.7788193,3.7661269,90.2484666,34.3337827,19.3381501,19.8902518,3.3202651,9.8184418,1.5615963,0.7127306,1.2732483,118.1775769,37.4823319,30.3005333,20.9933222,8.7768022,13.7036243,3.3619957,1.0660887,2.4928786,4.592701,4.7099291,4.0419589,5.049777,4.6893827,4.5490905,5.4740823,5.4733486,3.801292,4.738368,5.2267546,3.7524773,5.2871757,4.8652512,4.6585503,4.7523013,5.6406149,4.0829739,4.4305993,4.1242403,4.3628168,4.7898896,4.4959453,4.425384,6.2746309,5.2994843,3.5077001,4.4605978,4.1676896,3.9178598,5.2506112,5.1626202,4.5226851,6.0784544,5.4847407,3.1404338,4.3164923,4.5342512,3.3613774,4.8918603,5.2114096,4.2266289,4.9520517,5.5481459,3.8221797,4.6949356,3.6107632
2021-09-01 00:00:00,612.1168244,183.6386406,159.1763978,130.123054,45.277237,62.7172333,13.7093585,7.3330121,10.1418912,316.7680312,96.2076432,76.5877082,71.318819,24.8666221,32.4772726,6.1148115,3.8498268,5.3453278,295.3487932,87.4309974,82.5886897,58.804235,20.4106149,30.2399607,7.594547,3.4831853,4.7965633,404.6185558,115.9902234,98.4587869,94.0121985,32.7449407,42.2348769,9.2275419,5.2566507,6.6933368,235.4455693,69.5895827,54.6515173,53.8507595,19.6340175,25.7393236,4.6364461,3.0104935,4.3334291,169.1729866,46.4006407,43.8072697,40.161439,13.1109232,16.4955532,4.5910958,2.2461572,2.3599077,207.4982686,67.6484172,60.7176109,36.1108555,12.5322962,20.4823564,4.4818166,2.0763614,3.4485544,81.3224619,26.6180605,21.9361909,17.4680596,5.2326046,6.7379489,1.4783654,0.8393333,1.0118987,126.1758066,41.0303567,38.78142,18.6427959,7.2996916,13.7444075,3.0034512,1.2370281,2.4366557,4.5644265,4.5289064,4.63596,4.6622892,4.848481,4.1355394,4.7270038,5.1887776,4.0638024,4.4812231,4.4927815,4.205625,4.8886078,5.0804098,4.0233307,4.0529783,5.332471,4.1860387,4.6571678,4.5693349,5.121978,4.41443,4.5930255,4.2632357,5.4578087,5.0387082,3.9357268,4.3574499,4.0099486,4.1594743,4.8841017,5.4188687,4.1459922,5.0430641,4.8576407,3.5793945,4.1142648,3.9921591,3.6829051,4.5846246,5.1195167,3.9184199,3.9889192,4.9531955,4.1835007,4.7480374,4.0369276
2021-10-01 00:00:00,676.8826827,218.4228475,180.0739599,136.6194865,47.2084235,58.2693753,14.0632483,6.7140148,15.5113269,348.4705611,114.8502391,85.8298742,70.8178032,27.0433328,30.3919176,6.9006753,3.4947324,9.1419865,328.4121216,103.5726084,94.2440857,65.8016833,20.1650906,27.8774577,7.1625729,3.2192824,6.3693404,429.6021741,135.4094371,105.5460876,97.5271894,31.1509984,35.6237711,9.7387581,4.837802,9.7681303,242.7682218,79.1342323,55.3944105,55.1990645,18.8963088,19.5510987,5.3354849,2.6060605,6.6515616,186.8339524,56.2752049,50.1516771,42.3281249,12.2546896,16.0726724,4.4032732,2.2317416,3.1165687,247.2805085,83.0134104,74.5278723,39.092297,16.0574251,22.6456042,4.3244902,1.8762128,5.7431966,105.7023393,35.7160068,30.4354637,15.6187387,8.147024,10.8408189,1.5651904,0.8886719,2.4904249,141.5781692,47.2974036,44.0924086,23.4735584,7.9104011,11.8047853,2.7592998,0.9875409,3.2527717,5.0348262,5.3299829,5.2677426,4.8835921,5.0479392,3.8444542,4.8449512,4.7638979,6.2549326,4.9110231,5.2878513,4.7365163,4.8689714,5.4679045,3.741726,4.5332939,4.9187505,7.1950494,5.1732037,5.3774941,5.8670117,4.8994257,4.5765391,3.9630734,5.1886181,4.6064681,5.2671337,4.6283812,4.6671124,4.5008988,5.0753316,5.1220133,3.4744154,5.2848444,4.4546171,5.2072052,4.2416943,4.529901,3.7699893,4.6786728,4.8946866,2.9630688,4.5571697,4.3778628,6.3466975,5.2503107,4.8747478
2021-11-01 00:00:00,591.5212548,186.3283428,156.7265453,119.211941,41.9459916,57.2619649,14.5155339,6.421602,9.1093332,310.6603646,98.6581044,77.9262778,67.5813685,21.6689049,30.0698222,6.829738,3.3190068,4.607142,280.8608902,87.6702384,78.8002675,51.6305725,20.2770867,27.1921427,7.6857959,3.1025952,4.5021912,392.6501775,121.5539228,101.7088513,86.286721,27.0109743,37.3596711,10.0168982,4.5640866,4.149052,227.7654501,71.4032399,55.2256823,53.7262073,14.6163735,22.3165733,4.9163922,2.7363894,2.8245923,164.8847274,50.150683,46.4831691,32.5605137,12.3946009,15.0430978,5.100506,1.8276972,1.3244597,198.8710773,64.77442,55.017694,32.92522,14.9350172,19.9022939,4.4986357,1.8575154,4.9602812,82.8949145,27.2548645,22.7005955,13.8551612,7.0525314,7.7532489,1.9133458,0.5826174,1.7825497,115.9761628,37.5195555,32.3170985,19.0700588,7.8824858,12.1490449,2.5852899,1.274898,3.1777315,4.287087,4.3802374,4.4016867,4.2477794,4.4358868,3.7152565,4.9463359,4.5518495,3.5661512,4.2936126,4.4176998,4.1641217,4.633153,4.3390669,3.6755006,4.4815245,4.6110079,3.5369719,4.2798921,4.3388325,4.6648678,3.8307132,4.5442449,3.7602331,5.4484968,4.4902225,3.5965133,4.1553519,4.0692792,4.2396016,4.4960782,4.3676128,3.5885675,5.3841366,4.1747123,2.1941773,3.9114663,3.9627935,3.6823614,4.5623366,3.7177681,3.3493357,4.1524402,4.5137158,2.6806174,4.546983,4.2311581
2021-12-01 00:00:00,556.562766,169.206341,150.9404556,118.2145897,36.8340631,51.6552534,11.5387262,6.8033031,11.3700339,300.9470158,95.4209807,73.3226876,65.904979,22.4172795,28.1500192,6.2595515,3.6013483,5.8701701,255.6157502,73.7853603,77.617768,52.3096107,14.4167836,23.5052342,5.2791747,3.2019548,5.4998638,365.4258419,112.9337851,102.4263143,73.1923607,25.3979677,32.3102303,8.5089494,4.793663,5.8625713,220.0200499,70.3959395,58.3889919,43.2482457,16.125212,20.8600269,5.0598888,2.797459,3.144286,145.405792,42.5378456,44.0373224,29.944115,9.2727557,11.4502034,3.4490606,1.996204,2.7182853,191.1369241,56.2725558,48.5141413,45.022229,11.4360954,19.3450231,3.0297768,2.0096401,5.5074626,80.9269659,25.0250412,14.9336957,22.6567333,6.2920675,7.2899922,1.1996627,0.8038893,2.725884,110.2099582,31.2475147,33.5804457,22.3654957,5.1440279,12.0550309,1.8301141,1.2057508,2.7815785,4.0011848,3.9345501,4.1848639,4.1885646,3.903246,3.3440779,3.9426853,4.8348946,4.3975041,4.1191404,4.223593,3.8600614,4.5029891,4.5055459,3.4007602,4.0856705,4.9686538,4.4226996,3.8706873,3.614646,4.5462357,3.8498772,3.231527,3.2786327,3.7855986,4.6928033,4.3709271,3.8101148,3.7317894,4.1695706,3.7607469,4.0745567,3.0722517,4.5196914,4.426717,3.0794785,3.7301204,3.8806464,3.7801453,3.6685305,4.0394548,3.0812798,4.2742892,4.6511888,2.9603505,3.9379004,3.5090357
2022-01-01 00:00:00,621.7461565,191.6313794,159.752633,129.785525,49.3970295,63.8313897,11.3759317,6.3827137,9.5895545,337.0408357,104.9229129,80.872775,71.4206951,30.3903564,33.6095554,7.1509848,3.5474604,5.1260957,284.7053208,86.7084665,78.879858,58.3648298,19.0066731,30.2218343,4.2249469,2.8352534,4.4634589,429.9371577,130.2593159,112.3755192,92.4742205,31.7142193,44.1496979,8.0544338,4.7673516,6.1423994,250.1470315,78.3408188,56.8264206,54.3569881,21.0301082,27.358046,5.4625909,2.977645,3.7944139,179.7901262,51.9184971,55.5490986,38.1172324,10.6841111,16.7916519,2.5918429,1.7897066,2.3479856,191.8089989,61.3720635,47.3771138,37.3113045,17.6828102,19.6816918,3.3214978,1.6153621,3.4471551,86.8938042,26.5820941,24.0463545,17.063707,9.3602482,6.2515094,1.6883938,0.5698154,1.3316818,104.9151946,34.7899694,23.3307594,20.2475974,8.322562,13.4301824,1.633104,1.0455467,2.1154733,4.5373219,4.5388455,4.5068396,4.6502623,5.3275519,4.1525348,3.9715495,4.6618548,3.7228297,4.694623,4.7297439,4.3609641,4.9371578,6.2434106,4.0968344,4.7284216,5.0605431,3.9013171,4.3642112,4.3274918,4.6668927,4.3415432,4.315378,4.2162849,3.1249256,4.2435512,3.5369874,4.539667,4.3710945,4.6656829,4.7814036,5.1801889,4.2021675,4.2943545,4.4088287,3.2411439,4.2970374,4.3472156,3.8271337,4.6101518,5.3529088,4.0321861,4.6247169,5.0464678,3.5493535,4.9267119,4.4076265
2022-02-01 00:00:00,612.3525741,174.090181,163.9591301,129.5984006,51.6279982,65.6166544,11.778704,6.3245161,9.3569896,326.1355771,93.0843326,81.8316176,68.8826117,30.7006443,35.5428821,6.9775215,3.1534384,5.9625289,286.216997,81.0058484,82.1275125,60.7157889,20.9273539,30.0737723,4.8011825,3.1710777,3.3944608,400.4659911,113.9239647,102.5767482,82.3622792,36.0608201,47.24784,7.0185745,5.0605915,6.2151729,231.7191227,68.954513,53.1530767,48.5515837,21.4823126,28.1308973,4.9735651,2.5788256,3.8943487,168.7468684,44.9694517,49.4236715,33.8106955,14.5785075,19.1169427,2.0450094,2.4817659,2.3208242,211.8865831,60.1662162,61.382382,47.2361214,15.5671781,18.3688144,4.7601295,1.2639246,3.1418167,94.4164545,24.1298196,28.678541,20.331028,9.2183317,7.4119848,2.0039564,0.5746128,2.0681802,117.4701286,36.0363966,32.703841,26.9050934,6.3488464,10.9568296,2.7561731,0.6893118,1.0736366,4.3572597,4.0204186,4.5066702,4.5214659,5.3881739,4.2066642,3.9632289,4.5315467,3.5407472,4.4403592,4.1046082,4.2778444,4.676359,6.1404802,4.2896442,4.4575106,4.4299484,4.4224833,4.2662825,3.927842,4.7603905,4.3577123,4.5672861,4.1126405,3.4131876,4.6373092,2.6223622,4.1160582,3.7434251,4.1079281,4.163871,5.6538535,4.4042725,3.6844616,4.5814111,3.1161472,3.8849914,3.7465652,3.4545364,4.0335145,5.3287115,4.0965854,4.0887597,4.2415293,3.5606036,4.4821224,3.7386204
2022-03-01 00:00:00,589.8819731,178.8502096,156.1017727,119.0833967,49.0140969,56.1391431,12.9465413,7.3867455,10.3600673,323.145196,98.8012856,78.3477774,64.6577043,31.3210649,33.4882168,6.583689,3.7990282,6.1464298,266.7367771,80.0489239,77.7539953,54.4256923,17.693032,22.6509262,6.3628524,3.5877173,4.2136376,407.1300482,118.8975866,105.0285273,85.0938047,36.7978071,40.333569,8.0507485,5.3469947,7.5810104,239.28205,72.5075493,57.080544,47.787338,23.6125467,25.9202896,4.8445004,2.9505217,4.5787603,167.8479982,46.3900373,47.9479833,37.3064668,13.1852604,14.4132794,3.206248,2.396473,3.0022501,182.7519249,59.9526229,51.0732454,33.9895919,12.2162899,15.8055741,4.8957929,2.0397508,2.779057,83.863146,26.2937363,21.2672334,16.8703664,7.7085182,7.5679272,1.7391886,0.8485065,1.5676695,98.8887789,33.6588866,29.806012,17.1192256,4.5077716,8.2376469,3.1566043,1.1912443,1.2113875,4.2126394,4.1345327,4.3179222,4.1781619,5.1154752,3.616404,4.3913269,5.2723176,3.8928017,4.4070228,4.3507815,4.1151041,4.3948217,6.2665396,4.0600607,4.2773007,5.341505,4.4927397,3.9989538,3.8955521,4.5435678,3.9469979,3.8602502,3.1134158,4.5158919,5.2009826,3.2581543,4.2270179,3.9341355,4.2779879,4.307772,5.7889049,3.8513294,4.2254336,4.8524972,3.8813772,4.047853,3.9523021,3.7582869,3.9840523,5.9199558,3.8649193,4.0344324,4.9118127,4.2067696,4.5117015,3.9060733
2022-04-01 00:00:00,549.3392761,152.6042448,157.8841833,120.7496401,44.0303023,46.9501813,11.5970707,6.7151336,8.8085199,292.2106413,82.7277636,77.1006821,65.5783548,26.1876883,26.3075443,6.4928327,3.333379,4.4823965,257.1286348,69.8764812,80.7835012,55.1712853,17.842614,20.642637,5.104238,3.3817546,4.3261234,383.0083369,107.6768825,103.3833549,88.1735152,29.3581115,34.2270774,8.757252,4.9994447,6.4326987,223.1685477,65.1844011,57.1353811,49.8463217,18.4940911,20.0650646,5.8557004,2.7852495,3.8023382,159.8397891,42.4924814,46.2479737,38.3271936,10.8640203,14.1620128,2.9015516,2.2141952,2.6303605,166.3309393,44.9273623,54.5008284,32.5761248,14.6721909,12.7231039,2.8398188,1.7156889,2.3758212,69.0420936,17.5433624,19.9653009,15.7320331,7.6935972,6.2424797,0.6371323,0.5481295,0.6800583,97.2888457,27.3839999,34.5355275,16.8440917,6.9785937,6.4806242,2.2026864,1.1675594,1.6957629,3.9255246,3.5301773,4.3565032,4.2385239,4.624599,3.0316126,3.9732892,4.7638157,3.3288892,3.9890644,3.6561804,4.0435604,4.4454962,5.2592188,3.1921425,4.2204754,4.6883232,3.353088,3.8557292,3.3917879,4.7039594,4.0162638,3.9287903,2.8490195,3.6977971,4.8406459,3.304182,3.9540377,3.5529834,4.1737529,4.4181278,4.6934414,3.2286389,4.5603227,4.5026169,3.307125,3.7595794,3.5631396,3.7207594,4.1116777,4.6572443,2.9828325,4.8605929,4.6480852,3.504151,4.2618099,3.5375156
2022-05-01 00:00:00,545.7830427,176.7343336,134.1216095,114.1480946,43.571813,48.9718778,12.9776058,6.549498,8.7082103,291.1572172,95.2476399,66.9313604,59.6478402,26.5221302,27.2385601,7.7452581,3.6855876,4.1388409,254.6258255,81.4866937,67.1902492,54.5002544,17.0496829,21.7333177,5.2323478,2.8639105,4.5693694,359.997735,117.9538941,78.2535286,82.1767606,30.3412701,31.9626291,8.7190788,5.3849275,5.2056462,211.4624703,70.4016607,43.2592509,47.2660157,19.2354263,19.3374321,5.9832848,3.0852695,2.8941302,148.5352647,47.5522334,34.9942776,34.9107449,11.1058438,12.6251969,2.735794,2.299658,2.311516,185.7853077,58.7804395,55.868081,31.971334,13.2305429,17.0092487,4.258527,1.1645705,3.5025641,79.6947469,24.8459791,23.6721094,12.3818245,7.2867038,7.901128,1.7619733,0.6003181,1.2447107,106.0905608,33.9344603,32.1959715,19.5895095,5.9438391,9.1081207,2.4965538,0.5642524,2.2578534,3.8658312,4.0142695,3.7098144,3.9605278,4.564138,3.1414771,4.3862288,4.5529054,3.2891801,3.9412601,4.1284659,3.5167634,4.032473,5.3043518,3.2612442,5.0284817,5.0699293,3.0438757,3.7830429,3.8885455,3.924413,3.8846734,3.7500767,3.0032467,3.6888085,4.0247143,3.5481845,3.6902979,3.8067843,3.1889145,4.112361,4.7650725,2.9867159,4.6200952,4.7794439,2.6528511,3.5436488,3.7602017,2.8569869,3.9329385,4.7790741,2.8233657,5.0466524,5.0045847,2.5952228,3.9213263,3.8779092
2022-06-01 00:00:00,493.6489883,146.7066153,113.4988676,113.4760739,40.6378364,52.0038964,12.7758295,6.6556774,7.8941918,263.4693525,78.9593267,54.7536852,60.8748245,25.2847971,28.9909419,7.5416929,3.146297,3.9177872,230.1796358,67.7472886,58.7451824,52.6012494,15.3530393,23.0129545,5.2341366,3.5093804,3.9764046,342.7880585,106.6115017,71.4537856,82.1140309,28.203905,35.3108617,9.3061004,5.1981109,4.5897623,199.0466169,63.4949609,37.1071155,47.709963,19.5396434,20.3141742,6.094926,2.7651416,2.0206925,143.7414416,43.1165409,34.3466701,34.404068,8.6642617,14.9966875,3.2111744,2.4329694,2.5690697,150.8609298,40.0951136,42.045082,31.362043,12.4339314,16.6930347,3.4697291,1.4575665,3.3044295,64.4227356,15.4643658,17.6465697,13.1648615,5.7451538,8.6767677,1.4467669,0.3811554,1.8970946,86.4381942,24.6307478,24.3985123,18.1971815,6.6887776,8.0162669,2.0229622,1.0764111,1.4073349,3.4963806,3.340388,3.1333806,3.9232589,4.2597103,3.3397174,4.3616959,4.6861983,2.9651228,3.5734498,3.4315691,2.8754065,4.1258223,5.1200234,3.4662848,4.9312893,4.3007204,2.8800708,3.4121472,3.2400478,3.4193082,3.7123289,3.336433,3.1928499,3.7393591,5.0956751,3.0539812,3.5034155,3.4249926,2.8763239,4.1301947,4.453248,3.3044743,4.9182914,4.6560043,2.3353696,3.3276103,3.3652408,2.4284037,4.0143936,4.9116382,2.9576372,5.0498133,4.5103129,1.8090674,3.7799561,3.516952
2022-07-01 00:00:00,476.7258296,145.2644404,111.4994544,104.0770847,38.7013169,51.1964175,11.2531978,5.9317421,8.8021757,254.6136338,73.1948905,55.5716666,60.3231456,25.5173847,25.803891,5.5452567,3.1921895,5.4652092,222.1121958,72.0695499,55.9277878,43.7539391,13.1839322,25.3925265,5.7079412,2.7395526,3.3369664,319.1831238,96.1162268,71.1662875,73.2086169,27.6934602,32.9059777,7.9925724,4.3304287,5.7695536,184.8853128,52.9337745,37.828679,45.5864375,18.9462635,18.5810687,4.8307237,2.5434658,3.6349002,134.2978109,43.1824523,33.3376085,27.6221794,8.7471967,14.324909,3.1618487,1.7869629,2.1346534,157.5427058,49.1482136,40.3331669,30.8684678,11.0078567,18.2904398,3.2606254,1.6013134,3.0326221,69.7283209,20.2611159,17.7429876,14.7367081,6.5711213,7.2228223,0.7145329,0.6487237,1.8303091,87.8143848,28.8870977,22.5901793,16.1317597,4.4367355,11.0676175,2.5460925,0.9525897,1.202313,3.3894995,3.3160594,3.0992544,3.613457,4.0842768,3.2787838,3.8692204,4.1871171,3.3247587,3.4641099,3.1890657,2.9399468,4.0992033,5.1624238,3.0726809,3.6948089,4.3568621,4.0295785,3.3078299,3.4558248,3.2756211,3.1060209,2.9085777,3.5186221,4.0551877,4.0052869,2.584412,3.2762561,3.139262,2.8604939,3.6881233,4.3954992,3.0499986,4.2446434,3.9077448,2.889962,3.1054453,2.8685925,2.4831128,3.7941058,4.7618025,2.688061,4.0406718,4.1607447,3.2012667,3.5446672,3.5498496
2022-08-01 00:00:00,498.8369801,151.4460196,136.5986465,93.8055073,37.4062355,51.0640357,14.7134355,6.1800287,7.6230714,264.1738884,77.9645772,67.2734351,50.5645008,22.6797928,29.3422994,8.3790243,3.3014242,4.6688346,234.6630917,73.4814424,69.3252114,43.2410066,14.7264426,21.7217363,6.3344112,2.8786044,2.9542368,334.6531613,99.7510019,84.2385172,68.0513567,26.4552958,36.7980264,10.6165045,4.4841793,4.2582796,193.5721203,56.0950572,43.4721862,41.8730358,17.9443163,21.4987775,7.0764245,2.3819612,3.2303617,141.081041,43.6559447,40.766331,26.1783209,8.5109796,15.2992489,3.54008,2.1022181,1.0279179,164.1838188,51.6950177,52.3601293,25.7541506,10.9509396,14.2660093,4.096931,1.6958494,3.3647918,70.6017681,21.86952,23.8012489,8.6914649,4.7354766,7.8435219,1.3025998,0.9194631,1.438473,93.5820507,29.8254977,28.5588804,17.0626857,6.2154631,6.4224874,2.7943312,0.7763863,1.9263189,3.5381927,3.4507992,3.7772804,3.2673845,3.925471,3.2603255,5.0243159,4.2794696,2.8632895,3.585681,3.3859284,3.5569877,3.4317406,4.5829314,3.4825416,5.5507326,4.4332864,3.401192,3.4862152,3.522402,4.0188085,3.0941015,3.2151312,3.0016043,4.4642776,4.1156972,2.2907417,3.431581,3.2184227,3.4118637,3.4265809,4.2413855,3.4204818,5.6274104,3.9538894,2.1705528,3.2483872,2.9868815,2.8724836,3.5085674,4.5377974,3.1441126,5.9587027,3.7646849,2.8619172,3.7193789,3.574466
2022-09-01 00:00:00,492.3129929,146.2993164,123.4296129,101.8402504,39.3453572,54.4714074,12.8259285,5.5078197,8.5933004,262.481303,75.876655,67.9950279,54.3636286,18.5967857,30.4559519,6.9208919,3.3021685,4.9701934,229.8316899,70.4226613,55.434585,47.4766217,20.7485715,24.0154555,5.9050366,2.2056512,3.623107,323.9306793,97.3036831,80.8104406,63.8226125,24.9549722,38.6090041,9.494205,3.8433912,5.0923706,185.8115893,53.4676031,45.1635437,36.8925063,13.8357927,24.6867935,5.5828608,2.3947177,3.7877716,138.1190899,43.8360801,35.6468969,26.9301062,11.1191795,13.9222105,3.9113442,1.4486735,1.304599,168.3823136,48.9956332,42.6191724,38.0176379,14.390385,15.8624034,3.3317235,1.6644285,3.5009298,76.6697137,22.4090519,22.8314843,17.4711224,4.760993,5.7691584,1.3380311,0.9074508,1.1824219,91.7125999,26.5865813,19.7876881,20.5465155,9.629392,10.093245,1.9936924,0.7569776,2.318508,3.4832773,3.3060642,3.4196621,3.5392861,4.133598,3.4847862,4.3392746,3.8465832,3.2079814,3.5445378,3.266519,3.5796494,3.6706673,3.7323984,3.6298819,4.5251279,4.4415118,3.6205232,3.4158542,3.3497579,3.2419382,3.399942,4.5743019,3.3166567,4.139988,3.2040498,2.7743248,3.3085375,3.1262498,3.239956,3.229514,4.0042982,3.5628061,4.9598012,3.4760795,2.5589492,3.1134497,2.8558937,2.9625744,3.1001144,3.4961026,3.5720316,4.6398466,3.8501718,3.3833367,3.6131083,3.5343454
2022-10-01 00:00:00,467.97766,133.4154673,126.4124339,90.0818581,37.8493014,55.0361305,11.4552816,5.4603051,8.2668822,232.9807203,66.033214,55.1556758,48.6613649,20.157842,29.4730375,5.9146875,2.7811098,4.8037888,234.9969397,67.3822532,71.2567581,41.4204932,17.6914594,25.563093,5.5405941,2.6791953,3.4630934,304.3529255,92.8820561,73.7316966,59.3803928,24.6997731,36.4385085,8.0110692,4.0536757,5.1557534,167.0465864,48.5192824,35.3501937,37.983292,13.6667705,20.66259,4.7570159,2.2302257,3.8772161,137.3063391,44.3627737,38.3815029,21.3971007,11.0330026,15.7759185,3.2540533,1.82345,1.2785373,163.6247345,40.5334112,52.6807373,30.7014653,13.1495283,18.597622,3.4442123,1.4066293,3.1111288,65.9341339,17.5139316,19.8054821,10.6780729,6.4910715,8.8104475,1.1576715,0.550884,0.9265727,97.6906006,23.0194795,32.8752552,20.0233925,6.6584568,9.7871744,2.2865408,0.8557453,2.1845561,3.3028119,3.0067935,3.4870431,3.1384516,3.9409374,3.5163634,3.8688535,3.8017363,3.0483571,3.1444848,2.8401432,2.9097047,3.2895258,3.9927942,3.5086833,3.8637563,3.7641199,3.493487,3.4763467,3.1902385,4.1197741,2.9777871,3.883469,3.52526,3.8743096,3.8415872,2.5904991,3.0973564,2.9549312,2.9533035,3.0077611,3.8928244,3.3798706,4.2390191,3.6393128,2.5890773,2.786448,2.5576199,2.3199951,3.1867274,3.4104742,3.0009604,3.9387042,3.6217079,3.5037384,3.5838515,3.5597245
2022-11-01 00:00:00,465.3282058,138.2435268,126.3595167,87.0251484,37.271105,54.0292043,10.6672356,5.4609842,6.2714848,243.3373822,73.9584819,68.0550971,42.2851265,19.6807456,27.1664802,5.6590628,3.2027406,3.3296475,221.9908237,64.285045,58.3044196,44.7400219,17.5903594,26.8627241,5.0081728,2.2582435,2.9418373,304.859491,92.112722,81.768254,57.6761255,23.5368151,34.2963779,7.1266506,4.4226193,3.9199266,176.9502959,56.8074515,48.4516725,30.4041558,13.5329723,18.1133976,4.0351785,2.8212036,2.784264,127.9091951,35.3052704,33.3165815,27.2719697,10.0038428,16.1829803,3.0914721,1.6014158,1.1356625,160.4687148,46.1308049,44.5912627,29.3490228,13.7342899,19.7328264,3.540585,1.0383648,2.3515583,66.3870863,17.1510304,19.6034246,11.8809707,6.1477733,9.0530826,1.6238843,0.3815371,0.5453835,94.0816286,28.9797745,24.9878381,17.4680522,7.5865166,10.6797438,1.9167007,0.6568278,1.8061748,3.2517811,3.0856096,3.4370849,3.0110885,3.8759386,3.4059587,3.5455068,3.791534,2.3197128,3.2528659,3.1440312,3.5450272,2.8451989,3.8904553,3.2044733,3.631868,4.2726945,2.4124361,3.2505927,3.0210265,3.3191197,3.1866941,3.8598246,3.6372411,3.4527347,3.2693738,2.2230069,3.0690407,2.9224366,3.2213322,2.8740963,3.7481024,3.1146372,3.7258965,3.9319279,1.9260939,2.9184486,2.9546633,3.1359571,2.532543,3.3971285,2.5982558,3.337017,4.5146754,2.3994429,3.3049614,2.8720328
2022-12-01 00:00:00,480.680119,138.1542314,127.1238806,98.139831,37.7412368,54.3703516,10.6392136,6.7075228,7.8038511,254.8522337,77.9329145,61.6619718,50.7371994,19.3414269,30.9824445,5.6473807,4.018228,4.5306679,225.8278853,60.221317,65.4619088,47.4026316,18.3998099,23.3879071,4.9918329,2.6892948,3.2731833,313.671956,90.0170227,81.2479581,63.5123001,25.4213265,36.1286285,7.4472862,5.5850636,4.3123703,186.3161064,54.4704383,45.8393027,36.712866,15.5474868,22.5851554,4.2258147,3.5651602,3.3698824,127.3558496,35.5465844,35.4086554,26.7994341,9.8738397,13.5434731,3.2214715,2.0199034,0.9424879,167.008163,48.1372087,45.8759225,34.6275309,12.3199103,18.2417231,3.1919273,1.1224593,3.4914809,68.5361273,23.4624762,15.8226691,14.0243335,3.7939401,8.3972892,1.4215659,0.4530678,1.1607855,98.4720357,24.6747326,30.0532533,20.6031974,8.5259702,9.844434,1.7703614,0.6693914,2.3306954,3.3407314,3.0662537,3.4499238,3.3790539,3.8783148,3.4003337,3.5357961,4.6395995,2.826804,3.386935,3.2947588,3.1954373,3.3947654,3.7784243,3.6417654,3.6363812,5.3970032,3.1783354,3.2900807,2.8137175,3.7297183,3.3623975,3.9891741,3.1258161,3.4285068,3.8353727,2.4514963,3.1065767,2.8156424,3.1754005,3.1095834,3.9390106,3.1867449,3.8384015,4.8641846,2.044471,3.0339314,2.8174612,2.9346125,3.0204769,3.7914845,3.1654016,3.4296226,5.5796632,2.8176449,3.2193486,2.8128598
2023-01-01 00:00:00,565.8319738,151.368286,162.4723324,117.2085609,43.8244696,61.5709653,12.9390159,6.1813277,10.2670161,308.6942275,89.9897099,83.2865732,62.1530131,22.5397327,33.8606819,6.6459349,3.5026146,6.7159673,257.1377463,61.3785761,79.1857592,55.0555478,21.2847369,27.7102834,6.293081,2.6787131,3.5510488,376.1528992,98.2039728,112.1549068,75.7319155,28.9280647,40.3678824,9.7516562,4.9853743,6.0291265,224.3012531,63.5590864,64.7078957,43.0869914,16.9593785,23.2209497,5.6541326,2.8897454,4.2230735,151.8516462,34.6448865,47.4470111,32.6449241,11.9686862,17.1469327,4.0975236,2.0956289,1.8060531,189.6790745,53.1643131,50.3174255,41.4766454,14.8964049,21.2030829,3.1873597,1.1959534,4.2378896,84.3929744,26.4306235,18.5786775,19.0660217,5.5803542,10.6397322,0.9918024,0.6128692,2.4928938,105.2861001,26.7336897,31.738748,22.4106237,9.3160507,10.5633507,2.1955574,0.5830842,1.7449957,4.0003666,3.4390122,4.4780994,4.071599,4.5675125,3.9228793,4.4023445,4.3418425,3.7904896,4.1536452,3.8613121,4.3738783,4.192127,4.4619007,4.0209057,4.3386457,4.8096107,4.7541746,3.8306638,2.963778,4.5932148,3.9435998,4.6849418,3.8093966,4.4716776,3.8519833,2.7400512,3.7965079,3.1573767,4.4093634,3.7944713,4.5343408,3.6072856,5.2152681,4.4145231,2.9966587,3.7183956,3.3619652,4.1734306,3.624202,4.2010871,3.3141241,4.6855464,4.6599392,3.6630063,3.9180845,2.8402827
2023-02-01 00:00:00,565.4335043,154.6890123,152.4704178,120.4974191,41.4861405,67.352001,10.9492581,8.3108835,9.6783721,299.9740727,86.1135752,79.3835908,60.8165695,22.3308771,36.5307048,5.8649644,3.7314463,5.2023445,265.4594316,68.575437,73.086827,59.6808496,19.1552634,30.8212962,5.0842937,4.5794371,4.4760276,369.4611643,99.8300752,103.6877543,78.4009459,25.3726869,43.3223872,7.0684047,5.814406,5.9645042,210.0740974,58.3372425,57.8481281,42.0075214,15.454934,25.8149918,3.7648309,2.9761578,3.870291,159.3870669,41.4928327,45.8396262,36.3934244,9.9177529,17.5073954,3.3035738,2.8382482,2.0942132,195.97234,54.8589371,48.7826635,42.0964733,16.1134536,24.0296138,3.8808533,2.4964775,3.7138679,89.8999753,27.7763328,21.5354627,18.8090481,6.875943,10.715713,2.1001335,0.7552886,1.3320536,106.0723648,27.0826044,27.2472008,23.2874251,9.2375105,13.3139008,1.7807199,1.7411889,2.3818143,3.9029159,3.434574,4.0656034,4.1261359,4.2220386,4.1949848,3.6848607,5.6481449,3.4497074,3.9510187,3.6530797,4.0205027,4.0409151,4.30376,4.2220279,3.8306163,4.9848345,3.626014,3.8499492,3.1946211,4.1157502,4.2167575,4.1306024,4.1633774,3.5299232,6.3350223,3.2651833,3.6317443,3.1208278,3.9386826,3.855099,3.9049961,3.803162,3.6941038,5.0049277,2.8181359,3.4003534,3.0387758,3.5935314,3.4615772,3.7418721,3.5800869,3.1238666,4.6555893,3.3255272,3.9895667,3.2439797
2023-03-01 00:00:00,551.4066631,156.6539499,147.7441371,122.4186213,38.7360898,57.3305741,12.7968222,7.0933108,8.6331579,294.6514412,82.898548,76.7225263,64.2614046,24.5548207,30.3367283,6.3469371,4.2123236,5.3181525,256.755222,73.7554019,71.0216109,58.1572167,14.1812691,26.9938457,6.4498851,2.8809872,3.3150054,359.9222962,106.7578101,85.5305402,84.1242409,25.8870165,37.3626757,8.9376001,5.7429806,5.579432,209.4727238,62.5430163,46.8748468,47.7271764,17.1587333,22.3706289,4.9645682,3.5755134,4.2582405,150.4495724,44.2147939,38.6556935,36.3970645,8.7282832,14.9920467,3.9730319,2.1674672,1.3211915,191.484367,49.8961398,62.2135969,38.2943804,12.8490733,19.9678984,3.8592221,1.3503302,3.0537259,85.1787174,20.3555317,29.8476795,16.5342282,7.3960873,7.9660994,1.3823689,0.6368103,1.059912,106.3056496,29.5406081,32.3659174,21.7601522,5.4529859,12.001799,2.4768532,0.71352,1.9938139,3.7997595,3.5044043,3.9188995,4.1586193,3.9025635,3.568386,4.18048,4.8402342,3.1304415,3.8836965,3.5397127,3.8960423,4.2141782,4.7269224,3.5426192,4.006385,5.5976928,3.7631797,3.7077965,3.4655504,3.9438946,4.0989081,2.9974365,3.5977947,4.3672262,4.0407771,2.465419,3.5543311,3.3682605,3.2652651,4.1426893,3.9037555,3.3206384,4.5670201,5.0181186,2.6790043,3.4012303,3.2726074,2.9498517,3.8905783,4.1322676,3.1299443,4.0392216,5.6314719,3.6879191,3.7919847,3.513525
2023-04-01 00:00:00,546.4855192,153.6992427,151.1893745,113.2093208,43.2400243,58.9144447,11.6751734,6.0776109,8.4803279,307.5411456,84.76921,84.9262741,60.4723921,26.4074149,35.7687519,6.5035026,3.7015273,4.9920728,238.9443736,68.9300327,66.2631004,52.7369286,16.8326094,23.1456929,5.1716708,2.3760836,3.4882551,374.2843275,113.5467482,97.6898845,75.2645754,29.6211427,40.8645382,7.5005952,4.2022746,5.5945689,229.4031323,66.7728889,60.1480195,44.5330021,19.3837158,28.6275283,4.1729098,2.7322177,3.0328502,144.8811952,46.7738592,37.541865,30.7315733,10.2374269,12.2370099,3.3276854,1.4700569,2.5617187,172.2011917,40.1524946,53.49949,37.9447454,13.6188816,18.0499065,4.1745782,1.8753363,2.8857591,78.1380133,17.9963211,24.7782545,15.9393901,7.0236991,7.1412235,2.3305928,0.9693096,1.9592226,94.0631784,22.1561735,28.7212355,22.0053553,6.5951825,10.908683,1.8439854,0.9060267,0.9265364,3.7770866,3.4213545,4.0450609,3.8788123,4.3726979,3.6574307,3.8824712,4.1198819,3.1190471,4.0564976,3.5932838,4.3247624,4.0042468,5.1151571,4.1623647,4.1587601,4.8829268,3.5496771,3.4695011,3.2312227,3.7354306,3.7443159,3.561661,3.0800237,3.5831223,3.3132979,2.6576401,3.7091466,3.5501769,3.7777745,3.7305353,4.5686,3.6298892,3.9383828,3.6319405,2.6797268,3.7574888,3.5176628,3.8192738,3.6570409,4.7767537,4.0296146,3.4543658,4.3095289,2.6604553,3.6350953,3.5976486
2023-05-01 00:00:00,515.3382684,138.2329731,138.4407337,116.7674911,39.0604519,56.1479659,12.5824865,5.7505184,8.3556475,271.3735174,67.2278047,73.8771122,60.2555528,22.9562081,32.2292671,6.4226873,2.9888524,5.4160329,243.9647509,71.0051684,64.5636216,56.5119383,16.1042439,23.9186989,6.1597992,2.7616661,2.9396146,345.4117505,89.3844317,93.9414698,76.395332,28.8455801,41.1828736,7.4328054,3.5227002,4.7065577,199.7478387,46.3801049,52.3971983,44.8706727,18.6780302,27.7048064,4.1358945,1.8231355,3.7579962,145.6639118,43.0043268,41.5442716,31.5246593,10.1675499,13.4780672,3.2969108,1.6995647,0.9485615,169.9265179,48.8485414,44.4992639,40.3721591,10.2148718,14.9650923,5.1496812,2.2278183,3.6490898,71.6256787,20.8476998,21.4799139,15.3848801,4.2781779,4.5244607,2.2867928,1.1657169,1.6580367,98.3008391,28.0008417,23.01935,24.987279,5.936694,10.4406316,2.8628884,1.0621014,1.9910531,3.5255086,3.0523784,3.665424,3.9265126,3.9196172,3.4828864,4.175223,3.9137783,2.9733021,3.5591917,2.8373504,3.7311746,3.9652494,4.411602,3.7544863,4.1368928,3.9501555,3.7118696,3.4887824,3.2883262,3.5929753,3.8860349,3.3819834,3.173546,4.2159528,3.875156,2.1756986,3.3958678,2.7815954,3.5990187,3.7295767,4.3214306,3.6964651,3.8149838,3.1190883,2.2395246,3.254195,2.4261197,3.3040332,3.6779063,4.500893,3.9338263,3.3914694,2.9435137,3.1993724,3.611472,3.3036432
2023-06-01 00:00:00,495.7649397,131.4624496,132.2028902,108.9930923,40.1332919,56.5400643,10.6042876,5.9137242,9.9151396,266.7243273,74.7311605,72.439515,51.3231794,22.6504437,31.7472633,5.0916373,2.9307564,5.8103716,229.0406124,56.7312891,59.7633751,57.6699128,17.4828482,24.7928009,5.5126503,2.9829678,4.1047681,321.7535701,88.9762288,80.0787223,70.4638062,25.9600613,38.2171889,7.1309404,4.3891955,6.5374267,187.4000244,54.8264835,45.2049304,38.0488687,16.1835581,23.2948284,3.905582,2.0997157,3.8360576,134.3535457,34.1497453,34.8737919,32.4149375,9.7765032,14.9223604,3.2253584,2.2894798,2.7013691,174.0113695,42.4862208,52.1241679,38.5292861,14.1732306,18.3228754,3.4733472,1.5245287,3.3777129,79.3243028,19.9046771,27.2345846,13.2743108,6.4668857,8.4524349,1.1860552,0.8310406,1.974314,94.6870667,22.5815438,24.8895832,25.2549753,7.7063449,9.8704405,2.2872919,0.693488,1.403399,3.4035704,2.9018424,3.5039597,3.6786193,4.0651583,3.5490513,3.5737761,4.0857289,3.5658485,3.5043996,3.1321205,3.6908808,3.3674758,4.3843789,3.7349813,3.3215672,3.9344366,4.0342627,3.2932275,2.645618,3.3013059,4.0082068,3.7147481,3.3363762,3.8433143,4.2461497,3.0625114,3.1648513,2.7641083,3.0784431,3.4261185,3.9179883,3.4316159,3.7908758,3.8820255,3.0821653,3.0484431,2.8515109,2.8731635,3.0745449,3.9469393,3.3041262,3.3153399,3.3717986,3.2327499,3.3429046,2.6344665
2023-07-01 00:00:00,530.4355853,146.6806772,131.3035729,127.5352026,40.0091268,52.6349472,14.7298336,6.7335229,10.8087022,284.3708949,75.2836176,74.3357765,62.7872137,23.8739386,31.1761782,8.1441291,3.28988,5.4801612,246.0646904,71.3970597,56.9677964,64.7479889,16.1351881,21.458769,6.5857044,3.4436429,5.328541,344.0060433,103.6525807,79.0528674,79.2080453,27.2425255,33.7974125,9.5673642,4.7356176,6.74963,201.749399,58.0979597,48.8659118,44.6232186,16.3503863,22.7283734,5.1805912,2.4264506,3.4765074,142.2566443,45.554621,30.1869556,34.5848267,10.8921391,11.0690391,4.3867731,2.3091671,3.2731226,186.429542,43.0280965,52.2507055,48.3271573,12.7666013,18.8375346,5.1624693,1.9979053,4.0590722,82.6214959,17.1856579,25.4698647,18.1639951,7.5235523,8.4478048,2.963538,0.8634294,2.0036537,103.8080461,25.8424387,26.7808408,30.1631622,5.243049,10.3897298,2.1989314,1.1344759,2.0554184,3.644487,3.2548144,3.4773673,4.3143518,4.0459363,3.2675363,4.984064,4.661951,3.913623,3.7301771,3.1718215,3.7699113,4.1111361,4.6066924,3.60985,5.3082852,4.4103043,3.8855611,3.5502342,3.3471627,3.1576323,4.5315661,3.4284437,2.8718788,4.6340463,4.9307304,3.9429094,3.3757304,3.2194698,3.0220312,3.8306381,4.107967,3.0481347,5.0296476,4.0975774,3.2197463,3.2722786,3.0187387,3.0799855,3.6225331,3.9787456,3.1847777,4.3097084,3.7948576,3.0576528,3.5341895,3.5177935
2023-08-01 00:00:00,538.5436727,163.7009146,131.4069303,115.6217456,34.6077953,62.5022102,14.5754461,7.0489638,9.079667,292.5828014,85.9167223,76.0257159,57.8819075,20.0438444,36.0565436,8.1009671,3.4926597,5.064441,245.9608714,77.7841923,55.3812144,57.7398381,14.5639509,26.4456666,6.4744791,3.5563041,4.015226,352.5629732,104.675938,82.2943734,80.229635,23.0944224,43.7340709,8.8170498,4.8136069,4.9038768,216.3176117,59.9855173,53.1838257,47.2654776,16.2590869,28.7703306,5.5162654,2.7551709,2.5819372,136.2453615,44.6904207,29.1105477,32.9641574,6.8353354,14.9637403,3.3007843,2.058436,2.3219396,185.9806995,59.0249766,49.1125569,35.3921106,11.5133729,18.7681392,5.7583963,2.2353568,4.1757902,76.2651896,25.9312049,22.8418902,10.61643,3.7847575,7.286213,2.5847016,0.7374887,2.4825038,109.7155099,33.0937717,26.2706667,24.7756806,7.7286154,11.4819263,3.1736947,1.4978681,1.6932864,3.6977489,3.6092013,3.504203,3.9410527,3.5083348,3.8202289,4.9030481,4.8167485,3.2597931,3.8345939,3.5950614,3.8910501,3.8067354,3.8625995,4.1204306,5.2666395,4.6297119,3.5511975,3.5471666,3.6249493,3.0833816,4.0855629,3.115124,3.4750378,4.5131989,5.0157546,2.9540475,3.4927542,3.2604114,3.212149,3.9438633,3.5521551,3.8933913,4.6804306,4.1353794,2.3449546,3.5131079,3.10569,3.3922921,3.8350961,3.9768635,4.0118223,4.6424464,4.2259567,2.230774,3.4609186,3.494055
2023-09-01 00:00:00,502.4918247,149.8991598,128.9631217,105.5525545,33.9380559,54.0745308,12.7178592,6.1179442,11.2285985,258.5391607,79.7451965,65.659328,49.8307661,18.5474164,28.2723472,7.4434595,3.2514781,5.789169,243.952664,70.1539633,63.3037938,55.7217884,15.3906395,25.8021836,5.2743997,2.8664661,5.4394296,320.1004555,93.9287183,79.3261373,70.1407058,21.318145,35.5486069,8.7311153,4.4967607,6.6102663,187.2509835,53.5340372,49.3291003,38.4123738,13.6023623,20.5343849,5.419661,2.4462379,3.9728262,132.849472,40.3946811,29.997037,31.728332,7.7157827,15.014222,3.3114543,2.0505228,2.63744,182.3913692,55.9704415,49.6369844,35.4118487,12.6199109,18.525924,3.9867439,1.6211835,4.6183323,71.2881772,26.2111593,16.3302277,11.4183923,4.9450541,7.7379623,2.0237985,0.8052402,1.8163428,111.103192,29.7592822,33.3067567,23.9934564,7.6748568,10.7879616,1.9629454,0.8159433,2.8019895,3.4502683,3.308731,3.4342524,3.5878833,3.4325294,3.3314404,4.2537564,4.1985096,4.013897,3.4056518,3.3372768,3.3827864,3.2961247,3.5932363,3.2832174,4.8665207,4.3118929,4.0339793,3.4988465,3.2768699,3.4893144,3.8963053,3.2569833,3.3859331,3.6119319,4.0769062,3.9927419,3.1884744,2.9303709,3.1216398,3.4618471,3.2861807,3.2195994,4.5258947,3.8569011,3.2353556,3.0810617,2.7864438,3.203585,3.1678997,3.3495427,2.937754,4.4912989,3.7724136,3.506554,3.3532471,3.1457067
2023-10-01 00:00:00,532.6954156,154.021964,137.256567,118.7156457,33.8868098,60.4271466,11.6479146,6.00383,10.735538,287.6952329,79.9320151,77.0348476,61.4498455,18.5587303,34.7600168,6.0725711,2.821207,7.0659995,245.0001827,74.0899489,60.2217194,57.2658002,15.3280796,25.6671298,5.5753435,3.182623,3.6695384,350.7931943,103.3221426,90.5238158,73.1366846,23.9130062,42.3099253,6.7289204,4.2005583,6.658141,210.4696524,60.3627711,54.9365792,42.3376161,13.7482094,28.1223531,4.6758237,2.0411567,4.2451431,140.3235419,42.9593715,35.5872366,30.7990685,10.1647968,14.1875723,2.0530968,2.1594016,2.4129979,181.9022212,50.6998214,46.7327512,45.5789611,9.9738036,18.1172212,4.9189942,1.8032716,4.0773969,77.2255805,19.569244,22.0982684,19.1122294,4.8105208,6.6376637,1.3967474,0.7800503,2.8208564,104.6766408,31.1305774,24.6344827,26.4667317,5.1632828,11.4795576,3.5222468,1.0232214,1.2565405,3.6305483,3.3806583,3.6166455,3.9968163,3.4323296,3.67748,3.965356,4.0968435,3.8275172,3.7604175,3.3406326,3.9135345,4.0389731,3.5747248,3.954304,4.0629848,3.6838004,4.913708,3.4890524,3.4249297,3.2967251,3.9525474,3.2744063,3.3590239,3.8642223,4.5489724,2.6847407,3.4741637,3.2199162,3.5148833,3.6043168,3.6603513,3.7727079,3.5639977,3.6192297,3.2616921,3.4421508,3.1547534,3.4861273,3.4823911,3.381922,3.9667895,3.9791567,3.1569321,3.7959183,3.5233116,3.316162
2023-11-01 00:00:00,537.8573292,151.4236348,144.2060608,120.0786408,36.8835036,58.554412,10.4653722,6.745427,9.5002779,291.9197669,84.4716729,78.8782134,60.5116021,18.9134187,32.6243729,6.1371165,3.4552184,6.928152,245.9375623,66.951962,65.3278474,59.5670387,17.9700849,25.9300391,4.3282557,3.2902086,2.5721259,359.2350641,101.9352424,91.6319237,83.114216,25.6094566,37.7875309,7.0099902,5.6385811,6.5081231,212.886976,62.1697811,54.2317929,46.1721732,14.9443593,22.7773423,4.6770391,2.7878718,5.1266162,146.348088,39.7654613,37.4001308,36.9420428,10.6650972,15.0101886,2.3329511,2.8507093,1.3815069,178.6222651,49.4883924,52.574137,36.9644248,11.2740471,20.7668811,3.455382,1.1068459,2.9921548,79.0327909,22.3018917,24.6464205,14.3394289,3.9690594,9.8470306,1.4600774,0.6673466,1.8015358,99.5894742,27.1865007,27.9277166,22.624996,7.3049877,10.9198505,1.9953046,0.4394993,1.190619,3.6326381,3.2841261,3.7860402,3.9912228,3.7126712,3.5253965,3.5353809,4.5613598,3.3961757,3.7734758,3.4689495,3.9929207,3.9061497,3.6362768,3.6854853,4.0253807,4.5737593,4.8421156,3.4785348,3.0772683,3.5631352,4.081525,3.7966213,3.3427111,3.0149935,4.5484106,1.8822249,3.5086557,3.1381974,3.5266048,4.0165194,3.8598551,3.3094283,3.6657873,4.7317377,3.143634,3.4302237,3.1890852,3.4381573,3.7094707,3.6343651,3.1429608,3.8817325,4.2896871,4.5243227,3.6293714,3.0618139
2023-12-01 00:00:00,560.7018051,154.3233828,153.6870044,121.9941261,38.3375955,64.914686,10.0389268,6.4430954,10.9629881,299.4166856,81.544872,82.436281,66.3654704,20.9269466,31.8352917,5.4942564,3.4139976,7.3995699,261.2851195,72.7785108,71.2507234,55.6286557,17.4106489,33.0793944,4.5446704,3.0290978,3.5634182,363.6026209,103.3282181,100.2134387,78.5860835,24.4158238,40.7097678,5.3306636,5.0157731,6.0028521,212.26142,61.7942152,54.9158037,48.4153817,14.6189767,22.3547209,3.1770117,2.757853,4.2274573,151.3412009,41.5340029,45.2976351,30.1707018,9.7968472,18.355047,2.1536519,2.2579202,1.7753949,197.0991843,50.9951647,53.4735657,43.4080426,13.9217717,24.2049182,4.7082632,1.4273223,4.9601359,87.1552656,19.7506568,27.5204774,17.9500887,6.30797,9.4805708,2.3172447,0.6561446,3.1721126,109.9439186,31.2445079,25.9530883,25.4579539,7.6138017,14.7243474,2.3910184,0.7711776,1.7880233,3.7782649,3.3469674,4.0161889,4.0400932,3.8748586,3.9060928,3.338891,4.3222405,3.8866862,3.8693114,3.3511594,4.1491803,4.2881571,4.0476491,3.614834,3.5788623,4.4980667,5.1623862,3.6790612,3.3422829,3.8725769,3.7792711,3.6857408,4.2344439,3.0885267,4.139854,2.5686193,3.5485569,3.1836382,3.8289509,3.7795417,3.7629127,3.5812254,2.7723455,4.1778552,2.9077894,3.4122845,3.1637353,3.4498562,3.8705866,3.5672945,3.1180124,2.6545491,4.2090253,3.7525137,3.75911,3.2137177
2024-01-01 00:00:00,653.6501595,201.3087716,164.3893254,131.0991058,44.8432717,78.4997309,14.2128364,6.287356,13.0097617,355.0389525,113.7140763,89.8095435,66.4376936,23.4351404,43.5835791,7.3567059,3.1837632,7.5184506,298.611207,87.5946953,74.579782,64.6614122,21.4081313,34.9161518,6.8561305,3.1035928,5.4913111,439.6594768,142.0092756,112.7733995,84.4473853,28.2191035,50.6445601,8.1904278,4.6723105,8.7030144,252.8730249,85.9559977,63.499073,43.8517264,15.6625487,30.9109607,5.4854371,2.3076754,5.199606,186.7864519,56.053278,49.2743265,40.5956589,12.5565549,19.7335994,2.7049908,2.3646351,3.5034084,213.9906827,59.2994959,51.6159259,46.6517205,16.6241682,27.8551708,6.0224085,1.6150455,4.3067473,102.1659276,27.7580786,26.3104704,22.5859672,7.7725917,12.6726184,1.8712688,0.8760878,2.3188446,111.8247551,31.5414173,25.3054555,24.0657533,8.8515765,15.1825524,4.1511397,0.7389577,1.9879027,4.4894522,4.4597806,4.3688295,4.4224186,4.6336893,4.7878531,4.8674654,4.2940257,4.7677048,4.6614953,4.7846149,4.5792726,4.3541436,4.5903316,4.9516809,4.8967196,4.2920604,5.4654695,4.3007294,4.0985522,4.1397362,4.4948359,4.6821012,4.5979651,4.8364617,4.2960437,4.0583225,4.3651993,4.4657516,4.3601814,4.1502518,4.4222201,4.4934154,4.3817749,3.9615788,4.3362992,4.1390179,4.4913732,4.0567703,3.5894233,3.9333587,4.2824271,4.6823362,3.61251,4.827969,4.7139384,4.4270245
2024-02-01 00:00:00,604.1468369,178.7088108,161.8913869,131.130105,35.398239,63.4634853,13.0056959,6.8190771,13.7300369,314.054282,92.1706773,85.5620318,68.9743152,18.1645834,30.4158923,7.1827421,3.7881877,7.7958522,290.0925549,86.5381335,76.3293551,62.1557898,17.2336556,33.047593,5.8229537,3.0308894,5.9341846,380.6896541,112.6471539,105.3048125,80.4191558,22.1611813,39.1377504,8.5432062,4.7848479,7.6915462,215.9023739,61.164575,61.5661816,46.1704625,11.9841582,21.8159664,5.0965935,2.5231617,5.5812749,164.7872802,51.4825789,43.7386308,34.2486933,10.1770231,17.3217839,3.4466127,2.2616862,2.1102713,223.4571827,66.0616569,56.5865744,50.7109492,13.2370578,24.3257349,4.4624896,2.0342293,6.0384907,98.1519081,31.0061023,23.9958501,22.8038527,6.1804252,8.5999258,2.0861486,1.265026,2.2145773,125.3052747,35.0555546,32.5907243,27.9070965,7.0566326,15.725809,2.376341,0.7692033,3.8239134,4.0438254,3.882713,4.1760112,4.2880373,3.5675475,3.7747466,4.3971241,4.5219829,4.860348,4.0337176,3.8254945,4.2438855,4.4080234,3.449524,3.3972258,4.6789067,4.94171,5.4360477,4.0548254,3.9455685,4.1024623,4.1623106,3.7010159,4.2048001,4.0930601,4.0880097,4.266726,3.6886792,3.4668286,3.9932117,3.8124115,3.4082637,3.3964928,4.4782019,4.0108082,3.6261717,3.4654267,3.1658769,3.8363401,3.6668003,2.9077752,3.0194591,4.282408,3.8864316,4.8266839,4.028728,3.9082173
2024-03-01 00:00:00,613.601968,185.1828731,167.5221382,135.9902255,39.7863339,59.1666361,11.0387394,6.048798,8.8662238,322.3797212,98.4272914,88.5672997,73.2617762,19.2341442,28.2249297,5.7849408,3.2402577,5.6390817,291.2222468,86.7555817,78.9548385,62.7284493,20.5521898,30.9417064,5.2537986,2.8085404,3.2271421,395.4739748,115.9885372,109.0023045,90.1845368,26.6261263,37.8806654,5.5437262,4.5954121,5.6526663,227.0433963,62.6394393,65.0833544,54.2406728,14.5662793,20.6786844,3.5142524,2.3861653,3.9345483,168.4305785,53.3490979,43.9189501,35.943864,12.059847,17.2019809,2.0294738,2.2092469,1.718118,218.1279932,69.1943358,58.5198337,45.8056887,13.1602076,21.2859707,5.4950132,1.4533859,3.2135575,95.3363249,35.787852,23.4839453,19.0211033,4.6678649,7.5462453,2.2706884,0.8540924,1.7045334,122.7916683,33.4064838,35.0358884,26.7845854,8.4923428,13.7397254,3.2243249,0.5992935,1.5090241,4.1232436,4.0230602,4.3378196,4.4848975,4.0361652,3.5325396,3.7345421,4.0322323,3.1872689,4.1456098,4.0794917,4.3752841,4.722507,3.6768703,3.1552959,3.8134478,4.2468323,3.9586941,4.0987644,3.9608978,4.2965502,4.2359785,4.4424288,3.9649636,3.6513524,3.8101058,2.3776508,3.865675,3.5939722,4.1450531,4.3309185,4.1885077,3.3165009,2.9673191,3.9063256,2.7084594,3.6657614,3.2518235,4.0434266,4.3715347,3.6381846,2.858869,2.9705959,3.8093712,3.5027641,4.1724023,4.1005561
2024-04-01 00:00:00,619.0524556,182.656217,172.7647198,127.2508547,42.2606149,65.6179201,11.6050007,6.1798555,10.7172729,336.4465952,101.1606079,93.1623833,69.8384222,22.344271,33.5079961,7.5296952,3.032707,5.8705124,282.6058604,81.4956091,79.6023365,57.4124324,19.9163439,32.109924,4.0753055,3.1471485,4.8467605,396.567448,120.4616642,108.1290711,84.6512777,25.4980957,39.5731072,6.8170168,4.6343547,6.8028606,237.4546532,74.9368114,64.7366313,49.11829,14.1457167,22.8962886,5.0930161,2.4635957,4.0643034,159.1127948,45.5248528,43.3924398,35.5329878,11.352379,16.6768186,1.7240006,2.170759,2.7385572,222.4850076,62.1945528,64.6356487,42.599577,16.7625192,26.0448129,4.7879839,1.5455008,3.9144124,98.991942,26.2237965,28.4257519,20.7201323,8.1985543,10.6117076,2.4366791,0.5691113,1.806209,123.4930656,35.9707563,36.2098968,21.8794447,8.5639648,15.4331054,2.3513048,0.9763895,2.1082034,4.1606272,3.9819887,4.4780321,4.1585226,4.280693,3.9509615,3.9390238,4.1439881,3.8014908,4.3265254,4.2111391,4.5975302,4.4585302,4.2618939,3.7824505,4.9230175,4.0042809,4.1181854,3.9789878,3.7300402,4.3458344,3.8438926,4.3019822,4.1435996,2.8766717,4.2881591,3.4775725,3.8941617,3.7542912,4.1543713,4.0372197,4.0618139,3.4884407,3.6480821,3.946667,3.2549051,3.8487484,3.9193119,4.0302304,3.9548306,3.5572803,3.198589,4.2962985,3.8753581,3.5709215,3.9639639,3.5109583
2024-05-01 00:00:00,589.3668403,171.5325628,169.1458171,124.2691178,37.8042319,58.4565731,12.0193413,5.8639047,10.2752915,317.7896531,93.4324853,83.1711308,71.6576522,21.2984367,32.5062063,6.7064808,2.8205335,6.1967276,271.5771872,78.1000776,85.9746863,52.6114657,16.5057952,25.9503668,5.3128605,3.0433712,4.0785639,394.3150598,117.9697781,102.7070976,89.8376957,26.5065563,38.8906859,7.3491166,4.4141414,6.6399882,226.7641116,66.4252791,55.6799223,52.9052965,15.7295143,24.2232938,4.8533355,2.43526,4.5122102,167.5509482,51.544499,47.0271754,36.9323992,10.777042,14.6673921,2.4957812,1.9788814,2.127778,195.0517805,53.5627847,66.4387194,34.4314221,11.2976757,19.5658872,4.6702247,1.4497633,3.6353033,91.0255415,27.0072061,27.4912085,18.7523557,5.5689224,8.2829126,1.8531454,0.3852735,1.6845174,104.026239,26.5555786,38.9475109,15.6790665,5.7287533,11.2829747,2.8170793,1.0644898,1.9507859,3.9359176,3.7176797,4.3449618,4.0457827,3.8659798,3.4643518,4.0402367,3.9520576,3.6117559,4.062848,3.8762672,4.0757425,4.5431927,4.0993092,3.6081006,4.3856426,3.7510291,4.274076,3.7971034,3.5442111,4.6415576,3.5207664,3.6014653,3.2996797,3.6748886,4.1586108,2.9234563,3.8415552,3.6546013999999998,3.908825,4.2682336,4.2322978,3.3546669,3.906021,3.7889326,3.1046159,3.6422591,3.4663095,3.445589,4.1753628,3.9355931,3.3260773,4.1278856,3.8439811,3.8348205,4.1487948,3.9296906
2024-06-01 00:00:00,583.846916,177.2921686,165.9941146,116.8329019,36.949256,61.5652263,10.632122,6.9074522,7.6736745,307.1776769,95.0387484,81.5620229,64.6393985,19.8345426,31.6673019,6.4890441,3.9129033,4.0337152,276.6692392,82.2534202,84.4320918,52.1935033,17.1147133,29.8979244,4.1430779,2.9945489,3.6399593,391.1192187,120.9685668,108.3472156,78.27337,24.4616746,42.1415946,6.6635027,4.8136015,5.4496928,226.7952669,68.358673,60.5946144,48.8371157,16.2310293,22.3763377,4.2694999,2.7997221,3.3282748,164.3239518,52.6098939,47.7526012,29.4362543,8.2306454,19.7652569,2.3940028,2.0138794,2.121418,192.7276974,56.3236018,57.646899,38.5595318,12.4875813,19.4236316,3.9686193,2.0938507,2.2239817,80.38241,26.6800754,20.9674085,15.8022828,3.6035134,9.2909641,2.2195442,1.1131812,0.7054404,112.3452874,29.6435264,36.6794906,22.757249,8.884068,10.1326675,1.749075,0.9806695,1.5185413,3.9058225,3.8447013,4.2711573,3.7979066,3.7692834,3.6879271,3.6263482,4.6423684,2.7162441,3.9371897,3.9418099,4.0050799,4.1156286,3.8365536,3.529746,4.3150612,5.1393995,2.8168296,3.8715767,3.7382914,4.5640636,3.4664847,3.6942151,3.8717006,2.90112,4.121536,2.6128494,3.798994,3.7523058,4.0956853,3.6963075,3.830462,3.6429148,3.6426285,4.0980262,2.5625075,3.6381327,3.5930972,3.6900156,3.8752019,4.0137748,3.0654821,3.713744,4.3369119,2.8911921,4.0458936,3.9815374
2024-07-01 00:00:00,617.6825507,181.3454431,168.3977673,133.8903777,43.5439372,59.2876761,13.5213758,6.3934367,11.3025367,346.7354114,100.2626323,89.6562561,78.4633109,24.890529,35.6318627,8.1716808,3.4713204,6.1878192,270.9471393,81.0828108,78.7415112,55.4270668,18.6534083,23.6558134,5.349695,2.9221164,5.1147175,418.9778374,124.6805108,112.6605515,90.2018394,28.4987609,41.8535212,9.2574439,4.4537426,7.3714669,250.9122398,70.8932936,66.2428822,55.9625375,18.3388522,27.186454,5.5707515,2.4028698,4.314599,168.0655976,53.7872172,46.4176694,34.2393019,10.1599087,14.6670672,3.6866924,2.0508729,3.0568678,198.7047133,56.6649323,55.7372157,43.6885383,15.0451763,17.4341549,4.2639318,1.9396941,3.9310699,95.8231716,29.3693387,23.4133739,22.5007734,6.5516768,8.4454087,2.6009293,1.0684506,1.8732202,102.8815417,27.2955936,32.3238418,21.1877649,8.4934995,8.9887462,1.6630026,0.8712435,2.0578497,4.1217628,3.9041213,4.3137345,4.3972848,4.4085227,3.524231,4.6776692,4.2673827,3.9879649,4.4298965,4.1457016,4.3570328,5.0347719,4.790953,3.9580177,5.4367796,4.5166437,4.2500663,3.7848568,3.641712,4.2654704,3.7289123,3.9841547,3.0248786,3.8553985,4.004828,3.7110856,4.0270774,3.8279101,4.1687492,4.2645503,4.4379966,3.587494,4.985383,3.742341,3.4172821,3.9903066,3.6992915,3.9633063,4.4459187,4.5435034,3.6916747,4.7678147,3.7452587,3.5821979,4.0832529,4.0117524
2024-08-01 00:00:00,619.2079088,188.2645427,170.2565816,124.5641797,35.7553716,68.4602903,14.6799707,6.1967165,11.0302557,336.0585304,103.5617748,85.9933098,72.09822,19.6500667,36.6953135,9.348647,3.4461032,5.2650954,283.1493784,84.7027678,84.2632718,52.4659597,16.105305,31.7649768,5.3313237,2.7506133,5.7651604,416.6687277,130.2828842,115.888619,82.5395077,23.5948223,42.5036678,9.9439579,4.4124153,7.5028535,245.4773873,76.6334946,61.6538822,52.7386154,16.1460232,24.9800073,6.6733677,2.4260577,4.2259392,171.1913405,53.6493896,54.2347369,29.8008923,7.4487991,17.5236605,3.2705902,1.9863576,3.2769143,202.5391811,57.9816585,54.3679625,42.024672,12.1605494,25.9566226,4.7360128,1.7843012,3.5274022,90.5811431,26.9282802,24.3394276,19.3596046,3.5040434,11.7153062,2.6752793,1.0200455,1.0391562,111.958038,31.0533783,30.0285349,22.6650674,8.6565059,14.2413163,2.0607335,0.7642557,2.488246,4.141448,4.0799189,4.3707104,4.0829471,3.6495066,4.0533019,5.0365731,4.1565818,3.9177657,4.304359,4.2933053,4.1915986,4.6207124,3.8083658,4.0984568,6.1605272,4.4827143,3.6716453,3.963411,3.8461924,4.5700013,3.5199935,3.4727629,4.0023614,3.8158106,3.8093625,4.1732449,4.0547717,4.0433074,4.3476091,3.9488113,3.7955006,3.660723,5.4412366,3.6939323,3.5210149,3.9603984,4.0417144,3.7749761,4.240571,4.0655006,3.4252656,5.85217,3.7164945,3.5334424,4.1982234,4.0455849
2024-09-01 00:00:00,583.6867143,172.4153619,168.0511995,116.1295865,39.9148716,59.9160628,11.8068401,5.8356983,9.6170936,306.158112,92.9121223,80.3401006,64.414157,22.6458473,30.393977,6.3670199,2.930178,6.1547101,277.5286023,79.5032397,87.7110989,51.7154296,17.2690243,29.5220858,5.4398202,2.9055203,3.4623836,379.871791,115.4457029,102.8480243,76.875994,27.273283,38.7164406,8.1674678,3.9441861,6.6006923,223.3599722,64.5952543,59.988681,47.766023,17.376363,22.1040196,4.8976293,2.0619552,4.5700469,156.5118188,50.8504487,42.8593434,29.109971,9.89692,16.612421,3.2698385,1.8822309,2.0306453,203.8149234,56.969659,65.2031752,39.2535926,12.6415885,21.1996222,3.6393723,1.8915121,3.0164014,82.7981398,28.316868,20.3514196,16.648134,5.2694843,8.2899574,1.4693905,0.8682228,1.5846631,121.0167836,28.652791,44.8517556,22.6054586,7.3721043,12.9096648,2.1699817,1.0232894,1.4317382,3.8910984,3.7186768,4.2895349,3.8040744,4.0291461,3.567845,4.0526591,3.927275,3.3898226,3.9059608,3.8296479,3.908612,4.1239341,4.3452209,3.3703649,4.2280884,3.8516782,4.2432595,3.8748334,3.5968722,4.7099822,3.4689494,3.6782784,3.7968866,3.864963,4.0065793,2.4970642,3.6907869,3.5810231,3.855565,3.6846322,4.2594666,3.3424567,4.4044879,3.4265154,3.0624838,3.5830725,3.3807331,3.6490879,3.8442134,4.2802058,3.0206911,4.2421764,3.2786001,3.7918956,3.8562262,3.8724576
2024-10-01 00:00:00,590.8091898,180.2743623,166.8938631,111.6455461,39.3423678,66.3836825,11.4557666,6.3638781,8.4497233,311.2669456,90.8213919,85.7085719,61.9653218,20.1384704,37.1485885,6.6309082,3.1266759,5.727017,279.5422442,89.4529703,81.1852912,49.6802243,19.2038973,29.235094,4.8248584,3.2372023,2.7227063,387.2694273,118.8666317,109.8845595,71.6448063,25.1600324,45.2540389,7.0518625,4.430547,4.9769489,220.6225413,63.0422648,61.230523,43.5919756,14.6722478,27.6258082,4.4213725,2.6504074,3.3879421,166.646886,55.824367,48.6540365,28.0528308,10.4877846,17.6282307,2.63049,1.7801396,1.5890068,203.5397626,61.4077306,57.0093036,40.0007398,14.1823354,21.1296436,4.4039041,1.9333312,3.4727745,90.6444043,27.7791272,24.4780489,18.3733462,5.4662226,9.5227803,2.2095357,0.4762685,2.339075,112.8953582,33.6286034,32.5312547,21.6273936,8.7161128,11.6068633,2.1943684,1.4570626,1.1336995,3.9322561,3.9068622,4.2625154,3.610241,3.9502119,3.9341211,3.9758972,4.2564166,3.0011122,3.9629575,3.771457,4.1544051,3.9173426,3.8555181,4.0849047,4.413959,4.1161202,3.9920427,3.8986253,4.0546621,4.3829273,3.2886707,4.0546427,3.7578622,3.4986958,4.4013116,1.9716576,3.7585741,3.7053413,4.1325343,3.3824002,3.8856444,3.8983306,3.8963751,3.8314752,2.3313489,3.5315303,3.3360783,3.7071118,3.4485869,3.5809149,3.7547423,3.8476993,4.1772165,2.8735293,4.1082416,4.2346722
2024-11-01 00:00:00,548.7839109,171.8808102,154.069114,111.6583947,36.2529544,51.7413401,10.4096392,5.3302955,7.4413628,297.9158181,92.2338517,87.4083918,58.9931143,19.8892716,25.8643494,5.8909158,2.8996007,4.7363229,250.8680928,79.6469586,66.6607223,52.6652804,16.3636828,25.8769907,4.5187234,2.4306948,2.7050399,369.06458,115.3157006,103.3777185,73.9861827,23.9098321,38.3389361,5.6092122,4.0634814,4.4635166,217.3296164,63.4230224,65.136973,43.6427359,14.3312961,21.6997692,3.6703163,2.2932418,3.1322616,151.7349636,51.8926782,38.2407455,30.3434468,9.5785359,16.6391668,1.9388959,1.7702395,1.3312549,179.719331,56.5651097,50.6913955,37.672212,12.3431224,13.402404,4.800427,1.2668142,2.9778462,80.5862017,28.8108293,22.2714188,15.3503784,5.5579755,4.1645801,2.2205995,0.6063589,1.6040612,99.1331292,27.7542804,28.4199767,22.3218336,6.7851469,9.2378239,2.5798275,0.6604553,1.3737849,3.6372708,3.6908058,3.9267102,3.6077788,3.6720904,3.0388181,3.5829636,3.6165219,2.6166429,3.7738833,3.7986384,4.2380664,3.6962053,3.8137022,2.8246399,3.9009683,3.8766219,3.2762648,3.4873555,3.5733385,3.5816781,3.5136205,3.5135162,3.2880094,3.2387661,3.3485144,1.9346427,3.5377886,3.5151922,3.8797885,3.4471745,3.6391981,3.2734797,3.0973133,3.5108359,2.0690894,3.433565,3.2796238,3.9207329,3.4060612,3.4929159,2.9074628,3.2029047,3.6203548,2.6441734,3.6985903,3.8534804
2024-12-01 00:00:00,576.6772844,168.7132843,173.534121,113.1219332,41.0623315,53.7828248,11.6311064,6.1214592,8.7102239,313.9063997,92.4831768,89.7434067,60.2691348,25.6890857,29.4457097,6.7737075,3.7079405,5.794238,262.7708847,76.2301075,83.7907143,52.8527984,15.3732458,24.3371151,4.8573989,2.4135187,2.9159859,395.0414868,111.7541439,114.8135071,80.2455969,28.8014779,42.6791225,7.1459085,4.1686884,5.4330416,225.4565299,65.7552336,60.0450316,43.6246763,20.1180443,24.897348,4.5834443,2.6315547,3.801197,169.5849568,45.9989102,54.7684755,36.6209205,8.6834336,17.7817745,2.5624642,1.5371337,1.6318446,181.6357976,56.9591404,58.7206139,32.8763364,12.2608536,11.1037023,4.4851979,1.9527709,3.2771823,88.4498697,26.7279431,29.698375,16.6444585,5.5710414,4.5483616,2.1902632,1.0763858,1.993041,93.1859279,30.2311973,29.0222389,16.2318779,6.6898121,6.5553406,2.2949347,0.8763851,1.2841413,3.7881185,3.583086,4.3929605,3.628723,4.0992452,3.1325317,3.9578302,4.1105544,3.049582,3.9422709,3.7616715,4.3387946,3.7214628,4.8997229,3.2118819,4.4180288,4.8950573,3.9692939,3.6190653,3.3879496,4.4524949,3.5284546,3.2201483,3.0416145,3.4558422,3.2984246,2.0881613,3.7546717,3.3907857,4.2925082,3.6961584,4.3254376,3.5680576,3.8677909,3.5482327,2.5214827,3.5563202,3.3630588,3.6803388,3.3946535,4.8027036,3.3168907,3.9609862,4.1272892,3.2000655,4.0553773,3.4312246
2025-01-01 00:00:00,680.5689922,202.3703936,202.4201891,130.3675134,47.5212694,69.314895,11.3137248,6.8819115,10.3790955,358.4351012,104.3386855,105.6256263,64.6278024,25.8835471,40.8720276,7.4590069,3.7394608,5.8889445,322.133891,98.031708,96.7945628,65.7397109,21.6377223,28.4428674,3.8547178,3.1424507,4.490151,470.1594497,137.8165108,136.6921424,96.4954964,30.615512,49.1921217,7.9680593,4.9297249,6.4498822,274.145257,76.7388068,77.1350172,56.3149624,20.1699972,31.2532448,5.6665079,2.8633731,4.0033476,196.0141927,61.0777041,59.5571252,40.180534,10.4455148,17.9388769,2.3015514,2.0663518,2.4465345,210.4095425,64.5538828,65.7280467,33.8720169,16.9057573,20.1227733,3.3456655,1.9521866,3.9292133,84.2898442,27.5998788,28.4906091,8.31284,5.7135499,9.6187828,1.792499,0.8760877,1.8855968,126.1196983,36.954004,37.2374376,25.5591769,11.1922075,10.5039905,1.5531665,1.0760989,2.0436165,4.5247994,4.3574001,5.1849625,4.2486432,4.7265062,4.0935402,3.8413188,4.6541047,3.666917,4.5582947,4.3114294,5.1784437,4.0645398,4.9217021,4.4693035,4.8453522,4.9191337,4.1129233,4.4881034,4.4074178,5.1920948,4.4466476,4.5124255,3.652283,2.7419006,4.3736945,3.2103364,4.4978992,4.1997621,5.1411489,4.4954279,4.6193578,4.1453198,4.2408206,4.2600919,3.0286749,4.3499282,3.9490114,4.7841167,4.3985351,4.9087278,4.1243311,4.7860255,4.4720446,3.4714157,4.7225806,4.5638602
2025-02-01 00:00:00,667.7755041,201.7630513,197.4509088,137.5028417,41.0238644,62.5281087,11.8105777,6.9112183,8.7849332,356.3342916,105.9774911,109.2007483,65.0625058,25.115829,35.6329002,6.5023456,4.2105991,4.6318726,311.4412125,95.7855602,88.2501605,72.4403359,15.9080355,26.8952086,5.3082321,2.7006192,4.1530606,442.8442799,130.2530519,135.4599512,92.0769111,26.8793512,39.2336533,8.3714572,5.1242445,5.4456594,256.743907,74.138638,80.4226448,45.9555885,17.8680208,26.8554391,4.9198689,3.3790967,3.2046101,186.1003729,56.1144139,55.0373065,46.1213226,9.0113304,12.3782142,3.4515883,1.7451478,2.2410493,224.9312243,71.5099994,61.9909575,45.4259306,14.1445132,23.2944555,3.4391204,1.7869737,3.3392738,99.5903846,31.8388531,28.7781035,19.1069174,7.2478081,8.7774611,1.5824767,0.8315023,1.4272625,125.3408396,39.6711463,33.212854,26.3190133,6.8967051,14.5169944,1.8566438,0.9554714,1.9120113,4.3895383,4.3120973,4.9833104,4.4160096,4.0705115,3.6263795,4.0572336,4.5779108,3.0959946,4.489123,4.3487393,5.2598283,4.0548482,4.7750569,3.8633235,4.3178581,5.4214014,3.227979,4.2808842,4.2722693,4.6789354,4.7999979,3.3014427,3.3538552,3.7779034,3.6842075,2.9609697,4.2076849,3.9568207,5.0492726,4.234172,4.0249777,3.313794,4.5330845,4.2660338,2.4881769,4.0571519,3.8256783,4.8994972,3.6020648,4.3178394,3.5365073,4.2805839,5.1028024,2.7009102,4.434685,4.1445273
2025-03-01 00:00:00,654.3009739,206.9801312,180.6882494,134.0930729,42.053462,65.0014564,11.4068844,5.6996628,8.3780549,348.6237271,111.7426803,100.7430636,58.5584107,25.8423339,37.7355133,6.4730774,3.2772042,4.2514437,305.6772468,95.2374509,79.9451857,75.5346621,16.2111281,27.2659431,4.933807,2.4224585,4.1266113,447.2659527,145.7797553,117.3904271,95.8451621,27.2192024,44.0227563,6.9910453,3.9427035,6.0749007,250.8584205,84.1106549,70.1007186,40.6228039,18.0402588,28.6412144,4.0704082,2.2566427,3.015719,196.4075322,61.6691003,47.2897085,55.2223583,9.1789435,15.3815419,2.9206371,1.6860608,3.0591817,207.0350212,61.2003759,63.2978222,38.2479107,14.8342596,20.9787001,4.4158391,1.7569592,2.3031542,97.7653066,27.6320253,30.642345,17.9356069,7.802075,9.0942989,2.4026692,1.0205615,1.2357246,109.2697146,33.5683506,32.6554772,20.3123039,7.0321846,11.8844012,2.0131699,0.7363977,1.0674296,4.3050092,4.4177228,4.575788,4.3232444,4.1463073,3.7794769,3.8651425,3.7893923,2.9574945,4.3917411,4.5943914,4.8779087,3.6447588,4.836689,4.0753942,4.2145506,4.2437869,2.9724636,4.2101813,4.2270116,4.2445068,5.052385,3.3777344,3.4343528,3.4859723,3.3099386,2.9422295,4.2931162,4.4881801,4.4220501,4.4864237,4.1045698,3.6729842,3.7880858,3.3030709,2.8451976,3.9821781,4.3616135,4.3192276,3.1914577,4.357006,3.7518266,3.4764852,3.4751787,2.6046999,4.7686961,4.6731341
2025-04-01 00:00:00,631.1982119,180.7961218,174.0375827,134.9882867,41.2800216,72.3999308,10.3003559,6.153857,11.2420554,330.7251535,92.3136828,98.6089053,60.8278351,26.3978077,37.9367345,5.6323705,3.4763491,5.5314685,300.4730584,88.482439,75.4286774,74.1604517,14.8822139,34.4631963,4.6679854,2.6775079,5.7105869,442.4416274,130.0958344,122.7537265,93.2159082,27.8381466,49.4193502,6.6686183,4.1077644,8.3422787,247.7000533,73.3458009,70.8597858,44.6567241,19.52764,28.8551014,3.9293883,2.3931585,4.1324544,194.741574,56.7500336,51.8939407,48.5591841,8.3105067,20.5642488,2.73923,1.7146059,4.2098243,188.7565845,50.7002874,51.2838561,41.7723785,13.441875,22.9805806,3.6317376,2.0460926,2.8997768,83.0251001,18.967882,27.7491195,16.171111,6.8701677,9.0816331,1.7029822,1.0831906,1.3990141,105.7314844,31.7324054,23.5347367,25.6012675,6.5717073,13.8989475,1.9287554,0.962902,1.5007626,4.1416758,3.8522024,4.3946707,4.3093136,4.09618,4.2205245,3.5313308,4.0954176,3.8895576,4.1707138,3.803033,4.7809656,3.7503643,5.0322855,4.1241431,3.7058737,4.5027196,3.8345511,4.1101782,3.9048745,3.9748151,4.9094687,3.0799297,4.3319664,3.3414389,3.6649839,3.9443646,4.232225,4.0101962,4.586749,4.3209535,4.1951246,4.1311202,3.6442306,3.4926781,3.8628052,3.9383453,3.8144232,4.3603073,3.4787913,4.7721326,3.8220475,3.4187746,3.6988065,3.6251783,4.6760395,4.2951055
2025-05-01 00:00:00,618.8646777,191.8231956,171.123115,117.5137435,43.2813452,65.5450458,11.7897367,6.020396,11.7681,333.7845223,100.6766476,96.2237083,66.6426849,22.6188972,33.2325558,6.2822529,3.2066679,4.9011077,285.0801554,91.146548,74.8994066,50.8710586,20.662448,32.31249,5.5074837,2.8137281,6.8669923,417.1028884,125.965031,117.6243504,80.805564,27.7129385,44.8555856,7.9705451,4.2116937,7.95718,248.5739526,76.6878658,70.5035419,49.3706444,16.3933216,24.870001,4.5209693,2.4127825,3.8148261,168.5289358,49.2771653,47.1208086,31.4349196,11.3196169,19.9855846,3.4495758,1.7989112,4.1423538,201.7617894,65.8581646,53.4987645,36.7081795,15.5684066,20.6894602,3.8191916,1.8087023,3.81092,85.2105698,23.9887818,25.7201665,17.2720405,6.2255756,8.3625548,1.7612836,0.7938853,1.0862816,116.5512196,41.8693828,27.7785981,19.436139,9.3428311,12.3269053,2.057908,1.0148169,2.7246384,4.0393652,4.0768206,4.3131361,3.7268951,4.2312065,3.7709838,3.9601556,3.983511,4.1274409,4.2006742,4.1164726,4.682585,4.1119005,4.2960272,3.5971569,4.0679915,4.1306264,3.4468073,3.8655645,4.0339012,3.9161861,3.3196981,4.1624545,3.9682009,3.8439251,3.828129,4.804583,3.9596544,3.8502852,4.395826,3.6978005,4.1336012,3.6901774,4.3337296,3.5402133,3.7474706,3.9328764,3.9607952,4.3362876,3.8352957,3.9800788,3.2573431,3.9066519,3.7062148,3.3214465,3.9998233,3.6900591
2025-06-01 00:00:00,639.4833266,203.1039892,171.2452418,125.3187409,44.1757201,69.7827197,10.7056224,5.7955399,9.3557525,351.4303457,105.0909227,98.6914437,69.323824,25.5220862,38.7713391,6.4690636,3.243851,4.3178153,288.0529809,98.0130665,72.5537981,55.9949169,18.6536339,31.0113806,4.2365588,2.5516889,5.0379372,432.3897549,132.9046917,116.4404266,84.3742324,29.0563795,50.552659,8.0156264,4.3816221,6.6641172,265.1929416,79.7307844,73.1784825,53.0478722,18.1690014,30.6578427,4.4690748,2.7621268,3.1777567,167.1968133,53.1739072,43.2619441,31.3263601,10.8873781,19.8948164,3.5465516,1.6194953,3.4863605,207.0935717,70.1992976,54.8048152,40.9445085,15.1193407,19.2300607,2.689996,1.4139178,2.6916353,86.2374041,25.3601383,25.5129612,16.2759518,7.3530849,8.1134965,1.9999889,0.4817242,1.1400586,120.8561676,44.8391593,29.291854,24.6685568,7.7662558,11.1165642,0.6900071,0.9321936,1.5515767,4.184013,4.3308802,4.3075671,3.9794633,4.316397,4.0638468,3.6308191,3.8717657,3.2876568,4.4151638,4.2933233,4.7775708,4.2627093,4.8067979,4.2136222,4.2564374,4.2035247,3.0933767,3.9328135,4.371886,3.7991709,3.6769788,3.787682,3.8909334,2.9653006,3.5187228,3.474692,4.1176543,4.0761144,4.3460852,3.8862111,4.354553,4.1885064,4.2913723,3.6724758,3.1781512,4.1945255,4.1077127,4.5159292,4.077914,4.4249588,4.0410829,3.8933269,4.2326769,2.8694602,4.0013434,4.0296353
2025-07-01 00:00:00,637.1246761,184.4624974,173.5107678,134.0816471,44.2557622,69.1962242,12.2608561,6.8781132,12.4788081,345.4268919,94.6589891,97.9463232,77.7567876,22.8450092,37.0152003,6.5796769,3.9015513,4.7233543,291.6977842,89.8035082,75.5644446,56.3248595,21.410753,32.1810239,5.6811792,2.9765618,7.7554539,434.7969085,121.118204,121.9877012,92.6367685,30.2920371,47.9164563,7.9623787,5.203116,7.6802468,254.6569695,62.3602908,73.8718657,60.6615456,17.5295036,29.246167,4.8529621,2.987542,3.1470928,180.1399389,58.7579131,48.1158355,31.975223,12.7625335,18.6702893,3.1094165,2.2155741,4.533154,202.3277676,63.3442934,51.5230666,41.4448786,13.9637252,21.2797679,4.2984774,1.6749971,4.7985614,90.7699223,32.2986983,24.0744575,17.095242,5.3155056,7.7690333,1.7267147,0.9140094,1.5762615,111.5578453,31.0455951,27.4486091,24.3496365,8.6482196,13.5107346,2.5717626,0.7609878,3.2222999,4.1733361,3.9313154,4.3768998,4.2826393,4.3207386,4.0156749,4.1558551,4.5925874,4.3456185,4.3603389,3.8758378,4.773688,4.8477619,4.299438,4.0016347,4.3564546,5.0602866,3.3863716,3.9716296,3.9915381,3.9511992,3.6889698,4.3437001,4.0319464,3.9454486,4.0963281,5.2516289,4.0998536,3.6584481,4.4752498,4.2740338,4.4921918,3.9616018,4.2854319,4.3843297,3.6065968,4.0148253,3.1948138,4.5540796,4.6548553,4.2554405,3.8434732,4.2491145,4.5898923,2.7718375,4.2263891,4.3244992
2025-08-01 00:00:00,646.7373019,197.8148176,168.2321625,133.7656452,47.819323,68.3045542,10.81505,6.8612064,13.124543,346.9584683,106.8563527,93.6032166,71.6359179,26.0034917,33.0807007,5.7397857,3.1957892,6.8432138,299.7788336,90.9584648,74.6289459,62.1297273,21.8158313,35.2238535,5.0752643,3.6654172,6.2813292,442.740615,131.1357859,118.9868039,91.397033,35.7976374,43.9245584,7.936763,4.7396731,8.8223603,259.2604065,76.8889452,69.9672576,53.8020065,20.3655848,26.9608522,4.4559326,2.0983961,4.7214316,183.4802086,54.2468407,49.0195463,37.5950266,15.4320526,16.9637062,3.4808304,2.641277,4.1009287,203.9966869,66.6790317,49.2453586,42.3686122,12.0216856,24.3799958,2.8782871,2.1215333,4.3021827,87.6980619,29.9674075,23.635959,17.8339115,5.6379069,6.1198485,1.2838532,1.0973931,2.1217822,116.298625,36.7116241,25.6093996,24.5347007,6.3837787,18.2601473,1.5944339,1.0241402,2.1804005,4.2576349,4.2601189,4.2358224,4.2995135,4.6556633,3.9990087,3.6601677,4.5504267,4.6475747,4.394999,4.4241603,4.5361264,4.4853143,4.870336,3.6124763,3.7505504,4.1265636,4.9466259,4.108998,4.0822974,3.9110681,4.1035195,4.4232711,4.4457588,3.5630607,4.9980271,4.3603843,4.2452013,4.0584841,4.4490732,4.2579801,5.3370996,3.709044,4.159488,4.0746918,4.1029307,4.1246005,4.0350609,4.3363578,4.1515273,4.9032136,3.5538562,3.7713425,3.257581,4.1353713,4.4281537,4.0921537
